instance_id,filename,rel_path,motif_name,motif_folder,all_motifs_dir,origin_images,Source Workshop,year_collected,image_type,image_resolution,color_profile,annotator_initials
3,GunungRinggit_00004.jpg,Batik_Lasem/motifs (isen-isen)/Gunung Ringgit/all_motifs (864)/GunungRinggit_00004.jpg,Gunung Ringgit,Gunung Ringgit,all_motifs (864),Gunung Ringgit Bouquet.jpg,Pesona Canting,2021,raw (crop),28 x 28,sRGB IEC61966-2.1,VJB
4,GunungRinggit_00005.jpg,Batik_Lasem/motifs (isen-isen)/Gunung Ringgit/all_motifs (864)/GunungRinggit_00005.jpg,Gunung Ringgit,Gunung Ringgit,all_motifs (864),Gunung Ringgit Bouquet.jpg,Pesona Canting,2021,raw (crop),28 x 28,sRGB IEC61966-2.1,VJB
7,GunungRinggit_00008.jpg,Batik_Lasem/motifs (isen-isen)/Gunung Ringgit/all_motifs (864)/GunungRinggit_00008.jpg,Gunung Ringgit,Gunung Ringgit,all_motifs (864),Gunung Ringgit Bouquet.jpg,Pesona Canting,2021,raw (crop),28 x 28,sRGB IEC61966-2.1,VJB
11,GunungRinggit_00012.jpg,Batik_Lasem/motifs (isen-isen)/Gunung Ringgit/all_motifs (864)/GunungRinggit_00012.jpg,Gunung Ringgit,Gunung Ringgit,all_motifs (864),Gunung Ringgit Bouquet.jpg,Pesona Canting,2021,raw (crop),28 x 28,sRGB IEC61966-2.1,VJB
12,GunungRinggit_00013.jpg,Batik_Lasem/motifs (isen-isen)/Gunung Ringgit/all_motifs (864)/GunungRinggit_00013.jpg,Gunung Ringgit,Gunung Ringgit,all_motifs (864),Gunung Ringgit Bouquet.jpg,Pesona Canting,2021,raw (crop),28 x 28,sRGB IEC61966-2.1,VJB
13,GunungRinggit_00014.jpg,Batik_Lasem/motifs (isen-isen)/Gunung Ringgit/all_motifs (864)/GunungRinggit_00014.jpg,Gunung Ringgit,Gunung Ringgit,all_motifs (864),Gunung Ringgit Bouquet.jpg,Pesona Canting,2021,raw (crop),28 x 28,sRGB IEC61966-2.1,VJB
15,GunungRinggit_00016.jpg,Batik_Lasem/motifs (isen-isen)/Gunung Ringgit/all_motifs (864)/GunungRinggit_00016.jpg,Gunung Ringgit,Gunung Ringgit,all_motifs (864),Gunung Ringgit Bouquet.jpg,Pesona Canting,2021,raw (crop),28 x 28,sRGB IEC61966-2.1,VJB
16,GunungRinggit_00017.jpg,Batik_Lasem/motifs (isen-isen)/Gunung Ringgit/all_motifs (864)/GunungRinggit_00017.jpg,Gunung Ringgit,Gunung Ringgit,all_motifs (864),Gunung Ringgit Bouquet.jpg,Pesona Canting,2021,raw (crop),28 x 28,sRGB IEC61966-2.1,VJB
17,GunungRinggit_00018.jpg,Batik_Lasem/motifs (isen-isen)/Gunung Ringgit/all_motifs (864)/GunungRinggit_00018.jpg,Gunung Ringgit,Gunung Ringgit,all_motifs (864),Gunung Ringgit Bouquet.jpg,Pesona Canting,2021,raw (crop),28 x 28,sRGB IEC61966-2.1,VJB
20,GunungRinggit_00021.jpg,Batik_Lasem/motifs (isen-isen)/Gunung Ringgit/all_motifs (864)/GunungRinggit_00021.jpg,Gunung Ringgit,Gunung Ringgit,all_motifs (864),Gunung Ringgit Bouquet.jpg,Pesona Canting,2021,raw (crop),28 x 28,sRGB IEC61966-2.1,VJB
21,GunungRinggit_00022.jpg,Batik_Lasem/motifs (isen-isen)/Gunung Ringgit/all_motifs (864)/GunungRinggit_00022.jpg,Gunung Ringgit,Gunung Ringgit,all_motifs (864),Gunung Ringgit Bouquet.jpg,Pesona Canting,2021,raw (crop),28 x 28,sRGB IEC61966-2.1,VJB
26,GunungRinggit_00027.jpg,Batik_Lasem/motifs (isen-isen)/Gunung Ringgit/all_motifs (864)/GunungRinggit_00027.jpg,Gunung Ringgit,Gunung Ringgit,all_motifs (864),Gunung Ringgit Bouquet.jpg,Pesona Canting,2021,raw (crop),28 x 28,sRGB IEC61966-2.1,VJB
28,GunungRinggit_00029.jpg,Batik_Lasem/motifs (isen-isen)/Gunung Ringgit/all_motifs (864)/GunungRinggit_00029.jpg,Gunung Ringgit,Gunung Ringgit,all_motifs (864),Gunung Ringgit Bouquet.jpg,Pesona Canting,2021,raw (crop),28 x 28,sRGB IEC61966-2.1,VJB
29,GunungRinggit_00030.jpg,Batik_Lasem/motifs (isen-isen)/Gunung Ringgit/all_motifs (864)/GunungRinggit_00030.jpg,Gunung Ringgit,Gunung Ringgit,all_motifs (864),Gunung Ringgit Bouquet.jpg,Pesona Canting,2021,raw (crop),28 x 28,sRGB IEC61966-2.1,VJB
32,GunungRinggit_00033.jpg,Batik_Lasem/motifs (isen-isen)/Gunung Ringgit/all_motifs (864)/GunungRinggit_00033.jpg,Gunung Ringgit,Gunung Ringgit,all_motifs (864),Gunung Ringgit Bouquet.jpg,Pesona Canting,2021,raw (crop),28 x 28,sRGB IEC61966-2.1,VJB
33,GunungRinggit_00034.jpg,Batik_Lasem/motifs (isen-isen)/Gunung Ringgit/all_motifs (864)/GunungRinggit_00034.jpg,Gunung Ringgit,Gunung Ringgit,all_motifs (864),Gunung Ringgit Bouquet.jpg,Pesona Canting,2021,raw (crop),28 x 28,sRGB IEC61966-2.1,VJB
35,GunungRinggit_00036.jpg,Batik_Lasem/motifs (isen-isen)/Gunung Ringgit/all_motifs (864)/GunungRinggit_00036.jpg,Gunung Ringgit,Gunung Ringgit,all_motifs (864),Gunung Ringgit Bouquet.jpg,Pesona Canting,2021,raw (crop),28 x 28,sRGB IEC61966-2.1,VJB
37,GunungRinggit_00038.jpg,Batik_Lasem/motifs (isen-isen)/Gunung Ringgit/all_motifs (864)/GunungRinggit_00038.jpg,Gunung Ringgit,Gunung Ringgit,all_motifs (864),Gunung Ringgit Bouquet.jpg,Pesona Canting,2021,raw (crop),28 x 28,sRGB IEC61966-2.1,VJB
38,GunungRinggit_00039.jpg,Batik_Lasem/motifs (isen-isen)/Gunung Ringgit/all_motifs (864)/GunungRinggit_00039.jpg,Gunung Ringgit,Gunung Ringgit,all_motifs (864),Gunung Ringgit Bouquet.jpg,Pesona Canting,2021,raw (crop),28 x 28,sRGB IEC61966-2.1,VJB
41,GunungRinggit_00042.jpg,Batik_Lasem/motifs (isen-isen)/Gunung Ringgit/all_motifs (864)/GunungRinggit_00042.jpg,Gunung Ringgit,Gunung Ringgit,all_motifs (864),Gunung Ringgit Bouquet.jpg,Pesona Canting,2021,raw (crop),28 x 28,sRGB IEC61966-2.1,VJB
42,GunungRinggit_00043.jpg,Batik_Lasem/motifs (isen-isen)/Gunung Ringgit/all_motifs (864)/GunungRinggit_00043.jpg,Gunung Ringgit,Gunung Ringgit,all_motifs (864),Gunung Ringgit Peacocks.jpg,Lumintu Batik,2022,raw (crop),28 x 28,sRGB IEC61966-2.1,VJB
44,GunungRinggit_00045.jpg,Batik_Lasem/motifs (isen-isen)/Gunung Ringgit/all_motifs (864)/GunungRinggit_00045.jpg,Gunung Ringgit,Gunung Ringgit,all_motifs (864),Gunung Ringgit Peacocks.jpg,Lumintu Batik,2022,raw (crop),28 x 28,sRGB IEC61966-2.1,VJB
46,GunungRinggit_00047.jpg,Batik_Lasem/motifs (isen-isen)/Gunung Ringgit/all_motifs (864)/GunungRinggit_00047.jpg,Gunung Ringgit,Gunung Ringgit,all_motifs (864),Gunung Ringgit Peacocks.jpg,Lumintu Batik,2022,raw (crop),28 x 28,sRGB IEC61966-2.1,VJB
50,GunungRinggit_00051.jpg,Batik_Lasem/motifs (isen-isen)/Gunung Ringgit/all_motifs (864)/GunungRinggit_00051.jpg,Gunung Ringgit,Gunung Ringgit,all_motifs (864),Gunung Ringgit Peacocks.jpg,Lumintu Batik,2022,raw (crop),28 x 28,sRGB IEC61966-2.1,VJB
51,GunungRinggit_00052.jpg,Batik_Lasem/motifs (isen-isen)/Gunung Ringgit/all_motifs (864)/GunungRinggit_00052.jpg,Gunung Ringgit,Gunung Ringgit,all_motifs (864),Gunung Ringgit Peacocks.jpg,Lumintu Batik,2022,raw (crop),28 x 28,sRGB IEC61966-2.1,VJB
54,GunungRinggit_00055.jpg,Batik_Lasem/motifs (isen-isen)/Gunung Ringgit/all_motifs (864)/GunungRinggit_00055.jpg,Gunung Ringgit,Gunung Ringgit,all_motifs (864),Gunung Ringgit Peacocks.jpg,Lumintu Batik,2022,raw (crop),28 x 28,sRGB IEC61966-2.1,VJB
55,GunungRinggit_00056.jpg,Batik_Lasem/motifs (isen-isen)/Gunung Ringgit/all_motifs (864)/GunungRinggit_00056.jpg,Gunung Ringgit,Gunung Ringgit,all_motifs (864),Gunung Ringgit Peacocks.jpg,Lumintu Batik,2022,raw (crop),28 x 28,sRGB IEC61966-2.1,VJB
57,GunungRinggit_00058.jpg,Batik_Lasem/motifs (isen-isen)/Gunung Ringgit/all_motifs (864)/GunungRinggit_00058.jpg,Gunung Ringgit,Gunung Ringgit,all_motifs (864),Gunung Ringgit Peacocks.jpg,Lumintu Batik,2022,raw (crop),28 x 28,sRGB IEC61966-2.1,VJB
58,GunungRinggit_00059.jpg,Batik_Lasem/motifs (isen-isen)/Gunung Ringgit/all_motifs (864)/GunungRinggit_00059.jpg,Gunung Ringgit,Gunung Ringgit,all_motifs (864),Gunung Ringgit Peacocks.jpg,Lumintu Batik,2022,raw (crop),28 x 28,sRGB IEC61966-2.1,VJB
62,GunungRinggit_00063.jpg,Batik_Lasem/motifs (isen-isen)/Gunung Ringgit/all_motifs (864)/GunungRinggit_00063.jpg,Gunung Ringgit,Gunung Ringgit,all_motifs (864),Gunung Ringgit Peacocks.jpg,Lumintu Batik,2022,raw (crop),28 x 28,sRGB IEC61966-2.1,VJB
63,GunungRinggit_00064.jpg,Batik_Lasem/motifs (isen-isen)/Gunung Ringgit/all_motifs (864)/GunungRinggit_00064.jpg,Gunung Ringgit,Gunung Ringgit,all_motifs (864),Gunung Ringgit Peacocks.jpg,Lumintu Batik,2022,raw (crop),28 x 28,sRGB IEC61966-2.1,VJB
64,GunungRinggit_00065.jpg,Batik_Lasem/motifs (isen-isen)/Gunung Ringgit/all_motifs (864)/GunungRinggit_00065.jpg,Gunung Ringgit,Gunung Ringgit,all_motifs (864),Gunung Ringgit Peacocks.jpg,Lumintu Batik,2022,raw (crop),28 x 28,sRGB IEC61966-2.1,VJB
65,GunungRinggit_00066.jpg,Batik_Lasem/motifs (isen-isen)/Gunung Ringgit/all_motifs (864)/GunungRinggit_00066.jpg,Gunung Ringgit,Gunung Ringgit,all_motifs (864),Gunung Ringgit Peacocks.jpg,Lumintu Batik,2022,raw (crop),28 x 28,sRGB IEC61966-2.1,VJB
71,GunungRinggit_00072.jpg,Batik_Lasem/motifs (isen-isen)/Gunung Ringgit/all_motifs (864)/GunungRinggit_00072.jpg,Gunung Ringgit,Gunung Ringgit,all_motifs (864),Gunung Ringgit Peacocks.jpg,Lumintu Batik,2022,raw (crop),28 x 28,sRGB IEC61966-2.1,VJB
72,GunungRinggit_00073.jpg,Batik_Lasem/motifs (isen-isen)/Gunung Ringgit/all_motifs (864)/GunungRinggit_00073.jpg,Gunung Ringgit,Gunung Ringgit,all_motifs (864),"Temple, Lantern & Dragon with Bledak Background.jpg",Pesona Canting,2022,raw (crop),28 x 28,sRGB IEC61966-2.1,VJB
74,GunungRinggit_00075.jpg,Batik_Lasem/motifs (isen-isen)/Gunung Ringgit/all_motifs (864)/GunungRinggit_00075.jpg,Gunung Ringgit,Gunung Ringgit,all_motifs (864),"Temple, Lantern & Dragon with Bledak Background.jpg",Pesona Canting,2022,raw (crop),28 x 28,sRGB IEC61966-2.1,VJB
75,GunungRinggit_00076.jpg,Batik_Lasem/motifs (isen-isen)/Gunung Ringgit/all_motifs (864)/GunungRinggit_00076.jpg,Gunung Ringgit,Gunung Ringgit,all_motifs (864),"Temple, Lantern & Dragon with Bledak Background.jpg",Pesona Canting,2022,raw (crop),28 x 28,sRGB IEC61966-2.1,VJB
76,GunungRinggit_00077.jpg,Batik_Lasem/motifs (isen-isen)/Gunung Ringgit/all_motifs (864)/GunungRinggit_00077.jpg,Gunung Ringgit,Gunung Ringgit,all_motifs (864),"Temple, Lantern & Dragon with Bledak Background.jpg",Pesona Canting,2022,raw (crop),28 x 28,sRGB IEC61966-2.1,VJB
78,GunungRinggit_00079.jpg,Batik_Lasem/motifs (isen-isen)/Gunung Ringgit/all_motifs (864)/GunungRinggit_00079.jpg,Gunung Ringgit,Gunung Ringgit,all_motifs (864),"Temple, Lantern & Dragon with Bledak Background.jpg",Pesona Canting,2022,raw (crop),28 x 28,sRGB IEC61966-2.1,VJB
80,GunungRinggit_00081.jpg,Batik_Lasem/motifs (isen-isen)/Gunung Ringgit/all_motifs (864)/GunungRinggit_00081.jpg,Gunung Ringgit,Gunung Ringgit,all_motifs (864),"Temple, Lantern & Dragon with Bledak Background.jpg",Pesona Canting,2022,raw (crop),28 x 28,sRGB IEC61966-2.1,VJB
81,GunungRinggit_00082.jpg,Batik_Lasem/motifs (isen-isen)/Gunung Ringgit/all_motifs (864)/GunungRinggit_00082.jpg,Gunung Ringgit,Gunung Ringgit,all_motifs (864),Gunung Ringgit Blue Bouquet.jpg,Pesona Canting,2022,raw (crop),28 x 28,sRGB IEC61966-2.1,VJB
82,GunungRinggit_00083.jpg,Batik_Lasem/motifs (isen-isen)/Gunung Ringgit/all_motifs (864)/GunungRinggit_00083.jpg,Gunung Ringgit,Gunung Ringgit,all_motifs (864),Gunung Ringgit Blue Bouquet.jpg,Pesona Canting,2022,raw (crop),28 x 28,sRGB IEC61966-2.1,VJB
83,GunungRinggit_00084.jpg,Batik_Lasem/motifs (isen-isen)/Gunung Ringgit/all_motifs (864)/GunungRinggit_00084.jpg,Gunung Ringgit,Gunung Ringgit,all_motifs (864),Gunung Ringgit Blue Bouquet.jpg,Pesona Canting,2022,raw (crop),28 x 28,sRGB IEC61966-2.1,VJB
88,GunungRinggit_00089.jpg,Batik_Lasem/motifs (isen-isen)/Gunung Ringgit/all_motifs (864)/GunungRinggit_00089.jpg,Gunung Ringgit,Gunung Ringgit,all_motifs (864),Gunung Ringgit Blue Bouquet.jpg,Pesona Canting,2022,raw (crop),28 x 28,sRGB IEC61966-2.1,VJB
92,GunungRinggit_00093.jpg,Batik_Lasem/motifs (isen-isen)/Gunung Ringgit/all_motifs (864)/GunungRinggit_00093.jpg,Gunung Ringgit,Gunung Ringgit,all_motifs (864),Gunung Ringgit Bouquet.jpg,Pesona Canting,2021,raw (crop),28 x 28,sRGB IEC61966-2.1,VJB
93,GunungRinggit_00094.jpg,Batik_Lasem/motifs (isen-isen)/Gunung Ringgit/all_motifs (864)/GunungRinggit_00094.jpg,Gunung Ringgit,Gunung Ringgit,all_motifs (864),Gunung Ringgit Bouquet.jpg,Pesona Canting,2021,raw (crop),28 x 28,sRGB IEC61966-2.1,VJB
94,GunungRinggit_00095.jpg,Batik_Lasem/motifs (isen-isen)/Gunung Ringgit/all_motifs (864)/GunungRinggit_00095.jpg,Gunung Ringgit,Gunung Ringgit,all_motifs (864),Gunung Ringgit Bouquet.jpg,Pesona Canting,2021,raw (crop),28 x 28,sRGB IEC61966-2.1,VJB
95,GunungRinggit_00096.jpg,Batik_Lasem/motifs (isen-isen)/Gunung Ringgit/all_motifs (864)/GunungRinggit_00096.jpg,Gunung Ringgit,Gunung Ringgit,all_motifs (864),Gunung Ringgit Bouquet.jpg,Pesona Canting,2021,raw (crop),28 x 28,sRGB IEC61966-2.1,VJB
98,GunungRinggit_00099.jpg,Batik_Lasem/motifs (isen-isen)/Gunung Ringgit/all_motifs (864)/GunungRinggit_00099.jpg,Gunung Ringgit,Gunung Ringgit,all_motifs (864),Gunung Ringgit Bouquet.jpg,Pesona Canting,2021,raw (crop),28 x 28,sRGB IEC61966-2.1,VJB
99,GunungRinggit_00100.jpg,Batik_Lasem/motifs (isen-isen)/Gunung Ringgit/all_motifs (864)/GunungRinggit_00100.jpg,Gunung Ringgit,Gunung Ringgit,all_motifs (864),Gunung Ringgit Bouquet.jpg,Pesona Canting,2021,raw (crop),28 x 28,sRGB IEC61966-2.1,VJB
100,GunungRinggit_00101.jpg,Batik_Lasem/motifs (isen-isen)/Gunung Ringgit/all_motifs (864)/GunungRinggit_00101.jpg,Gunung Ringgit,Gunung Ringgit,all_motifs (864),Gunung Ringgit Bouquet.jpg,Pesona Canting,2021,raw (crop),28 x 28,sRGB IEC61966-2.1,VJB
102,GunungRinggit_00103.jpg,Batik_Lasem/motifs (isen-isen)/Gunung Ringgit/all_motifs (864)/GunungRinggit_00103.jpg,Gunung Ringgit,Gunung Ringgit,all_motifs (864),Gunung Ringgit Bouquet.jpg,Pesona Canting,2021,raw (crop),28 x 28,sRGB IEC61966-2.1,VJB
103,GunungRinggit_00104.jpg,Batik_Lasem/motifs (isen-isen)/Gunung Ringgit/all_motifs (864)/GunungRinggit_00104.jpg,Gunung Ringgit,Gunung Ringgit,all_motifs (864),Gunung Ringgit Bouquet.jpg,Pesona Canting,2021,raw (crop),28 x 28,sRGB IEC61966-2.1,VJB
105,GunungRinggit_00106.jpg,Batik_Lasem/motifs (isen-isen)/Gunung Ringgit/all_motifs (864)/GunungRinggit_00106.jpg,Gunung Ringgit,Gunung Ringgit,all_motifs (864),Gunung Ringgit Bouquet.jpg,Pesona Canting,2021,raw (crop),28 x 28,sRGB IEC61966-2.1,VJB
106,GunungRinggit_00107.jpg,Batik_Lasem/motifs (isen-isen)/Gunung Ringgit/all_motifs (864)/GunungRinggit_00107.jpg,Gunung Ringgit,Gunung Ringgit,all_motifs (864),Gunung Ringgit Bouquet.jpg,Pesona Canting,2021,raw (crop),28 x 28,sRGB IEC61966-2.1,VJB
107,GunungRinggit_00108.jpg,Batik_Lasem/motifs (isen-isen)/Gunung Ringgit/all_motifs (864)/GunungRinggit_00108.jpg,Gunung Ringgit,Gunung Ringgit,all_motifs (864),Gunung Ringgit Bouquet.jpg,Pesona Canting,2021,raw (crop),28 x 28,sRGB IEC61966-2.1,VJB
111,GunungRinggit_00112.jpg,Batik_Lasem/motifs (isen-isen)/Gunung Ringgit/all_motifs (864)/GunungRinggit_00112.jpg,Gunung Ringgit,Gunung Ringgit,all_motifs (864),Gunung Ringgit Bouquet.jpg,Pesona Canting,2021,raw (crop),28 x 28,sRGB IEC61966-2.1,VJB
115,GunungRinggit_00116.jpg,Batik_Lasem/motifs (isen-isen)/Gunung Ringgit/all_motifs (864)/GunungRinggit_00116.jpg,Gunung Ringgit,Gunung Ringgit,all_motifs (864),Gunung Ringgit Blue Bouquet.jpg,Pesona Canting,2022,raw (crop),28 x 28,sRGB IEC61966-2.1,VJB
117,GunungRinggit_00118.jpg,Batik_Lasem/motifs (isen-isen)/Gunung Ringgit/all_motifs (864)/GunungRinggit_00118.jpg,Gunung Ringgit,Gunung Ringgit,all_motifs (864),Gunung Ringgit Blue Bouquet.jpg,Pesona Canting,2022,raw (crop),28 x 28,sRGB IEC61966-2.1,VJB
118,GunungRinggit_00119.jpg,Batik_Lasem/motifs (isen-isen)/Gunung Ringgit/all_motifs (864)/GunungRinggit_00119.jpg,Gunung Ringgit,Gunung Ringgit,all_motifs (864),Gunung Ringgit Blue Bouquet.jpg,Pesona Canting,2022,raw (crop),28 x 28,sRGB IEC61966-2.1,VJB
119,GunungRinggit_00120.jpg,Batik_Lasem/motifs (isen-isen)/Gunung Ringgit/all_motifs (864)/GunungRinggit_00120.jpg,Gunung Ringgit,Gunung Ringgit,all_motifs (864),Gunung Ringgit Blue Bouquet.jpg,Pesona Canting,2022,raw (crop),28 x 28,sRGB IEC61966-2.1,VJB
120,GunungRinggit_00121.jpg,Batik_Lasem/motifs (isen-isen)/Gunung Ringgit/all_motifs (864)/GunungRinggit_00121.jpg,Gunung Ringgit,Gunung Ringgit,all_motifs (864),Gunung Ringgit Bouquet.jpg,Pesona Canting,2022,raw (crop),28 x 28,sRGB IEC61966-2.1,VJB
121,GunungRinggit_00122.jpg,Batik_Lasem/motifs (isen-isen)/Gunung Ringgit/all_motifs (864)/GunungRinggit_00122.jpg,Gunung Ringgit,Gunung Ringgit,all_motifs (864),Gunung Ringgit Bouquet.jpg,Pesona Canting,2022,raw (crop),28 x 28,sRGB IEC61966-2.1,VJB
122,GunungRinggit_00123.jpg,Batik_Lasem/motifs (isen-isen)/Gunung Ringgit/all_motifs (864)/GunungRinggit_00123.jpg,Gunung Ringgit,Gunung Ringgit,all_motifs (864),Gunung Ringgit Blue Bouquet.jpg,Pesona Canting,2022,raw (crop),28 x 28,sRGB IEC61966-2.1,VJB
123,GunungRinggit_00124.jpg,Batik_Lasem/motifs (isen-isen)/Gunung Ringgit/all_motifs (864)/GunungRinggit_00124.jpg,Gunung Ringgit,Gunung Ringgit,all_motifs (864),Gunung Ringgit Blue Bouquet.jpg,Pesona Canting,2022,raw (crop),28 x 28,sRGB IEC61966-2.1,VJB
125,GunungRinggit_00126.jpg,Batik_Lasem/motifs (isen-isen)/Gunung Ringgit/all_motifs (864)/GunungRinggit_00126.jpg,Gunung Ringgit,Gunung Ringgit,all_motifs (864),Gunung Ringgit Blue Bouquet.jpg,Pesona Canting,2022,raw (crop),28 x 28,sRGB IEC61966-2.1,VJB
126,GunungRinggit_00127.jpg,Batik_Lasem/motifs (isen-isen)/Gunung Ringgit/all_motifs (864)/GunungRinggit_00127.jpg,Gunung Ringgit,Gunung Ringgit,all_motifs (864),Gunung Ringgit Bouquet.jpg,Pesona Canting,2021,raw (crop),28 x 28,sRGB IEC61966-2.1,VJB
128,GunungRinggit_00129.jpg,Batik_Lasem/motifs (isen-isen)/Gunung Ringgit/all_motifs (864)/GunungRinggit_00129.jpg,Gunung Ringgit,Gunung Ringgit,all_motifs (864),Gunung Ringgit Bouquet.jpg,Pesona Canting,2021,raw (crop),28 x 28,sRGB IEC61966-2.1,VJB
130,GunungRinggit_00131.jpg,Batik_Lasem/motifs (isen-isen)/Gunung Ringgit/all_motifs (864)/GunungRinggit_00131.jpg,Gunung Ringgit,Gunung Ringgit,all_motifs (864),Gunung Ringgit Bouquet.jpg,Pesona Canting,2021,raw (crop),28 x 28,sRGB IEC61966-2.1,VJB
132,GunungRinggit_00133.jpg,Batik_Lasem/motifs (isen-isen)/Gunung Ringgit/all_motifs (864)/GunungRinggit_00133.jpg,Gunung Ringgit,Gunung Ringgit,all_motifs (864),Gunung Ringgit Bouquet.jpg,Pesona Canting,2021,raw (crop),28 x 28,sRGB IEC61966-2.1,VJB
135,GunungRinggit_00136.jpg,Batik_Lasem/motifs (isen-isen)/Gunung Ringgit/all_motifs (864)/GunungRinggit_00136.jpg,Gunung Ringgit,Gunung Ringgit,all_motifs (864),Gunung Ringgit Peacocks.jpg,Lumintu Batik,2022,raw (crop),28 x 28,sRGB IEC61966-2.1,VJB
141,GunungRinggit_00142.jpg,Batik_Lasem/motifs (isen-isen)/Gunung Ringgit/all_motifs (864)/GunungRinggit_00142.jpg,Gunung Ringgit,Gunung Ringgit,all_motifs (864),Gunung Ringgit Bouquet.jpg,Pesona Canting,2021,raw (crop),28 x 28,sRGB IEC61966-2.1,VJB
146,GunungRinggit_00147.jpg,Batik_Lasem/motifs (isen-isen)/Gunung Ringgit/all_motifs (864)/GunungRinggit_00147.jpg,Gunung Ringgit,Gunung Ringgit,all_motifs (864),Isen Cloth 1.jpg,Pesona Canting,2022,raw (crop),28 x 28,sRGB IEC61966-2.1,VJB
147,GunungRinggit_00148.jpg,Batik_Lasem/motifs (isen-isen)/Gunung Ringgit/all_motifs (864)/GunungRinggit_00148.jpg,Gunung Ringgit,Gunung Ringgit,all_motifs (864),Isen Cloth 1.jpg,Pesona Canting,2022,raw (crop),28 x 28,sRGB IEC61966-2.1,VJB
148,GunungRinggit_00149.jpg,Batik_Lasem/motifs (isen-isen)/Gunung Ringgit/all_motifs (864)/GunungRinggit_00149.jpg,Gunung Ringgit,Gunung Ringgit,all_motifs (864),Isen Cloth 1.jpg,Pesona Canting,2022,raw (crop),28 x 28,sRGB IEC61966-2.1,VJB
150,GunungRinggit_00151.jpg,Batik_Lasem/motifs (isen-isen)/Gunung Ringgit/all_motifs (864)/GunungRinggit_00151.jpg,Gunung Ringgit,Gunung Ringgit,all_motifs (864),Isen Cloth 1.jpg,Pesona Canting,2022,raw (crop),28 x 28,sRGB IEC61966-2.1,VJB
152,GunungRinggit_00153.jpg,Batik_Lasem/motifs (isen-isen)/Gunung Ringgit/all_motifs (864)/GunungRinggit_00153.jpg,Gunung Ringgit,Gunung Ringgit,all_motifs (864),Isen Cloth 1.jpg,Pesona Canting,2022,raw (crop),28 x 28,sRGB IEC61966-2.1,VJB
156,GunungRinggit_00157.jpg,Batik_Lasem/motifs (isen-isen)/Gunung Ringgit/all_motifs (864)/GunungRinggit_00157.jpg,Gunung Ringgit,Gunung Ringgit,all_motifs (864),Isen Cloth 1.jpg,Pesona Canting,2022,raw (crop),28 x 28,sRGB IEC61966-2.1,VJB
159,GunungRinggit_00160.jpg,Batik_Lasem/motifs (isen-isen)/Gunung Ringgit/all_motifs (864)/GunungRinggit_00160.jpg,Gunung Ringgit,Gunung Ringgit,all_motifs (864),Isen Cloth 2.jpg,Pusaka Beruang,2022,raw (crop),28 x 28,sRGB IEC61966-2.1,VJB
162,GunungRinggit_00163.jpg,Batik_Lasem/motifs (isen-isen)/Gunung Ringgit/all_motifs (864)/GunungRinggit_00163.jpg,Gunung Ringgit,Gunung Ringgit,all_motifs (864),Isen Cloth 2.jpg,Pusaka Beruang,2022,raw (crop),28 x 28,sRGB IEC61966-2.1,VJB
163,GunungRinggit_00164.jpg,Batik_Lasem/motifs (isen-isen)/Gunung Ringgit/all_motifs (864)/GunungRinggit_00164.jpg,Gunung Ringgit,Gunung Ringgit,all_motifs (864),Isen Cloth 2.jpg,Pusaka Beruang,2022,raw (crop),28 x 28,sRGB IEC61966-2.1,VJB
164,GunungRinggit_00165.jpg,Batik_Lasem/motifs (isen-isen)/Gunung Ringgit/all_motifs (864)/GunungRinggit_00165.jpg,Gunung Ringgit,Gunung Ringgit,all_motifs (864),Isen Cloth 2.jpg,Pusaka Beruang,2022,raw (crop),28 x 28,sRGB IEC61966-2.1,VJB
167,GunungRinggit_00168.jpg,Batik_Lasem/motifs (isen-isen)/Gunung Ringgit/all_motifs (864)/GunungRinggit_00168.jpg,Gunung Ringgit,Gunung Ringgit,all_motifs (864),Isen Cloth 2.jpg,Pusaka Beruang,2022,raw (crop),28 x 28,sRGB IEC61966-2.1,VJB
168,GunungRinggit_00169.jpg,Batik_Lasem/motifs (isen-isen)/Gunung Ringgit/all_motifs (864)/GunungRinggit_00169.jpg,Gunung Ringgit,Gunung Ringgit,all_motifs (864),Isen Cloth 2.jpg,Pusaka Beruang,2022,raw (crop),28 x 28,sRGB IEC61966-2.1,VJB
169,GunungRinggit_00170.jpg,Batik_Lasem/motifs (isen-isen)/Gunung Ringgit/all_motifs (864)/GunungRinggit_00170.jpg,Gunung Ringgit,Gunung Ringgit,all_motifs (864),Isen Cloth 2.jpg,Pusaka Beruang,2022,raw (crop),28 x 28,sRGB IEC61966-2.1,VJB
171,GunungRinggit_00172.jpg,Batik_Lasem/motifs (isen-isen)/Gunung Ringgit/all_motifs (864)/GunungRinggit_00172.jpg,Gunung Ringgit,Gunung Ringgit,all_motifs (864),Gunung Ringgit Bouquet.jpg,Pesona Canting,2021,raw (crop),28 x 28,sRGB IEC61966-2.1,VJB
172,GunungRinggit_00173.jpg,Batik_Lasem/motifs (isen-isen)/Gunung Ringgit/all_motifs (864)/GunungRinggit_00173.jpg,Gunung Ringgit,Gunung Ringgit,all_motifs (864),Gunung Ringgit Bouquet.jpg,Pesona Canting,2021,raw (crop),28 x 28,sRGB IEC61966-2.1,VJB
174,GunungRinggit_00175.jpg,Batik_Lasem/motifs (isen-isen)/Gunung Ringgit/all_motifs (864)/GunungRinggit_00175.jpg,Gunung Ringgit,Gunung Ringgit,all_motifs (864),Gunung Ringgit Bouquet.jpg,Pesona Canting,2021,raw (crop),28 x 28,sRGB IEC61966-2.1,VJB
176,GunungRinggit_00177.jpg,Batik_Lasem/motifs (isen-isen)/Gunung Ringgit/all_motifs (864)/GunungRinggit_00177.jpg,Gunung Ringgit,Gunung Ringgit,all_motifs (864),Gunung Ringgit Bouquet.jpg,Pesona Canting,2021,raw (crop),28 x 28,sRGB IEC61966-2.1,VJB
177,GunungRinggit_00178.jpg,Batik_Lasem/motifs (isen-isen)/Gunung Ringgit/all_motifs (864)/GunungRinggit_00178.jpg,Gunung Ringgit,Gunung Ringgit,all_motifs (864),Gunung Ringgit Bouquet.jpg,Pesona Canting,2021,raw (crop),28 x 28,sRGB IEC61966-2.1,VJB
179,GunungRinggit_00180.jpg,Batik_Lasem/motifs (isen-isen)/Gunung Ringgit/all_motifs (864)/GunungRinggit_00180.jpg,Gunung Ringgit,Gunung Ringgit,all_motifs (864),Gunung Ringgit Bouquet.jpg,Pesona Canting,2021,raw (crop),28 x 28,sRGB IEC61966-2.1,VJB
181,GunungRinggit_00182.jpg,Batik_Lasem/motifs (isen-isen)/Gunung Ringgit/all_motifs (864)/GunungRinggit_00182.jpg,Gunung Ringgit,Gunung Ringgit,all_motifs (864),Gunung Ringgit Bouquet.jpg,Pesona Canting,2021,raw (crop),28 x 28,sRGB IEC61966-2.1,VJB
182,GunungRinggit_00183.jpg,Batik_Lasem/motifs (isen-isen)/Gunung Ringgit/all_motifs (864)/GunungRinggit_00183.jpg,Gunung Ringgit,Gunung Ringgit,all_motifs (864),Gunung Ringgit Bouquet.jpg,Pesona Canting,2021,raw (crop),28 x 28,sRGB IEC61966-2.1,VJB
184,GunungRinggit_00185.jpg,Batik_Lasem/motifs (isen-isen)/Gunung Ringgit/all_motifs (864)/GunungRinggit_00185.jpg,Gunung Ringgit,Gunung Ringgit,all_motifs (864),Gunung Ringgit Bouquet.jpg,Pesona Canting,2021,raw (crop),28 x 28,sRGB IEC61966-2.1,VJB
185,GunungRinggit_00186.jpg,Batik_Lasem/motifs (isen-isen)/Gunung Ringgit/all_motifs (864)/GunungRinggit_00186.jpg,Gunung Ringgit,Gunung Ringgit,all_motifs (864),Gunung Ringgit Bouquet.jpg,Pesona Canting,2021,raw (crop),28 x 28,sRGB IEC61966-2.1,VJB
187,GunungRinggit_00188.jpg,Batik_Lasem/motifs (isen-isen)/Gunung Ringgit/all_motifs (864)/GunungRinggit_00188.jpg,Gunung Ringgit,Gunung Ringgit,all_motifs (864),Gunung Ringgit Bouquet.jpg,Pesona Canting,2021,raw (crop),28 x 28,sRGB IEC61966-2.1,VJB
189,GunungRinggit_00190.jpg,Batik_Lasem/motifs (isen-isen)/Gunung Ringgit/all_motifs (864)/GunungRinggit_00190.jpg,Gunung Ringgit,Gunung Ringgit,all_motifs (864),Gunung Ringgit Bouquet.jpg,Pesona Canting,2021,raw (crop),28 x 28,sRGB IEC61966-2.1,VJB
191,GunungRinggit_00192.jpg,Batik_Lasem/motifs (isen-isen)/Gunung Ringgit/all_motifs (864)/GunungRinggit_00192.jpg,Gunung Ringgit,Gunung Ringgit,all_motifs (864),Gunung Ringgit Bouquet.jpg,Pesona Canting,2021,raw (crop),28 x 28,sRGB IEC61966-2.1,VJB
192,GunungRinggit_00193.jpg,Batik_Lasem/motifs (isen-isen)/Gunung Ringgit/all_motifs (864)/GunungRinggit_00193.jpg,Gunung Ringgit,Gunung Ringgit,all_motifs (864),Gunung Ringgit Bouquet.jpg,Pesona Canting,2021,raw (crop),28 x 28,sRGB IEC61966-2.1,VJB
193,GunungRinggit_00194.jpg,Batik_Lasem/motifs (isen-isen)/Gunung Ringgit/all_motifs (864)/GunungRinggit_00194.jpg,Gunung Ringgit,Gunung Ringgit,all_motifs (864),Gunung Ringgit Bouquet.jpg,Pesona Canting,2021,raw (crop),28 x 28,sRGB IEC61966-2.1,VJB
196,GunungRinggit_00197.jpg,Batik_Lasem/motifs (isen-isen)/Gunung Ringgit/all_motifs (864)/GunungRinggit_00197.jpg,Gunung Ringgit,Gunung Ringgit,all_motifs (864),Gunung Ringgit Bouquet.jpg,Pesona Canting,2021,raw (crop),28 x 28,sRGB IEC61966-2.1,VJB
198,GunungRinggit_00199.jpg,Batik_Lasem/motifs (isen-isen)/Gunung Ringgit/all_motifs (864)/GunungRinggit_00199.jpg,Gunung Ringgit,Gunung Ringgit,all_motifs (864),Gunung Ringgit Bouquet.jpg,Pesona Canting,2021,raw (crop),28 x 28,sRGB IEC61966-2.1,VJB
199,GunungRinggit_00200.jpg,Batik_Lasem/motifs (isen-isen)/Gunung Ringgit/all_motifs (864)/GunungRinggit_00200.jpg,Gunung Ringgit,Gunung Ringgit,all_motifs (864),Gunung Ringgit Bouquet.jpg,Pesona Canting,2021,raw (crop),28 x 28,sRGB IEC61966-2.1,VJB
200,GunungRinggit_00201.jpg,Batik_Lasem/motifs (isen-isen)/Gunung Ringgit/all_motifs (864)/GunungRinggit_00201.jpg,Gunung Ringgit,Gunung Ringgit,all_motifs (864),Gunung Ringgit Bouquet.jpg,Pesona Canting,2021,raw (crop),28 x 28,sRGB IEC61966-2.1,VJB
201,GunungRinggit_00202.jpg,Batik_Lasem/motifs (isen-isen)/Gunung Ringgit/all_motifs (864)/GunungRinggit_00202.jpg,Gunung Ringgit,Gunung Ringgit,all_motifs (864),Gunung Ringgit Bouquet.jpg,Pesona Canting,2021,raw (crop),28 x 28,sRGB IEC61966-2.1,VJB
203,GunungRinggit_00204.jpg,Batik_Lasem/motifs (isen-isen)/Gunung Ringgit/all_motifs (864)/GunungRinggit_00204.jpg,Gunung Ringgit,Gunung Ringgit,all_motifs (864),Gunung Ringgit Bouquet.jpg,Pesona Canting,2021,raw (crop),28 x 28,sRGB IEC61966-2.1,VJB
204,GunungRinggit_00205.jpg,Batik_Lasem/motifs (isen-isen)/Gunung Ringgit/all_motifs (864)/GunungRinggit_00205.jpg,Gunung Ringgit,Gunung Ringgit,all_motifs (864),Gunung Ringgit Bouquet.jpg,Pesona Canting,2021,raw (crop),28 x 28,sRGB IEC61966-2.1,VJB
207,GunungRinggit_00208.jpg,Batik_Lasem/motifs (isen-isen)/Gunung Ringgit/all_motifs (864)/GunungRinggit_00208.jpg,Gunung Ringgit,Gunung Ringgit,all_motifs (864),Gunung Ringgit Bouquet.jpg,Pesona Canting,2021,raw (crop),28 x 28,sRGB IEC61966-2.1,VJB
208,GunungRinggit_00209.jpg,Batik_Lasem/motifs (isen-isen)/Gunung Ringgit/all_motifs (864)/GunungRinggit_00209.jpg,Gunung Ringgit,Gunung Ringgit,all_motifs (864),Gunung Ringgit Bouquet.jpg,Pesona Canting,2021,raw (crop),28 x 28,sRGB IEC61966-2.1,VJB
209,GunungRinggit_00210.jpg,Batik_Lasem/motifs (isen-isen)/Gunung Ringgit/all_motifs (864)/GunungRinggit_00210.jpg,Gunung Ringgit,Gunung Ringgit,all_motifs (864),Gunung Ringgit Pink Bouquet.jpg,Pesona Canting,2022,raw (crop),28 x 28,sRGB IEC61966-2.1,VJB
213,GunungRinggit_00214.jpg,Batik_Lasem/motifs (isen-isen)/Gunung Ringgit/all_motifs (864)/GunungRinggit_00214.jpg,Gunung Ringgit,Gunung Ringgit,all_motifs (864),Gunung Ringgit Pink Bouquet.jpg,Pesona Canting,2022,raw (crop),28 x 28,sRGB IEC61966-2.1,VJB
215,GunungRinggit_00216.jpg,Batik_Lasem/motifs (isen-isen)/Gunung Ringgit/all_motifs (864)/GunungRinggit_00216.jpg,Gunung Ringgit,Gunung Ringgit,all_motifs (864),Gunung Ringgit Pink Bouquet.jpg,Pesona Canting,2022,raw (crop),28 x 28,sRGB IEC61966-2.1,VJB
223,GunungRinggit_00224.jpg,Batik_Lasem/motifs (isen-isen)/Gunung Ringgit/all_motifs (864)/GunungRinggit_00224.jpg,Gunung Ringgit,Gunung Ringgit,all_motifs (864),Gunung Ringgit Pink Bouquet.jpg,Pesona Canting,2022,raw (crop),28 x 28,sRGB IEC61966-2.1,VJB
224,GunungRinggit_00225.jpg,Batik_Lasem/motifs (isen-isen)/Gunung Ringgit/all_motifs (864)/GunungRinggit_00225.jpg,Gunung Ringgit,Gunung Ringgit,all_motifs (864),Gunung Ringgit Pink Bouquet.jpg,Pesona Canting,2022,raw (crop),28 x 28,sRGB IEC61966-2.1,VJB
225,GunungRinggit_00226.jpg,Batik_Lasem/motifs (isen-isen)/Gunung Ringgit/all_motifs (864)/GunungRinggit_00226.jpg,Gunung Ringgit,Gunung Ringgit,all_motifs (864),Gunung Ringgit Pink Bouquet.jpg,Pesona Canting,2022,raw (crop),28 x 28,sRGB IEC61966-2.1,VJB
226,GunungRinggit_00227.jpg,Batik_Lasem/motifs (isen-isen)/Gunung Ringgit/all_motifs (864)/GunungRinggit_00227.jpg,Gunung Ringgit,Gunung Ringgit,all_motifs (864),Gunung Ringgit Pink Bouquet.jpg,Pesona Canting,2022,raw (crop),28 x 28,sRGB IEC61966-2.1,VJB
227,GunungRinggit_00228.jpg,Batik_Lasem/motifs (isen-isen)/Gunung Ringgit/all_motifs (864)/GunungRinggit_00228.jpg,Gunung Ringgit,Gunung Ringgit,all_motifs (864),Gunung Ringgit Pink Bouquet.jpg,Pesona Canting,2022,raw (crop),28 x 28,sRGB IEC61966-2.1,VJB
230,GunungRinggit_00231.jpg,Batik_Lasem/motifs (isen-isen)/Gunung Ringgit/all_motifs (864)/GunungRinggit_00231.jpg,Gunung Ringgit,Gunung Ringgit,all_motifs (864),Monkey Pod Tree & Peacock with Lereng.jpg,Pesona Canting,2022,raw (crop),28 x 28,sRGB IEC61966-2.1,VJB
231,GunungRinggit_00232.jpg,Batik_Lasem/motifs (isen-isen)/Gunung Ringgit/all_motifs (864)/GunungRinggit_00232.jpg,Gunung Ringgit,Gunung Ringgit,all_motifs (864),Monkey Pod Tree & Peacock with Lereng.jpg,Pesona Canting,2022,raw (crop),28 x 28,sRGB IEC61966-2.1,VJB
233,GunungRinggit_00234.jpg,Batik_Lasem/motifs (isen-isen)/Gunung Ringgit/all_motifs (864)/GunungRinggit_00234.jpg,Gunung Ringgit,Gunung Ringgit,all_motifs (864),Monkey Pod Tree & Peacock with Lereng.jpg,Pesona Canting,2022,raw (crop),28 x 28,sRGB IEC61966-2.1,VJB
234,GunungRinggit_00235.jpg,Batik_Lasem/motifs (isen-isen)/Gunung Ringgit/all_motifs (864)/GunungRinggit_00235.jpg,Gunung Ringgit,Gunung Ringgit,all_motifs (864),Monkey Pod Tree & Peacock with Lereng.jpg,Pesona Canting,2022,raw (crop),28 x 28,sRGB IEC61966-2.1,VJB
235,GunungRinggit_00236.jpg,Batik_Lasem/motifs (isen-isen)/Gunung Ringgit/all_motifs (864)/GunungRinggit_00236.jpg,Gunung Ringgit,Gunung Ringgit,all_motifs (864),Monkey Pod Tree & Peacock with Lereng.jpg,Pesona Canting,2022,raw (crop),28 x 28,sRGB IEC61966-2.1,VJB
236,GunungRinggit_00237.jpg,Batik_Lasem/motifs (isen-isen)/Gunung Ringgit/all_motifs (864)/GunungRinggit_00237.jpg,Gunung Ringgit,Gunung Ringgit,all_motifs (864),Monkey Pod Tree & Peacock with Lereng.jpg,Pesona Canting,2022,raw (crop),28 x 28,sRGB IEC61966-2.1,VJB
237,GunungRinggit_00238.jpg,Batik_Lasem/motifs (isen-isen)/Gunung Ringgit/all_motifs (864)/GunungRinggit_00238.jpg,Gunung Ringgit,Gunung Ringgit,all_motifs (864),Monkey Pod Tree & Peacock with Lereng.jpg,Pesona Canting,2022,raw (crop),28 x 28,sRGB IEC61966-2.1,VJB
240,GunungRinggit_00241.jpg,Batik_Lasem/motifs (isen-isen)/Gunung Ringgit/all_motifs (864)/GunungRinggit_00241.jpg,Gunung Ringgit,Gunung Ringgit,all_motifs (864),Monkey Pod Tree & Peacock with Lereng.jpg,Pesona Canting,2022,raw (crop),28 x 28,sRGB IEC61966-2.1,VJB
241,GunungRinggit_00242.jpg,Batik_Lasem/motifs (isen-isen)/Gunung Ringgit/all_motifs (864)/GunungRinggit_00242.jpg,Gunung Ringgit,Gunung Ringgit,all_motifs (864),Monkey Pod Tree & Peacock with Lereng.jpg,Pesona Canting,2022,raw (crop),28 x 28,sRGB IEC61966-2.1,VJB
242,GunungRinggit_00243.jpg,Batik_Lasem/motifs (isen-isen)/Gunung Ringgit/all_motifs (864)/GunungRinggit_00243.jpg,Gunung Ringgit,Gunung Ringgit,all_motifs (864),Monkey Pod Tree & Peacock with Lereng.jpg,Pesona Canting,2022,raw (crop),28 x 28,sRGB IEC61966-2.1,VJB
243,GunungRinggit_00244.jpg,Batik_Lasem/motifs (isen-isen)/Gunung Ringgit/all_motifs (864)/GunungRinggit_00244.jpg,Gunung Ringgit,Gunung Ringgit,all_motifs (864),Monkey Pod Tree & Peacock with Lereng.jpg,Pesona Canting,2022,raw (crop),28 x 28,sRGB IEC61966-2.1,VJB
244,GunungRinggit_00245.jpg,Batik_Lasem/motifs (isen-isen)/Gunung Ringgit/all_motifs (864)/GunungRinggit_00245.jpg,Gunung Ringgit,Gunung Ringgit,all_motifs (864),Monkey Pod Tree & Peacock with Lereng.jpg,Pesona Canting,2022,raw (crop),28 x 28,sRGB IEC61966-2.1,VJB
249,GunungRinggit_00250.jpg,Batik_Lasem/motifs (isen-isen)/Gunung Ringgit/all_motifs (864)/GunungRinggit_00250.jpg,Gunung Ringgit,Gunung Ringgit,all_motifs (864),Monkey Pod Tree & Peacock with Lereng.jpg,Pesona Canting,2022,raw (crop),28 x 28,sRGB IEC61966-2.1,VJB
250,GunungRinggit_00251.jpg,Batik_Lasem/motifs (isen-isen)/Gunung Ringgit/all_motifs (864)/GunungRinggit_00251.jpg,Gunung Ringgit,Gunung Ringgit,all_motifs (864),Monkey Pod Tree & Peacock with Lereng.jpg,Pesona Canting,2022,raw (crop),28 x 28,sRGB IEC61966-2.1,VJB
251,GunungRinggit_00252.jpg,Batik_Lasem/motifs (isen-isen)/Gunung Ringgit/all_motifs (864)/GunungRinggit_00252.jpg,Gunung Ringgit,Gunung Ringgit,all_motifs (864),Monkey Pod Tree & Peacock with Lereng.jpg,Pesona Canting,2022,raw (crop),28 x 28,sRGB IEC61966-2.1,VJB
252,GunungRinggit_00253.jpg,Batik_Lasem/motifs (isen-isen)/Gunung Ringgit/all_motifs (864)/GunungRinggit_00253.jpg,Gunung Ringgit,Gunung Ringgit,all_motifs (864),Monkey Pod Tree & Peacock with Lereng.jpg,Pesona Canting,2022,raw (crop),28 x 28,sRGB IEC61966-2.1,VJB
254,GunungRinggit_00255.jpg,Batik_Lasem/motifs (isen-isen)/Gunung Ringgit/all_motifs (864)/GunungRinggit_00255.jpg,Gunung Ringgit,Gunung Ringgit,all_motifs (864),Monkey Pod Tree & Peacock with Lereng.jpg,Pesona Canting,2022,raw (crop),28 x 28,sRGB IEC61966-2.1,VJB
255,GunungRinggit_00256.jpg,Batik_Lasem/motifs (isen-isen)/Gunung Ringgit/all_motifs (864)/GunungRinggit_00256.jpg,Gunung Ringgit,Gunung Ringgit,all_motifs (864),Monkey Pod Tree & Peacock with Lereng.jpg,Pesona Canting,2022,raw (crop),28 x 28,sRGB IEC61966-2.1,VJB
258,GunungRinggit_00259.jpg,Batik_Lasem/motifs (isen-isen)/Gunung Ringgit/all_motifs (864)/GunungRinggit_00259.jpg,Gunung Ringgit,Gunung Ringgit,all_motifs (864),Monkey Pod Tree & Peacock with Lereng.jpg,Pesona Canting,2022,raw (crop),28 x 28,sRGB IEC61966-2.1,VJB
261,GunungRinggit_00262.jpg,Batik_Lasem/motifs (isen-isen)/Gunung Ringgit/all_motifs (864)/GunungRinggit_00262.jpg,Gunung Ringgit,Gunung Ringgit,all_motifs (864),Monkey Pod Tree & Peacock with Lereng.jpg,Pesona Canting,2022,raw (crop),28 x 28,sRGB IEC61966-2.1,VJB
266,GunungRinggit_00267.jpg,Batik_Lasem/motifs (isen-isen)/Gunung Ringgit/all_motifs (864)/GunungRinggit_00267.jpg,Gunung Ringgit,Gunung Ringgit,all_motifs (864),Monkey Pod Tree & Peacock with Lereng.jpg,Pesona Canting,2022,raw (crop),28 x 28,sRGB IEC61966-2.1,VJB
267,GunungRinggit_00268.jpg,Batik_Lasem/motifs (isen-isen)/Gunung Ringgit/all_motifs (864)/GunungRinggit_00268.jpg,Gunung Ringgit,Gunung Ringgit,all_motifs (864),Monkey Pod Tree & Peacock with Lereng.jpg,Pesona Canting,2022,raw (crop),28 x 28,sRGB IEC61966-2.1,VJB
269,GunungRinggit_00270.jpg,Batik_Lasem/motifs (isen-isen)/Gunung Ringgit/all_motifs (864)/GunungRinggit_00270.jpg,Gunung Ringgit,Gunung Ringgit,all_motifs (864),Gunung Ringgit Bouquet.jpg,Pesona Canting,2021,raw (crop),28 x 28,sRGB IEC61966-2.1,VJB
275,GunungRinggit_00276.jpg,Batik_Lasem/motifs (isen-isen)/Gunung Ringgit/all_motifs (864)/GunungRinggit_00276.jpg,Gunung Ringgit,Gunung Ringgit,all_motifs (864),Gunung Ringgit Bouquet.jpg,Pesona Canting,2021,raw (crop),28 x 28,sRGB IEC61966-2.1,VJB
276,GunungRinggit_00277.jpg,Batik_Lasem/motifs (isen-isen)/Gunung Ringgit/all_motifs (864)/GunungRinggit_00277.jpg,Gunung Ringgit,Gunung Ringgit,all_motifs (864),Gunung Ringgit Bouquet.jpg,Pesona Canting,2021,raw (crop),28 x 28,sRGB IEC61966-2.1,VJB
280,GunungRinggit_00281.jpg,Batik_Lasem/motifs (isen-isen)/Gunung Ringgit/all_motifs (864)/GunungRinggit_00281.jpg,Gunung Ringgit,Gunung Ringgit,all_motifs (864),Gunung Ringgit Bouquet.jpg,Pesona Canting,2021,raw (crop),28 x 28,sRGB IEC61966-2.1,VJB
282,GunungRinggit_00283.jpg,Batik_Lasem/motifs (isen-isen)/Gunung Ringgit/all_motifs (864)/GunungRinggit_00283.jpg,Gunung Ringgit,Gunung Ringgit,all_motifs (864),Gunung Ringgit Peacocks.jpg,Lumintu Batik,2022,raw (crop),28 x 28,sRGB IEC61966-2.1,VJB
283,GunungRinggit_00284.jpg,Batik_Lasem/motifs (isen-isen)/Gunung Ringgit/all_motifs (864)/GunungRinggit_00284.jpg,Gunung Ringgit,Gunung Ringgit,all_motifs (864),Gunung Ringgit Peacocks.jpg,Lumintu Batik,2022,raw (crop),28 x 28,sRGB IEC61966-2.1,VJB
284,GunungRinggit_00285.jpg,Batik_Lasem/motifs (isen-isen)/Gunung Ringgit/all_motifs (864)/GunungRinggit_00285.jpg,Gunung Ringgit,Gunung Ringgit,all_motifs (864),Gunung Ringgit Peacocks.jpg,Lumintu Batik,2022,raw (crop),28 x 28,sRGB IEC61966-2.1,VJB
288,GunungRinggit_00289.jpg,Batik_Lasem/motifs (isen-isen)/Gunung Ringgit/all_motifs (864)/GunungRinggit_00289.jpg,Gunung Ringgit,Gunung Ringgit,all_motifs (864),Gunung Ringgit Peacocks.jpg,Lumintu Batik,2022,raw (crop),28 x 28,sRGB IEC61966-2.1,VJB
289,GunungRinggit_00290.jpg,Batik_Lasem/motifs (isen-isen)/Gunung Ringgit/all_motifs (864)/GunungRinggit_00290.jpg,Gunung Ringgit,Gunung Ringgit,all_motifs (864),Gunung Ringgit Peacocks.jpg,Lumintu Batik,2022,raw (crop),28 x 28,sRGB IEC61966-2.1,VJB
290,GunungRinggit_00291.jpg,Batik_Lasem/motifs (isen-isen)/Gunung Ringgit/all_motifs (864)/GunungRinggit_00291.jpg,Gunung Ringgit,Gunung Ringgit,all_motifs (864),Gunung Ringgit Peacocks.jpg,Lumintu Batik,2022,raw (crop),28 x 28,sRGB IEC61966-2.1,VJB
291,GunungRinggit_00292.jpg,Batik_Lasem/motifs (isen-isen)/Gunung Ringgit/all_motifs (864)/GunungRinggit_00292.jpg,Gunung Ringgit,Gunung Ringgit,all_motifs (864),Gunung Ringgit Peacocks.jpg,Lumintu Batik,2022,raw (crop),28 x 28,sRGB IEC61966-2.1,VJB
294,GunungRinggit_00295.jpg,Batik_Lasem/motifs (isen-isen)/Gunung Ringgit/all_motifs (864)/GunungRinggit_00295.jpg,Gunung Ringgit,Gunung Ringgit,all_motifs (864),Gunung Ringgit Peacocks.jpg,Lumintu Batik,2022,raw (crop),28 x 28,sRGB IEC61966-2.1,VJB
295,GunungRinggit_00296.jpg,Batik_Lasem/motifs (isen-isen)/Gunung Ringgit/all_motifs (864)/GunungRinggit_00296.jpg,Gunung Ringgit,Gunung Ringgit,all_motifs (864),Gunung Ringgit Peacocks.jpg,Lumintu Batik,2022,raw (crop),28 x 28,sRGB IEC61966-2.1,VJB
298,GunungRinggit_00299.jpg,Batik_Lasem/motifs (isen-isen)/Gunung Ringgit/all_motifs (864)/GunungRinggit_00299.jpg,Gunung Ringgit,Gunung Ringgit,all_motifs (864),Gunung Ringgit Peacocks.jpg,Lumintu Batik,2022,raw (crop),28 x 28,sRGB IEC61966-2.1,VJB
301,GunungRinggit_00302.jpg,Batik_Lasem/motifs (isen-isen)/Gunung Ringgit/all_motifs (864)/GunungRinggit_00302.jpg,Gunung Ringgit,Gunung Ringgit,all_motifs (864),Gunung Ringgit Peacocks.jpg,Lumintu Batik,2022,raw (crop),28 x 28,sRGB IEC61966-2.1,VJB
302,GunungRinggit_00303.jpg,Batik_Lasem/motifs (isen-isen)/Gunung Ringgit/all_motifs (864)/GunungRinggit_00303.jpg,Gunung Ringgit,Gunung Ringgit,all_motifs (864),Gunung Ringgit Peacocks.jpg,Lumintu Batik,2022,raw (crop),28 x 28,sRGB IEC61966-2.1,VJB
305,GunungRinggit_00306.jpg,Batik_Lasem/motifs (isen-isen)/Gunung Ringgit/all_motifs (864)/GunungRinggit_00306.jpg,Gunung Ringgit,Gunung Ringgit,all_motifs (864),Gunung Ringgit Peacocks.jpg,Lumintu Batik,2022,raw (crop),28 x 28,sRGB IEC61966-2.1,VJB
306,GunungRinggit_00307.jpg,Batik_Lasem/motifs (isen-isen)/Gunung Ringgit/all_motifs (864)/GunungRinggit_00307.jpg,Gunung Ringgit,Gunung Ringgit,all_motifs (864),Gunung Ringgit Peacocks.jpg,Lumintu Batik,2022,raw (crop),28 x 28,sRGB IEC61966-2.1,VJB
307,GunungRinggit_00308.jpg,Batik_Lasem/motifs (isen-isen)/Gunung Ringgit/all_motifs (864)/GunungRinggit_00308.jpg,Gunung Ringgit,Gunung Ringgit,all_motifs (864),Gunung Ringgit Peacocks.jpg,Lumintu Batik,2022,raw (crop),28 x 28,sRGB IEC61966-2.1,VJB
308,GunungRinggit_00309.jpg,Batik_Lasem/motifs (isen-isen)/Gunung Ringgit/all_motifs (864)/GunungRinggit_00309.jpg,Gunung Ringgit,Gunung Ringgit,all_motifs (864),Gunung Ringgit Peacocks.jpg,Lumintu Batik,2022,raw (crop),28 x 28,sRGB IEC61966-2.1,VJB
311,GunungRinggit_00312.jpg,Batik_Lasem/motifs (isen-isen)/Gunung Ringgit/all_motifs (864)/GunungRinggit_00312.jpg,Gunung Ringgit,Gunung Ringgit,all_motifs (864),Gunung Ringgit Peacocks.jpg,Lumintu Batik,2022,raw (crop),28 x 28,sRGB IEC61966-2.1,VJB
312,GunungRinggit_00313.jpg,Batik_Lasem/motifs (isen-isen)/Gunung Ringgit/all_motifs (864)/GunungRinggit_00313.jpg,Gunung Ringgit,Gunung Ringgit,all_motifs (864),Gunung Ringgit Peacocks.jpg,Lumintu Batik,2022,raw (crop),28 x 28,sRGB IEC61966-2.1,VJB
314,GunungRinggit_00315.jpg,Batik_Lasem/motifs (isen-isen)/Gunung Ringgit/all_motifs (864)/GunungRinggit_00315.jpg,Gunung Ringgit,Gunung Ringgit,all_motifs (864),Gunung Ringgit Peacocks.jpg,Lumintu Batik,2022,raw (crop),28 x 28,sRGB IEC61966-2.1,VJB
315,GunungRinggit_00316.jpg,Batik_Lasem/motifs (isen-isen)/Gunung Ringgit/all_motifs (864)/GunungRinggit_00316.jpg,Gunung Ringgit,Gunung Ringgit,all_motifs (864),Gunung Ringgit Peacocks.jpg,Lumintu Batik,2022,raw (crop),28 x 28,sRGB IEC61966-2.1,VJB
316,GunungRinggit_00317.jpg,Batik_Lasem/motifs (isen-isen)/Gunung Ringgit/all_motifs (864)/GunungRinggit_00317.jpg,Gunung Ringgit,Gunung Ringgit,all_motifs (864),Gunung Ringgit Peacocks.jpg,Lumintu Batik,2022,raw (crop),28 x 28,sRGB IEC61966-2.1,VJB
318,GunungRinggit_00319.jpg,Batik_Lasem/motifs (isen-isen)/Gunung Ringgit/all_motifs (864)/GunungRinggit_00319.jpg,Gunung Ringgit,Gunung Ringgit,all_motifs (864),Gunung Ringgit Peacocks.jpg,Lumintu Batik,2022,raw (crop),28 x 28,sRGB IEC61966-2.1,VJB
320,GunungRinggit_00321.jpg,Batik_Lasem/motifs (isen-isen)/Gunung Ringgit/all_motifs (864)/GunungRinggit_00321.jpg,Gunung Ringgit,Gunung Ringgit,all_motifs (864),Gunung Ringgit Peacocks.jpg,Lumintu Batik,2022,raw (crop),28 x 28,sRGB IEC61966-2.1,VJB
322,GunungRinggit_00323.jpg,Batik_Lasem/motifs (isen-isen)/Gunung Ringgit/all_motifs (864)/GunungRinggit_00323.jpg,Gunung Ringgit,Gunung Ringgit,all_motifs (864),Gunung Ringgit Peacocks.jpg,Lumintu Batik,2022,raw (crop),28 x 28,sRGB IEC61966-2.1,VJB
325,GunungRinggit_00326.jpg,Batik_Lasem/motifs (isen-isen)/Gunung Ringgit/all_motifs (864)/GunungRinggit_00326.jpg,Gunung Ringgit,Gunung Ringgit,all_motifs (864),Gunung Ringgit Peacocks.jpg,Lumintu Batik,2022,raw (crop),28 x 28,sRGB IEC61966-2.1,VJB
326,GunungRinggit_00327.jpg,Batik_Lasem/motifs (isen-isen)/Gunung Ringgit/all_motifs (864)/GunungRinggit_00327.jpg,Gunung Ringgit,Gunung Ringgit,all_motifs (864),Gunung Ringgit Peacocks.jpg,Lumintu Batik,2022,raw (crop),28 x 28,sRGB IEC61966-2.1,VJB
327,GunungRinggit_00328.jpg,Batik_Lasem/motifs (isen-isen)/Gunung Ringgit/all_motifs (864)/GunungRinggit_00328.jpg,Gunung Ringgit,Gunung Ringgit,all_motifs (864),Gunung Ringgit Peacocks.jpg,Lumintu Batik,2022,raw (crop),28 x 28,sRGB IEC61966-2.1,VJB
328,GunungRinggit_00329.jpg,Batik_Lasem/motifs (isen-isen)/Gunung Ringgit/all_motifs (864)/GunungRinggit_00329.jpg,Gunung Ringgit,Gunung Ringgit,all_motifs (864),Gunung Ringgit Peacocks.jpg,Lumintu Batik,2022,raw (crop),28 x 28,sRGB IEC61966-2.1,VJB
330,GunungRinggit_00331.jpg,Batik_Lasem/motifs (isen-isen)/Gunung Ringgit/all_motifs (864)/GunungRinggit_00331.jpg,Gunung Ringgit,Gunung Ringgit,all_motifs (864),Gunung Ringgit Peacocks.jpg,Lumintu Batik,2022,raw (crop),28 x 28,sRGB IEC61966-2.1,VJB
331,GunungRinggit_00332.jpg,Batik_Lasem/motifs (isen-isen)/Gunung Ringgit/all_motifs (864)/GunungRinggit_00332.jpg,Gunung Ringgit,Gunung Ringgit,all_motifs (864),Gunung Ringgit Peacocks.jpg,Lumintu Batik,2022,raw (crop),28 x 28,sRGB IEC61966-2.1,VJB
332,GunungRinggit_00333.jpg,Batik_Lasem/motifs (isen-isen)/Gunung Ringgit/all_motifs (864)/GunungRinggit_00333.jpg,Gunung Ringgit,Gunung Ringgit,all_motifs (864),Gunung Ringgit Peacocks.jpg,Lumintu Batik,2022,raw (crop),28 x 28,sRGB IEC61966-2.1,VJB
335,GunungRinggit_00336.jpg,Batik_Lasem/motifs (isen-isen)/Gunung Ringgit/all_motifs (864)/GunungRinggit_00336.jpg,Gunung Ringgit,Gunung Ringgit,all_motifs (864),Gunung Ringgit Bouquet.jpg,Pesona Canting,2021,raw (crop),28 x 28,sRGB IEC61966-2.1,VJB
336,GunungRinggit_00337.jpg,Batik_Lasem/motifs (isen-isen)/Gunung Ringgit/all_motifs (864)/GunungRinggit_00337.jpg,Gunung Ringgit,Gunung Ringgit,all_motifs (864),Gunung Ringgit Bouquet.jpg,Pesona Canting,2021,raw (crop),28 x 28,sRGB IEC61966-2.1,VJB
337,GunungRinggit_00338.jpg,Batik_Lasem/motifs (isen-isen)/Gunung Ringgit/all_motifs (864)/GunungRinggit_00338.jpg,Gunung Ringgit,Gunung Ringgit,all_motifs (864),Gunung Ringgit Bouquet.jpg,Pesona Canting,2021,raw (crop),28 x 28,sRGB IEC61966-2.1,VJB
338,GunungRinggit_00339.jpg,Batik_Lasem/motifs (isen-isen)/Gunung Ringgit/all_motifs (864)/GunungRinggit_00339.jpg,Gunung Ringgit,Gunung Ringgit,all_motifs (864),Gunung Ringgit Peacocks.jpg,Lumintu Batik,2022,raw (crop),28 x 28,sRGB IEC61966-2.1,VJB
339,GunungRinggit_00340.jpg,Batik_Lasem/motifs (isen-isen)/Gunung Ringgit/all_motifs (864)/GunungRinggit_00340.jpg,Gunung Ringgit,Gunung Ringgit,all_motifs (864),Gunung Ringgit Peacocks.jpg,Lumintu Batik,2022,raw (crop),28 x 28,sRGB IEC61966-2.1,VJB
341,GunungRinggit_00342.jpg,Batik_Lasem/motifs (isen-isen)/Gunung Ringgit/all_motifs (864)/GunungRinggit_00342.jpg,Gunung Ringgit,Gunung Ringgit,all_motifs (864),Gunung Ringgit Peacocks.jpg,Lumintu Batik,2022,raw (crop),28 x 28,sRGB IEC61966-2.1,VJB
342,GunungRinggit_00343.jpg,Batik_Lasem/motifs (isen-isen)/Gunung Ringgit/all_motifs (864)/GunungRinggit_00343.jpg,Gunung Ringgit,Gunung Ringgit,all_motifs (864),Gunung Ringgit Peacocks.jpg,Lumintu Batik,2022,raw (crop),28 x 28,sRGB IEC61966-2.1,VJB
343,GunungRinggit_00344.jpg,Batik_Lasem/motifs (isen-isen)/Gunung Ringgit/all_motifs (864)/GunungRinggit_00344.jpg,Gunung Ringgit,Gunung Ringgit,all_motifs (864),Gunung Ringgit Peacocks.jpg,Lumintu Batik,2022,raw (crop),28 x 28,sRGB IEC61966-2.1,VJB
347,GunungRinggit_00348.jpg,Batik_Lasem/motifs (isen-isen)/Gunung Ringgit/all_motifs (864)/GunungRinggit_00348.jpg,Gunung Ringgit,Gunung Ringgit,all_motifs (864),Gunung Ringgit Bouquet.jpg,Pesona Canting,2021,raw (crop),28 x 28,sRGB IEC61966-2.1,VJB
348,GunungRinggit_00349.jpg,Batik_Lasem/motifs (isen-isen)/Gunung Ringgit/all_motifs (864)/GunungRinggit_00349.jpg,Gunung Ringgit,Gunung Ringgit,all_motifs (864),Gunung Ringgit Bouquet.jpg,Pesona Canting,2021,raw (crop),28 x 28,sRGB IEC61966-2.1,VJB
351,GunungRinggit_00352.jpg,Batik_Lasem/motifs (isen-isen)/Gunung Ringgit/all_motifs (864)/GunungRinggit_00352.jpg,Gunung Ringgit,Gunung Ringgit,all_motifs (864),Gunung Ringgit Bouquet.jpg,Pesona Canting,2021,raw (crop),28 x 28,sRGB IEC61966-2.1,VJB
352,GunungRinggit_00353.jpg,Batik_Lasem/motifs (isen-isen)/Gunung Ringgit/all_motifs (864)/GunungRinggit_00353.jpg,Gunung Ringgit,Gunung Ringgit,all_motifs (864),Gunung Ringgit Bouquet.jpg,Pesona Canting,2021,raw (crop),28 x 28,sRGB IEC61966-2.1,VJB
356,GunungRinggit_00357.jpg,Batik_Lasem/motifs (isen-isen)/Gunung Ringgit/all_motifs (864)/GunungRinggit_00357.jpg,Gunung Ringgit,Gunung Ringgit,all_motifs (864),Gunung Ringgit Bouquet.jpg,Pesona Canting,2021,raw (crop),28 x 28,sRGB IEC61966-2.1,VJB
357,GunungRinggit_00358.jpg,Batik_Lasem/motifs (isen-isen)/Gunung Ringgit/all_motifs (864)/GunungRinggit_00358.jpg,Gunung Ringgit,Gunung Ringgit,all_motifs (864),Gunung Ringgit Bouquet.jpg,Pesona Canting,2021,raw (crop),28 x 28,sRGB IEC61966-2.1,VJB
359,GunungRinggit_00360.jpg,Batik_Lasem/motifs (isen-isen)/Gunung Ringgit/all_motifs (864)/GunungRinggit_00360.jpg,Gunung Ringgit,Gunung Ringgit,all_motifs (864),Gunung Ringgit Bouquet.jpg,Pesona Canting,2021,raw (crop),28 x 28,sRGB IEC61966-2.1,VJB
361,GunungRinggit_00362.jpg,Batik_Lasem/motifs (isen-isen)/Gunung Ringgit/all_motifs (864)/GunungRinggit_00362.jpg,Gunung Ringgit,Gunung Ringgit,all_motifs (864),Gunung Ringgit Bouquet.jpg,Pesona Canting,2021,raw (crop),28 x 28,sRGB IEC61966-2.1,VJB
362,GunungRinggit_00363.jpg,Batik_Lasem/motifs (isen-isen)/Gunung Ringgit/all_motifs (864)/GunungRinggit_00363.jpg,Gunung Ringgit,Gunung Ringgit,all_motifs (864),Gunung Ringgit Bouquet.jpg,Pesona Canting,2021,raw (crop),28 x 28,sRGB IEC61966-2.1,VJB
363,GunungRinggit_00364.jpg,Batik_Lasem/motifs (isen-isen)/Gunung Ringgit/all_motifs (864)/GunungRinggit_00364.jpg,Gunung Ringgit,Gunung Ringgit,all_motifs (864),Gunung Ringgit Bouquet.jpg,Pesona Canting,2021,raw (crop),28 x 28,sRGB IEC61966-2.1,VJB
364,GunungRinggit_00365.jpg,Batik_Lasem/motifs (isen-isen)/Gunung Ringgit/all_motifs (864)/GunungRinggit_00365.jpg,Gunung Ringgit,Gunung Ringgit,all_motifs (864),Gunung Ringgit Bouquet.jpg,Pesona Canting,2021,raw (crop),28 x 28,sRGB IEC61966-2.1,VJB
367,GunungRinggit_00368.jpg,Batik_Lasem/motifs (isen-isen)/Gunung Ringgit/all_motifs (864)/GunungRinggit_00368.jpg,Gunung Ringgit,Gunung Ringgit,all_motifs (864),Gunung Ringgit Bouquet.jpg,Pesona Canting,2021,raw (crop),28 x 28,sRGB IEC61966-2.1,VJB
370,GunungRinggit_00371.jpg,Batik_Lasem/motifs (isen-isen)/Gunung Ringgit/all_motifs (864)/GunungRinggit_00371.jpg,Gunung Ringgit,Gunung Ringgit,all_motifs (864),Gunung Ringgit Bouquet.jpg,Pesona Canting,2021,raw (crop),28 x 28,sRGB IEC61966-2.1,VJB
375,GunungRinggit_00376.jpg,Batik_Lasem/motifs (isen-isen)/Gunung Ringgit/all_motifs (864)/GunungRinggit_00376.jpg,Gunung Ringgit,Gunung Ringgit,all_motifs (864),Gunung Ringgit Bouquet.jpg,Pesona Canting,2021,raw (crop),28 x 28,sRGB IEC61966-2.1,VJB
376,GunungRinggit_00377.jpg,Batik_Lasem/motifs (isen-isen)/Gunung Ringgit/all_motifs (864)/GunungRinggit_00377.jpg,Gunung Ringgit,Gunung Ringgit,all_motifs (864),Gunung Ringgit Bouquet.jpg,Pesona Canting,2021,raw (crop),28 x 28,sRGB IEC61966-2.1,VJB
378,GunungRinggit_00379.jpg,Batik_Lasem/motifs (isen-isen)/Gunung Ringgit/all_motifs (864)/GunungRinggit_00379.jpg,Gunung Ringgit,Gunung Ringgit,all_motifs (864),Gunung Ringgit Bouquet.jpg,Pesona Canting,2021,raw (crop),28 x 28,sRGB IEC61966-2.1,VJB
379,GunungRinggit_00380.jpg,Batik_Lasem/motifs (isen-isen)/Gunung Ringgit/all_motifs (864)/GunungRinggit_00380.jpg,Gunung Ringgit,Gunung Ringgit,all_motifs (864),Gunung Ringgit Bouquet.jpg,Pesona Canting,2021,raw (crop),28 x 28,sRGB IEC61966-2.1,VJB
382,GunungRinggit_00383.jpg,Batik_Lasem/motifs (isen-isen)/Gunung Ringgit/all_motifs (864)/GunungRinggit_00383.jpg,Gunung Ringgit,Gunung Ringgit,all_motifs (864),Gunung Ringgit Bouquet.jpg,Pesona Canting,2021,raw (crop),28 x 28,sRGB IEC61966-2.1,VJB
388,GunungRinggit_00389.jpg,Batik_Lasem/motifs (isen-isen)/Gunung Ringgit/all_motifs (864)/GunungRinggit_00389.jpg,Gunung Ringgit,Gunung Ringgit,all_motifs (864),Gunung Ringgit Bouquet.jpg,Pesona Canting,2021,raw (crop),28 x 28,sRGB IEC61966-2.1,VJB
389,GunungRinggit_00390.jpg,Batik_Lasem/motifs (isen-isen)/Gunung Ringgit/all_motifs (864)/GunungRinggit_00390.jpg,Gunung Ringgit,Gunung Ringgit,all_motifs (864),Gunung Ringgit Bouquet.jpg,Pesona Canting,2021,raw (crop),28 x 28,sRGB IEC61966-2.1,VJB
390,GunungRinggit_00391.jpg,Batik_Lasem/motifs (isen-isen)/Gunung Ringgit/all_motifs (864)/GunungRinggit_00391.jpg,Gunung Ringgit,Gunung Ringgit,all_motifs (864),Gunung Ringgit Bouquet.jpg,Pesona Canting,2021,raw (crop),28 x 28,sRGB IEC61966-2.1,VJB
393,GunungRinggit_00394.jpg,Batik_Lasem/motifs (isen-isen)/Gunung Ringgit/all_motifs (864)/GunungRinggit_00394.jpg,Gunung Ringgit,Gunung Ringgit,all_motifs (864),Gunung Ringgit Bouquet.jpg,Pesona Canting,2021,raw (crop),28 x 28,sRGB IEC61966-2.1,VJB
394,GunungRinggit_00395.jpg,Batik_Lasem/motifs (isen-isen)/Gunung Ringgit/all_motifs (864)/GunungRinggit_00395.jpg,Gunung Ringgit,Gunung Ringgit,all_motifs (864),Gunung Ringgit Bouquet.jpg,Pesona Canting,2021,raw (crop),28 x 28,sRGB IEC61966-2.1,VJB
396,GunungRinggit_00397.jpg,Batik_Lasem/motifs (isen-isen)/Gunung Ringgit/all_motifs (864)/GunungRinggit_00397.jpg,Gunung Ringgit,Gunung Ringgit,all_motifs (864),Gunung Ringgit Bouquet.jpg,Pesona Canting,2021,raw (crop),28 x 28,sRGB IEC61966-2.1,VJB
399,GunungRinggit_00400.jpg,Batik_Lasem/motifs (isen-isen)/Gunung Ringgit/all_motifs (864)/GunungRinggit_00400.jpg,Gunung Ringgit,Gunung Ringgit,all_motifs (864),Gunung Ringgit Bouquet.jpg,Pesona Canting,2021,raw (crop),28 x 28,sRGB IEC61966-2.1,VJB
400,GunungRinggit_00401.jpg,Batik_Lasem/motifs (isen-isen)/Gunung Ringgit/all_motifs (864)/GunungRinggit_00401.jpg,Gunung Ringgit,Gunung Ringgit,all_motifs (864),Gunung Ringgit Bouquet.jpg,Pesona Canting,2021,raw (crop),28 x 28,sRGB IEC61966-2.1,VJB
402,GunungRinggit_00403.jpg,Batik_Lasem/motifs (isen-isen)/Gunung Ringgit/all_motifs (864)/GunungRinggit_00403.jpg,Gunung Ringgit,Gunung Ringgit,all_motifs (864),Gunung Ringgit Bouquet.jpg,Pesona Canting,2021,raw (crop),28 x 28,sRGB IEC61966-2.1,VJB
405,GunungRinggit_00406.jpg,Batik_Lasem/motifs (isen-isen)/Gunung Ringgit/all_motifs (864)/GunungRinggit_00406.jpg,Gunung Ringgit,Gunung Ringgit,all_motifs (864),Gunung Ringgit Bouquet.jpg,Pesona Canting,2021,raw (crop),28 x 28,sRGB IEC61966-2.1,VJB
406,GunungRinggit_00407.jpg,Batik_Lasem/motifs (isen-isen)/Gunung Ringgit/all_motifs (864)/GunungRinggit_00407.jpg,Gunung Ringgit,Gunung Ringgit,all_motifs (864),Gunung Ringgit Bouquet.jpg,Pesona Canting,2021,raw (crop),28 x 28,sRGB IEC61966-2.1,VJB
409,GunungRinggit_00410.jpg,Batik_Lasem/motifs (isen-isen)/Gunung Ringgit/all_motifs (864)/GunungRinggit_00410.jpg,Gunung Ringgit,Gunung Ringgit,all_motifs (864),Gunung Ringgit Bouquet.jpg,Pesona Canting,2021,raw (crop),28 x 28,sRGB IEC61966-2.1,VJB
411,GunungRinggit_00412.jpg,Batik_Lasem/motifs (isen-isen)/Gunung Ringgit/all_motifs (864)/GunungRinggit_00412.jpg,Gunung Ringgit,Gunung Ringgit,all_motifs (864),Gunung Ringgit Bouquet.jpg,Pesona Canting,2021,raw (crop),28 x 28,sRGB IEC61966-2.1,VJB
414,GunungRinggit_00415.jpg,Batik_Lasem/motifs (isen-isen)/Gunung Ringgit/all_motifs (864)/GunungRinggit_00415.jpg,Gunung Ringgit,Gunung Ringgit,all_motifs (864),Gunung Ringgit Bouquet.jpg,Pesona Canting,2021,raw (crop),28 x 28,sRGB IEC61966-2.1,VJB
417,GunungRinggit_00418.jpg,Batik_Lasem/motifs (isen-isen)/Gunung Ringgit/all_motifs (864)/GunungRinggit_00418.jpg,Gunung Ringgit,Gunung Ringgit,all_motifs (864),Gunung Ringgit Blue Bouquet.jpg,Pesona Canting,2022,raw (crop),28 x 28,sRGB IEC61966-2.1,VJB
419,GunungRinggit_00420.jpg,Batik_Lasem/motifs (isen-isen)/Gunung Ringgit/all_motifs (864)/GunungRinggit_00420.jpg,Gunung Ringgit,Gunung Ringgit,all_motifs (864),Gunung Ringgit Blue Bouquet.jpg,Pesona Canting,2022,raw (crop),28 x 28,sRGB IEC61966-2.1,VJB
420,GunungRinggit_00421.jpg,Batik_Lasem/motifs (isen-isen)/Gunung Ringgit/all_motifs (864)/GunungRinggit_00421.jpg,Gunung Ringgit,Gunung Ringgit,all_motifs (864),Gunung Ringgit Blue Bouquet.jpg,Pesona Canting,2022,raw (crop),28 x 28,sRGB IEC61966-2.1,VJB
421,GunungRinggit_00422.jpg,Batik_Lasem/motifs (isen-isen)/Gunung Ringgit/all_motifs (864)/GunungRinggit_00422.jpg,Gunung Ringgit,Gunung Ringgit,all_motifs (864),Gunung Ringgit Blue Bouquet.jpg,Pesona Canting,2022,raw (crop),28 x 28,sRGB IEC61966-2.1,VJB
422,GunungRinggit_00423.jpg,Batik_Lasem/motifs (isen-isen)/Gunung Ringgit/all_motifs (864)/GunungRinggit_00423.jpg,Gunung Ringgit,Gunung Ringgit,all_motifs (864),Gunung Ringgit Blue Bouquet.jpg,Pesona Canting,2022,raw (crop),28 x 28,sRGB IEC61966-2.1,VJB
423,GunungRinggit_00424.jpg,Batik_Lasem/motifs (isen-isen)/Gunung Ringgit/all_motifs (864)/GunungRinggit_00424.jpg,Gunung Ringgit,Gunung Ringgit,all_motifs (864),Gunung Ringgit Blue Bouquet.jpg,Pesona Canting,2022,raw (crop),28 x 28,sRGB IEC61966-2.1,VJB
424,GunungRinggit_00425.jpg,Batik_Lasem/motifs (isen-isen)/Gunung Ringgit/all_motifs (864)/GunungRinggit_00425.jpg,Gunung Ringgit,Gunung Ringgit,all_motifs (864),Gunung Ringgit Blue Bouquet.jpg,Pesona Canting,2022,raw (crop),28 x 28,sRGB IEC61966-2.1,VJB
425,GunungRinggit_00426.jpg,Batik_Lasem/motifs (isen-isen)/Gunung Ringgit/all_motifs (864)/GunungRinggit_00426.jpg,Gunung Ringgit,Gunung Ringgit,all_motifs (864),Gunung Ringgit Blue Bouquet.jpg,Pesona Canting,2022,raw (crop),28 x 28,sRGB IEC61966-2.1,VJB
427,GunungRinggit_00428.jpg,Batik_Lasem/motifs (isen-isen)/Gunung Ringgit/all_motifs (864)/GunungRinggit_00428.jpg,Gunung Ringgit,Gunung Ringgit,all_motifs (864),Gunung Ringgit Blue Bouquet.jpg,Pesona Canting,2022,raw (crop),28 x 28,sRGB IEC61966-2.1,VJB
428,GunungRinggit_00429.jpg,Batik_Lasem/motifs (isen-isen)/Gunung Ringgit/all_motifs (864)/GunungRinggit_00429.jpg,Gunung Ringgit,Gunung Ringgit,all_motifs (864),Gunung Ringgit Blue Bouquet.jpg,Pesona Canting,2022,raw (crop),28 x 28,sRGB IEC61966-2.1,VJB
429,GunungRinggit_00430.jpg,Batik_Lasem/motifs (isen-isen)/Gunung Ringgit/all_motifs (864)/GunungRinggit_00430.jpg,Gunung Ringgit,Gunung Ringgit,all_motifs (864),Gunung Ringgit Blue Bouquet.jpg,Pesona Canting,2022,raw (crop),28 x 28,sRGB IEC61966-2.1,VJB
430,GunungRinggit_00431.jpg,Batik_Lasem/motifs (isen-isen)/Gunung Ringgit/all_motifs (864)/GunungRinggit_00431.jpg,Gunung Ringgit,Gunung Ringgit,all_motifs (864),Gunung Ringgit Blue Bouquet.jpg,Pesona Canting,2022,raw (crop),28 x 28,sRGB IEC61966-2.1,VJB
431,GunungRinggit_00432.jpg,Batik_Lasem/motifs (isen-isen)/Gunung Ringgit/all_motifs (864)/GunungRinggit_00432.jpg,Gunung Ringgit,Gunung Ringgit,all_motifs (864),Gunung Ringgit Blue Bouquet.jpg,Pesona Canting,2022,raw (crop),28 x 28,sRGB IEC61966-2.1,VJB
433,GunungRinggit_00434.jpg,Batik_Lasem/motifs (isen-isen)/Gunung Ringgit/all_motifs (864)/GunungRinggit_00434.jpg,Gunung Ringgit,Gunung Ringgit,all_motifs (864),Gunung Ringgit Blue Bouquet.jpg,Pesona Canting,2022,raw (crop),28 x 28,sRGB IEC61966-2.1,VJB
434,GunungRinggit_00435.jpg,Batik_Lasem/motifs (isen-isen)/Gunung Ringgit/all_motifs (864)/GunungRinggit_00435.jpg,Gunung Ringgit,Gunung Ringgit,all_motifs (864),Gunung Ringgit Blue Bouquet.jpg,Pesona Canting,2022,raw (crop),28 x 28,sRGB IEC61966-2.1,VJB
436,GunungRinggit_00437.jpg,Batik_Lasem/motifs (isen-isen)/Gunung Ringgit/all_motifs (864)/GunungRinggit_00437.jpg,Gunung Ringgit,Gunung Ringgit,all_motifs (864),Gunung Ringgit Blue Bouquet.jpg,Pesona Canting,2022,raw (crop),28 x 28,sRGB IEC61966-2.1,VJB
437,GunungRinggit_00438.jpg,Batik_Lasem/motifs (isen-isen)/Gunung Ringgit/all_motifs (864)/GunungRinggit_00438.jpg,Gunung Ringgit,Gunung Ringgit,all_motifs (864),Gunung Ringgit Blue Bouquet.jpg,Pesona Canting,2022,raw (crop),28 x 28,sRGB IEC61966-2.1,VJB
439,GunungRinggit_00440.jpg,Batik_Lasem/motifs (isen-isen)/Gunung Ringgit/all_motifs (864)/GunungRinggit_00440.jpg,Gunung Ringgit,Gunung Ringgit,all_motifs (864),Gunung Ringgit Blue Bouquet.jpg,Pesona Canting,2022,raw (crop),28 x 28,sRGB IEC61966-2.1,VJB
441,GunungRinggit_00442.jpg,Batik_Lasem/motifs (isen-isen)/Gunung Ringgit/all_motifs (864)/GunungRinggit_00442.jpg,Gunung Ringgit,Gunung Ringgit,all_motifs (864),Gunung Ringgit Blue Bouquet.jpg,Pesona Canting,2022,raw (crop),28 x 28,sRGB IEC61966-2.1,VJB
443,GunungRinggit_00444.jpg,Batik_Lasem/motifs (isen-isen)/Gunung Ringgit/all_motifs (864)/GunungRinggit_00444.jpg,Gunung Ringgit,Gunung Ringgit,all_motifs (864),Gunung Ringgit Blue Bouquet.jpg,Pesona Canting,2022,raw (crop),28 x 28,sRGB IEC61966-2.1,VJB
445,GunungRinggit_00446.jpg,Batik_Lasem/motifs (isen-isen)/Gunung Ringgit/all_motifs (864)/GunungRinggit_00446.jpg,Gunung Ringgit,Gunung Ringgit,all_motifs (864),Gunung Ringgit Blue Bouquet.jpg,Pesona Canting,2022,raw (crop),28 x 28,sRGB IEC61966-2.1,VJB
450,GunungRinggit_00451.jpg,Batik_Lasem/motifs (isen-isen)/Gunung Ringgit/all_motifs (864)/GunungRinggit_00451.jpg,Gunung Ringgit,Gunung Ringgit,all_motifs (864),Gunung Ringgit Bouquet.jpg,Pesona Canting,2021,raw (crop),28 x 28,sRGB IEC61966-2.1,VJB
451,GunungRinggit_00452.jpg,Batik_Lasem/motifs (isen-isen)/Gunung Ringgit/all_motifs (864)/GunungRinggit_00452.jpg,Gunung Ringgit,Gunung Ringgit,all_motifs (864),Gunung Ringgit Bouquet.jpg,Pesona Canting,2021,raw (crop),28 x 28,sRGB IEC61966-2.1,VJB
453,GunungRinggit_00454.jpg,Batik_Lasem/motifs (isen-isen)/Gunung Ringgit/all_motifs (864)/GunungRinggit_00454.jpg,Gunung Ringgit,Gunung Ringgit,all_motifs (864),Gunung Ringgit Bouquet.jpg,Pesona Canting,2021,raw (crop),28 x 28,sRGB IEC61966-2.1,VJB
454,GunungRinggit_00455.jpg,Batik_Lasem/motifs (isen-isen)/Gunung Ringgit/all_motifs (864)/GunungRinggit_00455.jpg,Gunung Ringgit,Gunung Ringgit,all_motifs (864),Gunung Ringgit Bouquet.jpg,Pesona Canting,2021,raw (crop),28 x 28,sRGB IEC61966-2.1,VJB
459,GunungRinggit_00460.jpg,Batik_Lasem/motifs (isen-isen)/Gunung Ringgit/all_motifs (864)/GunungRinggit_00460.jpg,Gunung Ringgit,Gunung Ringgit,all_motifs (864),Gunung Ringgit Bouquet.jpg,Pesona Canting,2021,raw (crop),28 x 28,sRGB IEC61966-2.1,VJB
461,GunungRinggit_00462.jpg,Batik_Lasem/motifs (isen-isen)/Gunung Ringgit/all_motifs (864)/GunungRinggit_00462.jpg,Gunung Ringgit,Gunung Ringgit,all_motifs (864),Gunung Ringgit Bouquet.jpg,Pesona Canting,2021,raw (crop),28 x 28,sRGB IEC61966-2.1,VJB
463,GunungRinggit_00464.jpg,Batik_Lasem/motifs (isen-isen)/Gunung Ringgit/all_motifs (864)/GunungRinggit_00464.jpg,Gunung Ringgit,Gunung Ringgit,all_motifs (864),Gunung Ringgit Bouquet.jpg,Pesona Canting,2021,raw (crop),28 x 28,sRGB IEC61966-2.1,VJB
464,GunungRinggit_00465.jpg,Batik_Lasem/motifs (isen-isen)/Gunung Ringgit/all_motifs (864)/GunungRinggit_00465.jpg,Gunung Ringgit,Gunung Ringgit,all_motifs (864),Gunung Ringgit Bouquet.jpg,Pesona Canting,2021,raw (crop),28 x 28,sRGB IEC61966-2.1,VJB
466,GunungRinggit_00467.jpg,Batik_Lasem/motifs (isen-isen)/Gunung Ringgit/all_motifs (864)/GunungRinggit_00467.jpg,Gunung Ringgit,Gunung Ringgit,all_motifs (864),Gunung Ringgit Bouquet.jpg,Pesona Canting,2021,raw (crop),28 x 28,sRGB IEC61966-2.1,VJB
473,GunungRinggit_00474.jpg,Batik_Lasem/motifs (isen-isen)/Gunung Ringgit/all_motifs (864)/GunungRinggit_00474.jpg,Gunung Ringgit,Gunung Ringgit,all_motifs (864),Monkey Pod Tree & Peacock with Lereng.jpg,Pesona Canting,2022,raw (crop),28 x 28,sRGB IEC61966-2.1,VJB
474,GunungRinggit_00475.jpg,Batik_Lasem/motifs (isen-isen)/Gunung Ringgit/all_motifs (864)/GunungRinggit_00475.jpg,Gunung Ringgit,Gunung Ringgit,all_motifs (864),Monkey Pod Tree & Peacock with Lereng.jpg,Pesona Canting,2022,raw (crop),28 x 28,sRGB IEC61966-2.1,VJB
475,GunungRinggit_00476.jpg,Batik_Lasem/motifs (isen-isen)/Gunung Ringgit/all_motifs (864)/GunungRinggit_00476.jpg,Gunung Ringgit,Gunung Ringgit,all_motifs (864),Monkey Pod Tree & Peacock with Lereng.jpg,Pesona Canting,2022,raw (crop),28 x 28,sRGB IEC61966-2.1,VJB
476,GunungRinggit_00477.jpg,Batik_Lasem/motifs (isen-isen)/Gunung Ringgit/all_motifs (864)/GunungRinggit_00477.jpg,Gunung Ringgit,Gunung Ringgit,all_motifs (864),Monkey Pod Tree & Peacock with Lereng.jpg,Pesona Canting,2022,raw (crop),28 x 28,sRGB IEC61966-2.1,VJB
477,GunungRinggit_00478.jpg,Batik_Lasem/motifs (isen-isen)/Gunung Ringgit/all_motifs (864)/GunungRinggit_00478.jpg,Gunung Ringgit,Gunung Ringgit,all_motifs (864),Monkey Pod Tree & Peacock with Lereng.jpg,Pesona Canting,2022,raw (crop),28 x 28,sRGB IEC61966-2.1,VJB
479,GunungRinggit_00480.jpg,Batik_Lasem/motifs (isen-isen)/Gunung Ringgit/all_motifs (864)/GunungRinggit_00480.jpg,Gunung Ringgit,Gunung Ringgit,all_motifs (864),"Temple, Lantern & Dragon with Bledak Background.jpg",Pesona Canting,2022,raw (crop),28 x 28,sRGB IEC61966-2.1,VJB
480,GunungRinggit_00481.jpg,Batik_Lasem/motifs (isen-isen)/Gunung Ringgit/all_motifs (864)/GunungRinggit_00481.jpg,Gunung Ringgit,Gunung Ringgit,all_motifs (864),"Temple, Lantern & Dragon with Bledak Background.jpg",Pesona Canting,2022,raw (crop),28 x 28,sRGB IEC61966-2.1,VJB
481,GunungRinggit_00482.jpg,Batik_Lasem/motifs (isen-isen)/Gunung Ringgit/all_motifs (864)/GunungRinggit_00482.jpg,Gunung Ringgit,Gunung Ringgit,all_motifs (864),"Temple, Lantern & Dragon with Bledak Background.jpg",Pesona Canting,2022,raw (crop),28 x 28,sRGB IEC61966-2.1,VJB
482,GunungRinggit_00483.jpg,Batik_Lasem/motifs (isen-isen)/Gunung Ringgit/all_motifs (864)/GunungRinggit_00483.jpg,Gunung Ringgit,Gunung Ringgit,all_motifs (864),"Temple, Lantern & Dragon with Bledak Background.jpg",Pesona Canting,2022,raw (crop),28 x 28,sRGB IEC61966-2.1,VJB
485,GunungRinggit_00486.jpg,Batik_Lasem/motifs (isen-isen)/Gunung Ringgit/all_motifs (864)/GunungRinggit_00486.jpg,Gunung Ringgit,Gunung Ringgit,all_motifs (864),Gunung Ringgit Blue Bouquet.jpg,Pesona Canting,2022,raw (crop),28 x 28,sRGB IEC61966-2.1,VJB
486,GunungRinggit_00487.jpg,Batik_Lasem/motifs (isen-isen)/Gunung Ringgit/all_motifs (864)/GunungRinggit_00487.jpg,Gunung Ringgit,Gunung Ringgit,all_motifs (864),Gunung Ringgit Blue Bouquet.jpg,Pesona Canting,2022,raw (crop),28 x 28,sRGB IEC61966-2.1,VJB
488,GunungRinggit_00489.jpg,Batik_Lasem/motifs (isen-isen)/Gunung Ringgit/all_motifs (864)/GunungRinggit_00489.jpg,Gunung Ringgit,Gunung Ringgit,all_motifs (864),Gunung Ringgit Blue Bouquet.jpg,Pesona Canting,2022,raw (crop),28 x 28,sRGB IEC61966-2.1,VJB
490,GunungRinggit_00491.jpg,Batik_Lasem/motifs (isen-isen)/Gunung Ringgit/all_motifs (864)/GunungRinggit_00491.jpg,Gunung Ringgit,Gunung Ringgit,all_motifs (864),Gunung Ringgit Blue Bouquet.jpg,Pesona Canting,2022,raw (crop),28 x 28,sRGB IEC61966-2.1,VJB
493,GunungRinggit_00494.jpg,Batik_Lasem/motifs (isen-isen)/Gunung Ringgit/all_motifs (864)/GunungRinggit_00494.jpg,Gunung Ringgit,Gunung Ringgit,all_motifs (864),Gunung Ringgit Blue Bouquet.jpg,Pesona Canting,2022,raw (crop),28 x 28,sRGB IEC61966-2.1,VJB
494,GunungRinggit_00495.jpg,Batik_Lasem/motifs (isen-isen)/Gunung Ringgit/all_motifs (864)/GunungRinggit_00495.jpg,Gunung Ringgit,Gunung Ringgit,all_motifs (864),Gunung Ringgit Blue Bouquet.jpg,Pesona Canting,2022,raw (crop),28 x 28,sRGB IEC61966-2.1,VJB
495,GunungRinggit_00496.jpg,Batik_Lasem/motifs (isen-isen)/Gunung Ringgit/all_motifs (864)/GunungRinggit_00496.jpg,Gunung Ringgit,Gunung Ringgit,all_motifs (864),Gunung Ringgit Blue Bouquet.jpg,Pesona Canting,2022,raw (crop),28 x 28,sRGB IEC61966-2.1,VJB
496,GunungRinggit_00497.jpg,Batik_Lasem/motifs (isen-isen)/Gunung Ringgit/all_motifs (864)/GunungRinggit_00497.jpg,Gunung Ringgit,Gunung Ringgit,all_motifs (864),Gunung Ringgit Blue Bouquet.jpg,Pesona Canting,2022,raw (crop),28 x 28,sRGB IEC61966-2.1,VJB
497,GunungRinggit_00498.jpg,Batik_Lasem/motifs (isen-isen)/Gunung Ringgit/all_motifs (864)/GunungRinggit_00498.jpg,Gunung Ringgit,Gunung Ringgit,all_motifs (864),Gunung Ringgit Blue Bouquet.jpg,Pesona Canting,2022,raw (crop),28 x 28,sRGB IEC61966-2.1,VJB
498,GunungRinggit_00499.jpg,Batik_Lasem/motifs (isen-isen)/Gunung Ringgit/all_motifs (864)/GunungRinggit_00499.jpg,Gunung Ringgit,Gunung Ringgit,all_motifs (864),Gunung Ringgit Blue Bouquet.jpg,Pesona Canting,2022,raw (crop),28 x 28,sRGB IEC61966-2.1,VJB
499,GunungRinggit_00500.jpg,Batik_Lasem/motifs (isen-isen)/Gunung Ringgit/all_motifs (864)/GunungRinggit_00500.jpg,Gunung Ringgit,Gunung Ringgit,all_motifs (864),Gunung Ringgit Blue Bouquet.jpg,Pesona Canting,2022,raw (crop),28 x 28,sRGB IEC61966-2.1,VJB
500,GunungRinggit_00501.jpg,Batik_Lasem/motifs (isen-isen)/Gunung Ringgit/all_motifs (864)/GunungRinggit_00501.jpg,Gunung Ringgit,Gunung Ringgit,all_motifs (864),Gunung Ringgit Blue Bouquet.jpg,Pesona Canting,2022,raw (crop),28 x 28,sRGB IEC61966-2.1,VJB
504,GunungRinggit_00505.jpg,Batik_Lasem/motifs (isen-isen)/Gunung Ringgit/all_motifs (864)/GunungRinggit_00505.jpg,Gunung Ringgit,Gunung Ringgit,all_motifs (864),Gunung Ringgit Blue Bouquet.jpg,Pesona Canting,2022,raw (crop),28 x 28,sRGB IEC61966-2.1,VJB
505,GunungRinggit_00506.jpg,Batik_Lasem/motifs (isen-isen)/Gunung Ringgit/all_motifs (864)/GunungRinggit_00506.jpg,Gunung Ringgit,Gunung Ringgit,all_motifs (864),Gunung Ringgit Blue Bouquet.jpg,Pesona Canting,2022,raw (crop),28 x 28,sRGB IEC61966-2.1,VJB
508,GunungRinggit_00509.jpg,Batik_Lasem/motifs (isen-isen)/Gunung Ringgit/all_motifs (864)/GunungRinggit_00509.jpg,Gunung Ringgit,Gunung Ringgit,all_motifs (864),Gunung Ringgit Blue Bouquet.jpg,Pesona Canting,2022,raw (crop),28 x 28,sRGB IEC61966-2.1,VJB
514,GunungRinggit_00515.jpg,Batik_Lasem/motifs (isen-isen)/Gunung Ringgit/all_motifs (864)/GunungRinggit_00515.jpg,Gunung Ringgit,Gunung Ringgit,all_motifs (864),Gunung Ringgit Blue Bouquet.jpg,Pesona Canting,2022,raw (crop),28 x 28,sRGB IEC61966-2.1,VJB
519,GunungRinggit_00520.jpg,Batik_Lasem/motifs (isen-isen)/Gunung Ringgit/all_motifs (864)/GunungRinggit_00520.jpg,Gunung Ringgit,Gunung Ringgit,all_motifs (864),Gunung Ringgit Bouquet.jpg,Pesona Canting,2021,raw (crop),28 x 28,sRGB IEC61966-2.1,VJB
520,GunungRinggit_00521.jpg,Batik_Lasem/motifs (isen-isen)/Gunung Ringgit/all_motifs (864)/GunungRinggit_00521.jpg,Gunung Ringgit,Gunung Ringgit,all_motifs (864),Gunung Ringgit Bouquet.jpg,Pesona Canting,2021,raw (crop),28 x 28,sRGB IEC61966-2.1,VJB
525,GunungRinggit_00526.jpg,Batik_Lasem/motifs (isen-isen)/Gunung Ringgit/all_motifs (864)/GunungRinggit_00526.jpg,Gunung Ringgit,Gunung Ringgit,all_motifs (864),Gunung Ringgit Bouquet.jpg,Pesona Canting,2021,raw (crop),28 x 28,sRGB IEC61966-2.1,VJB
531,GunungRinggit_00532.jpg,Batik_Lasem/motifs (isen-isen)/Gunung Ringgit/all_motifs (864)/GunungRinggit_00532.jpg,Gunung Ringgit,Gunung Ringgit,all_motifs (864),Gunung Ringgit Bouquet.jpg,Pesona Canting,2021,raw (crop),28 x 28,sRGB IEC61966-2.1,VJB
532,GunungRinggit_00533.jpg,Batik_Lasem/motifs (isen-isen)/Gunung Ringgit/all_motifs (864)/GunungRinggit_00533.jpg,Gunung Ringgit,Gunung Ringgit,all_motifs (864),Gunung Ringgit Bouquet.jpg,Pesona Canting,2021,raw (crop),28 x 28,sRGB IEC61966-2.1,VJB
535,GunungRinggit_00536.jpg,Batik_Lasem/motifs (isen-isen)/Gunung Ringgit/all_motifs (864)/GunungRinggit_00536.jpg,Gunung Ringgit,Gunung Ringgit,all_motifs (864),Gunung Ringgit Bouquet.jpg,Pesona Canting,2021,raw (crop),28 x 28,sRGB IEC61966-2.1,VJB
536,GunungRinggit_00537.jpg,Batik_Lasem/motifs (isen-isen)/Gunung Ringgit/all_motifs (864)/GunungRinggit_00537.jpg,Gunung Ringgit,Gunung Ringgit,all_motifs (864),Gunung Ringgit Bouquet.jpg,Pesona Canting,2021,raw (crop),28 x 28,sRGB IEC61966-2.1,VJB
539,GunungRinggit_00540.jpg,Batik_Lasem/motifs (isen-isen)/Gunung Ringgit/all_motifs (864)/GunungRinggit_00540.jpg,Gunung Ringgit,Gunung Ringgit,all_motifs (864),Gunung Ringgit Bouquet.jpg,Pesona Canting,2021,raw (crop),28 x 28,sRGB IEC61966-2.1,VJB
545,GunungRinggit_00546.jpg,Batik_Lasem/motifs (isen-isen)/Gunung Ringgit/all_motifs (864)/GunungRinggit_00546.jpg,Gunung Ringgit,Gunung Ringgit,all_motifs (864),Gunung Ringgit Bouquet.jpg,Pesona Canting,2021,raw (crop),28 x 28,sRGB IEC61966-2.1,VJB
546,GunungRinggit_00547.jpg,Batik_Lasem/motifs (isen-isen)/Gunung Ringgit/all_motifs (864)/GunungRinggit_00547.jpg,Gunung Ringgit,Gunung Ringgit,all_motifs (864),Gunung Ringgit Bouquet.jpg,Pesona Canting,2021,raw (crop),28 x 28,sRGB IEC61966-2.1,VJB
549,GunungRinggit_00550.jpg,Batik_Lasem/motifs (isen-isen)/Gunung Ringgit/all_motifs (864)/GunungRinggit_00550.jpg,Gunung Ringgit,Gunung Ringgit,all_motifs (864),Gunung Ringgit Bouquet.jpg,Pesona Canting,2021,raw (crop),28 x 28,sRGB IEC61966-2.1,VJB
550,GunungRinggit_00551.jpg,Batik_Lasem/motifs (isen-isen)/Gunung Ringgit/all_motifs (864)/GunungRinggit_00551.jpg,Gunung Ringgit,Gunung Ringgit,all_motifs (864),Gunung Ringgit Bouquet.jpg,Pesona Canting,2021,raw (crop),28 x 28,sRGB IEC61966-2.1,VJB
555,GunungRinggit_00556.jpg,Batik_Lasem/motifs (isen-isen)/Gunung Ringgit/all_motifs (864)/GunungRinggit_00556.jpg,Gunung Ringgit,Gunung Ringgit,all_motifs (864),Gunung Ringgit Bouquet.jpg,Pesona Canting,2021,raw (crop),28 x 28,sRGB IEC61966-2.1,VJB
559,GunungRinggit_00560.jpg,Batik_Lasem/motifs (isen-isen)/Gunung Ringgit/all_motifs (864)/GunungRinggit_00560.jpg,Gunung Ringgit,Gunung Ringgit,all_motifs (864),Gunung Ringgit Bouquet.jpg,Pesona Canting,2021,raw (crop),28 x 28,sRGB IEC61966-2.1,VJB
563,GunungRinggit_00564.jpg,Batik_Lasem/motifs (isen-isen)/Gunung Ringgit/all_motifs (864)/GunungRinggit_00564.jpg,Gunung Ringgit,Gunung Ringgit,all_motifs (864),Monkey Pod Tree & Peacock with Lereng.jpg,Pesona Canting,2022,raw (crop),28 x 28,sRGB IEC61966-2.1,VJB
568,GunungRinggit_00569.jpg,Batik_Lasem/motifs (isen-isen)/Gunung Ringgit/all_motifs (864)/GunungRinggit_00569.jpg,Gunung Ringgit,Gunung Ringgit,all_motifs (864),Monkey Pod Tree & Peacock with Lereng.jpg,Pesona Canting,2022,raw (crop),28 x 28,sRGB IEC61966-2.1,VJB
572,GunungRinggit_00573.jpg,Batik_Lasem/motifs (isen-isen)/Gunung Ringgit/all_motifs (864)/GunungRinggit_00573.jpg,Gunung Ringgit,Gunung Ringgit,all_motifs (864),Monkey Pod Tree & Peacock with Lereng.jpg,Pesona Canting,2022,raw (crop),28 x 28,sRGB IEC61966-2.1,VJB
574,GunungRinggit_00575.jpg,Batik_Lasem/motifs (isen-isen)/Gunung Ringgit/all_motifs (864)/GunungRinggit_00575.jpg,Gunung Ringgit,Gunung Ringgit,all_motifs (864),Monkey Pod Tree & Peacock with Lereng.jpg,Pesona Canting,2022,raw (crop),28 x 28,sRGB IEC61966-2.1,VJB
575,GunungRinggit_00576.jpg,Batik_Lasem/motifs (isen-isen)/Gunung Ringgit/all_motifs (864)/GunungRinggit_00576.jpg,Gunung Ringgit,Gunung Ringgit,all_motifs (864),Monkey Pod Tree & Peacock with Lereng.jpg,Pesona Canting,2022,raw (crop),28 x 28,sRGB IEC61966-2.1,VJB
576,GunungRinggit_00577.jpg,Batik_Lasem/motifs (isen-isen)/Gunung Ringgit/all_motifs (864)/GunungRinggit_00577.jpg,Gunung Ringgit,Gunung Ringgit,all_motifs (864),Monkey Pod Tree & Peacock with Lereng.jpg,Pesona Canting,2022,raw (crop),28 x 28,sRGB IEC61966-2.1,VJB
577,GunungRinggit_00578.jpg,Batik_Lasem/motifs (isen-isen)/Gunung Ringgit/all_motifs (864)/GunungRinggit_00578.jpg,Gunung Ringgit,Gunung Ringgit,all_motifs (864),Monkey Pod Tree & Peacock with Lereng.jpg,Pesona Canting,2022,raw (crop),28 x 28,sRGB IEC61966-2.1,VJB
578,GunungRinggit_00579.jpg,Batik_Lasem/motifs (isen-isen)/Gunung Ringgit/all_motifs (864)/GunungRinggit_00579.jpg,Gunung Ringgit,Gunung Ringgit,all_motifs (864),Monkey Pod Tree & Peacock with Lereng.jpg,Pesona Canting,2022,raw (crop),28 x 28,sRGB IEC61966-2.1,VJB
579,GunungRinggit_00580.jpg,Batik_Lasem/motifs (isen-isen)/Gunung Ringgit/all_motifs (864)/GunungRinggit_00580.jpg,Gunung Ringgit,Gunung Ringgit,all_motifs (864),Gunung Ringgit Kopi Lelet.jpg,VJ Basiroen artwork,2022,raw (crop),28 x 28,sRGB IEC61966-2.1,VJB
583,GunungRinggit_00584.jpg,Batik_Lasem/motifs (isen-isen)/Gunung Ringgit/all_motifs (864)/GunungRinggit_00584.jpg,Gunung Ringgit,Gunung Ringgit,all_motifs (864),Gunung Ringgit Kopi Lelet.jpg,VJ Basiroen artwork,2022,raw (crop),28 x 28,sRGB IEC61966-2.1,VJB
585,GunungRinggit_00586.jpg,Batik_Lasem/motifs (isen-isen)/Gunung Ringgit/all_motifs (864)/GunungRinggit_00586.jpg,Gunung Ringgit,Gunung Ringgit,all_motifs (864),Gunung Ringgit Kopi Lelet.jpg,VJ Basiroen artwork,2022,raw (crop),28 x 28,sRGB IEC61966-2.1,VJB
588,GunungRinggit_00589.jpg,Batik_Lasem/motifs (isen-isen)/Gunung Ringgit/all_motifs (864)/GunungRinggit_00589.jpg,Gunung Ringgit,Gunung Ringgit,all_motifs (864),Gunung Ringgit Kopi Lelet.jpg,VJ Basiroen artwork,2022,raw (crop),28 x 28,sRGB IEC61966-2.1,VJB
590,GunungRinggit_00591.jpg,Batik_Lasem/motifs (isen-isen)/Gunung Ringgit/all_motifs (864)/GunungRinggit_00591.jpg,Gunung Ringgit,Gunung Ringgit,all_motifs (864),Gunung Ringgit Kopi Lelet.jpg,VJ Basiroen artwork,2022,raw (crop),28 x 28,sRGB IEC61966-2.1,VJB
592,GunungRinggit_00593.jpg,Batik_Lasem/motifs (isen-isen)/Gunung Ringgit/all_motifs (864)/GunungRinggit_00593.jpg,Gunung Ringgit,Gunung Ringgit,all_motifs (864),Gunung Ringgit Kopi Lelet.jpg,VJ Basiroen artwork,2022,raw (crop),28 x 28,sRGB IEC61966-2.1,VJB
594,GunungRinggit_00595.jpg,Batik_Lasem/motifs (isen-isen)/Gunung Ringgit/all_motifs (864)/GunungRinggit_00595.jpg,Gunung Ringgit,Gunung Ringgit,all_motifs (864),Gunung Ringgit Kopi Lelet.jpg,VJ Basiroen artwork,2022,raw (crop),28 x 28,sRGB IEC61966-2.1,VJB
595,GunungRinggit_00596.jpg,Batik_Lasem/motifs (isen-isen)/Gunung Ringgit/all_motifs (864)/GunungRinggit_00596.jpg,Gunung Ringgit,Gunung Ringgit,all_motifs (864),Gunung Ringgit Kopi Lelet.jpg,VJ Basiroen artwork,2022,raw (crop),28 x 28,sRGB IEC61966-2.1,VJB
596,GunungRinggit_00597.jpg,Batik_Lasem/motifs (isen-isen)/Gunung Ringgit/all_motifs (864)/GunungRinggit_00597.jpg,Gunung Ringgit,Gunung Ringgit,all_motifs (864),Gunung Ringgit Bouquet.jpg,Pesona Canting,2021,raw (crop),28 x 28,sRGB IEC61966-2.1,VJB
601,GunungRinggit_00602.jpg,Batik_Lasem/motifs (isen-isen)/Gunung Ringgit/all_motifs (864)/GunungRinggit_00602.jpg,Gunung Ringgit,Gunung Ringgit,all_motifs (864),Gunung Ringgit Bouquet.jpg,Pesona Canting,2021,raw (crop),28 x 28,sRGB IEC61966-2.1,VJB
604,GunungRinggit_00605.jpg,Batik_Lasem/motifs (isen-isen)/Gunung Ringgit/all_motifs (864)/GunungRinggit_00605.jpg,Gunung Ringgit,Gunung Ringgit,all_motifs (864),Gunung Ringgit Bouquet.jpg,Pesona Canting,2021,raw (crop),28 x 28,sRGB IEC61966-2.1,VJB
606,GunungRinggit_00607.jpg,Batik_Lasem/motifs (isen-isen)/Gunung Ringgit/all_motifs (864)/GunungRinggit_00607.jpg,Gunung Ringgit,Gunung Ringgit,all_motifs (864),Gunung Ringgit Bouquet.jpg,Pesona Canting,2021,raw (crop),28 x 28,sRGB IEC61966-2.1,VJB
607,GunungRinggit_00608.jpg,Batik_Lasem/motifs (isen-isen)/Gunung Ringgit/all_motifs (864)/GunungRinggit_00608.jpg,Gunung Ringgit,Gunung Ringgit,all_motifs (864),Gunung Ringgit Bouquet.jpg,Pesona Canting,2021,raw (crop),28 x 28,sRGB IEC61966-2.1,VJB
611,GunungRinggit_00612.jpg,Batik_Lasem/motifs (isen-isen)/Gunung Ringgit/all_motifs (864)/GunungRinggit_00612.jpg,Gunung Ringgit,Gunung Ringgit,all_motifs (864),Gunung Ringgit Bouquet.jpg,Pesona Canting,2021,raw (crop),28 x 28,sRGB IEC61966-2.1,VJB
612,GunungRinggit_00613.jpg,Batik_Lasem/motifs (isen-isen)/Gunung Ringgit/all_motifs (864)/GunungRinggit_00613.jpg,Gunung Ringgit,Gunung Ringgit,all_motifs (864),Gunung Ringgit Bouquet.jpg,Pesona Canting,2021,raw (crop),28 x 28,sRGB IEC61966-2.1,VJB
614,GunungRinggit_00615.jpg,Batik_Lasem/motifs (isen-isen)/Gunung Ringgit/all_motifs (864)/GunungRinggit_00615.jpg,Gunung Ringgit,Gunung Ringgit,all_motifs (864),Gunung Ringgit Bouquet.jpg,Pesona Canting,2021,raw (crop),28 x 28,sRGB IEC61966-2.1,VJB
615,GunungRinggit_00616.jpg,Batik_Lasem/motifs (isen-isen)/Gunung Ringgit/all_motifs (864)/GunungRinggit_00616.jpg,Gunung Ringgit,Gunung Ringgit,all_motifs (864),Gunung Ringgit Bouquet.jpg,Pesona Canting,2021,raw (crop),28 x 28,sRGB IEC61966-2.1,VJB
616,GunungRinggit_00617.jpg,Batik_Lasem/motifs (isen-isen)/Gunung Ringgit/all_motifs (864)/GunungRinggit_00617.jpg,Gunung Ringgit,Gunung Ringgit,all_motifs (864),Gunung Ringgit Bouquet.jpg,Pesona Canting,2021,raw (crop),28 x 28,sRGB IEC61966-2.1,VJB
619,GunungRinggit_00620.jpg,Batik_Lasem/motifs (isen-isen)/Gunung Ringgit/all_motifs (864)/GunungRinggit_00620.jpg,Gunung Ringgit,Gunung Ringgit,all_motifs (864),Gunung Ringgit Bouquet.jpg,Pesona Canting,2021,raw (crop),28 x 28,sRGB IEC61966-2.1,VJB
620,GunungRinggit_00621.jpg,Batik_Lasem/motifs (isen-isen)/Gunung Ringgit/all_motifs (864)/GunungRinggit_00621.jpg,Gunung Ringgit,Gunung Ringgit,all_motifs (864),Gunung Ringgit Bouquet.jpg,Pesona Canting,2021,raw (crop),28 x 28,sRGB IEC61966-2.1,VJB
625,GunungRinggit_00626.jpg,Batik_Lasem/motifs (isen-isen)/Gunung Ringgit/all_motifs (864)/GunungRinggit_00626.jpg,Gunung Ringgit,Gunung Ringgit,all_motifs (864),Gunung Ringgit Pink Bouquet.jpg,Pesona Canting,2022,raw (crop),28 x 28,sRGB IEC61966-2.1,VJB
629,GunungRinggit_00630.jpg,Batik_Lasem/motifs (isen-isen)/Gunung Ringgit/all_motifs (864)/GunungRinggit_00630.jpg,Gunung Ringgit,Gunung Ringgit,all_motifs (864),Gunung Ringgit Pink Bouquet.jpg,Pesona Canting,2022,raw (crop),28 x 28,sRGB IEC61966-2.1,VJB
630,GunungRinggit_00631.jpg,Batik_Lasem/motifs (isen-isen)/Gunung Ringgit/all_motifs (864)/GunungRinggit_00631.jpg,Gunung Ringgit,Gunung Ringgit,all_motifs (864),Gunung Ringgit Pink Bouquet.jpg,Pesona Canting,2022,raw (crop),28 x 28,sRGB IEC61966-2.1,VJB
635,GunungRinggit_00636.jpg,Batik_Lasem/motifs (isen-isen)/Gunung Ringgit/all_motifs (864)/GunungRinggit_00636.jpg,Gunung Ringgit,Gunung Ringgit,all_motifs (864),Gunung Ringgit Pink Bouquet.jpg,Pesona Canting,2022,raw (crop),28 x 28,sRGB IEC61966-2.1,VJB
638,GunungRinggit_00639.jpg,Batik_Lasem/motifs (isen-isen)/Gunung Ringgit/all_motifs (864)/GunungRinggit_00639.jpg,Gunung Ringgit,Gunung Ringgit,all_motifs (864),Gunung Ringgit Pink Bouquet.jpg,Pesona Canting,2022,raw (crop),28 x 28,sRGB IEC61966-2.1,VJB
640,GunungRinggit_00641.jpg,Batik_Lasem/motifs (isen-isen)/Gunung Ringgit/all_motifs (864)/GunungRinggit_00641.jpg,Gunung Ringgit,Gunung Ringgit,all_motifs (864),Gunung Ringgit Pink Bouquet.jpg,Pesona Canting,2022,raw (crop),28 x 28,sRGB IEC61966-2.1,VJB
643,GunungRinggit_00644.jpg,Batik_Lasem/motifs (isen-isen)/Gunung Ringgit/all_motifs (864)/GunungRinggit_00644.jpg,Gunung Ringgit,Gunung Ringgit,all_motifs (864),Gunung Ringgit Pink Bouquet.jpg,Pesona Canting,2022,raw (crop),28 x 28,sRGB IEC61966-2.1,VJB
644,GunungRinggit_00645.jpg,Batik_Lasem/motifs (isen-isen)/Gunung Ringgit/all_motifs (864)/GunungRinggit_00645.jpg,Gunung Ringgit,Gunung Ringgit,all_motifs (864),Gunung Ringgit Pink Bouquet.jpg,Pesona Canting,2022,raw (crop),28 x 28,sRGB IEC61966-2.1,VJB
646,GunungRinggit_00647.jpg,Batik_Lasem/motifs (isen-isen)/Gunung Ringgit/all_motifs (864)/GunungRinggit_00647.jpg,Gunung Ringgit,Gunung Ringgit,all_motifs (864),Gunung Ringgit Pink Bouquet.jpg,Pesona Canting,2022,raw (crop),28 x 28,sRGB IEC61966-2.1,VJB
647,GunungRinggit_00648.jpg,Batik_Lasem/motifs (isen-isen)/Gunung Ringgit/all_motifs (864)/GunungRinggit_00648.jpg,Gunung Ringgit,Gunung Ringgit,all_motifs (864),Gunung Ringgit Bouquet.jpg,Pesona Canting,2021,raw (crop),28 x 28,sRGB IEC61966-2.1,VJB
648,GunungRinggit_00649.jpg,Batik_Lasem/motifs (isen-isen)/Gunung Ringgit/all_motifs (864)/GunungRinggit_00649.jpg,Gunung Ringgit,Gunung Ringgit,all_motifs (864),Gunung Ringgit Bouquet.jpg,Pesona Canting,2021,raw (crop),28 x 28,sRGB IEC61966-2.1,VJB
650,GunungRinggit_00651.jpg,Batik_Lasem/motifs (isen-isen)/Gunung Ringgit/all_motifs (864)/GunungRinggit_00651.jpg,Gunung Ringgit,Gunung Ringgit,all_motifs (864),Gunung Ringgit Bouquet.jpg,Pesona Canting,2021,raw (crop),28 x 28,sRGB IEC61966-2.1,VJB
651,GunungRinggit_00652.jpg,Batik_Lasem/motifs (isen-isen)/Gunung Ringgit/all_motifs (864)/GunungRinggit_00652.jpg,Gunung Ringgit,Gunung Ringgit,all_motifs (864),Gunung Ringgit Bouquet.jpg,Pesona Canting,2021,raw (crop),28 x 28,sRGB IEC61966-2.1,VJB
652,GunungRinggit_00653.jpg,Batik_Lasem/motifs (isen-isen)/Gunung Ringgit/all_motifs (864)/GunungRinggit_00653.jpg,Gunung Ringgit,Gunung Ringgit,all_motifs (864),Gunung Ringgit Bouquet.jpg,Pesona Canting,2021,raw (crop),28 x 28,sRGB IEC61966-2.1,VJB
653,GunungRinggit_00654.jpg,Batik_Lasem/motifs (isen-isen)/Gunung Ringgit/all_motifs (864)/GunungRinggit_00654.jpg,Gunung Ringgit,Gunung Ringgit,all_motifs (864),Gunung Ringgit Bouquet.jpg,Pesona Canting,2021,raw (crop),28 x 28,sRGB IEC61966-2.1,VJB
654,GunungRinggit_00655.jpg,Batik_Lasem/motifs (isen-isen)/Gunung Ringgit/all_motifs (864)/GunungRinggit_00655.jpg,Gunung Ringgit,Gunung Ringgit,all_motifs (864),Gunung Ringgit Bouquet.jpg,Pesona Canting,2021,raw (crop),28 x 28,sRGB IEC61966-2.1,VJB
655,GunungRinggit_00656.jpg,Batik_Lasem/motifs (isen-isen)/Gunung Ringgit/all_motifs (864)/GunungRinggit_00656.jpg,Gunung Ringgit,Gunung Ringgit,all_motifs (864),Gunung Ringgit Bouquet.jpg,Pesona Canting,2021,raw (crop),28 x 28,sRGB IEC61966-2.1,VJB
659,GunungRinggit_00660.jpg,Batik_Lasem/motifs (isen-isen)/Gunung Ringgit/all_motifs (864)/GunungRinggit_00660.jpg,Gunung Ringgit,Gunung Ringgit,all_motifs (864),Gunung Ringgit Bouquet.jpg,Pesona Canting,2021,raw (crop),28 x 28,sRGB IEC61966-2.1,VJB
660,GunungRinggit_00661.jpg,Batik_Lasem/motifs (isen-isen)/Gunung Ringgit/all_motifs (864)/GunungRinggit_00661.jpg,Gunung Ringgit,Gunung Ringgit,all_motifs (864),Gunung Ringgit Bouquet.jpg,Pesona Canting,2021,raw (crop),28 x 28,sRGB IEC61966-2.1,VJB
666,GunungRinggit_00667.jpg,Batik_Lasem/motifs (isen-isen)/Gunung Ringgit/all_motifs (864)/GunungRinggit_00667.jpg,Gunung Ringgit,Gunung Ringgit,all_motifs (864),Gunung Ringgit Bouquet.jpg,Pesona Canting,2021,raw (crop),28 x 28,sRGB IEC61966-2.1,VJB
668,GunungRinggit_00669.jpg,Batik_Lasem/motifs (isen-isen)/Gunung Ringgit/all_motifs (864)/GunungRinggit_00669.jpg,Gunung Ringgit,Gunung Ringgit,all_motifs (864),Gunung Ringgit Bouquet.jpg,Pesona Canting,2021,raw (crop),28 x 28,sRGB IEC61966-2.1,VJB
670,GunungRinggit_00671.jpg,Batik_Lasem/motifs (isen-isen)/Gunung Ringgit/all_motifs (864)/GunungRinggit_00671.jpg,Gunung Ringgit,Gunung Ringgit,all_motifs (864),Gunung Ringgit Bouquet.jpg,Pesona Canting,2021,raw (crop),28 x 28,sRGB IEC61966-2.1,VJB
671,GunungRinggit_00672.jpg,Batik_Lasem/motifs (isen-isen)/Gunung Ringgit/all_motifs (864)/GunungRinggit_00672.jpg,Gunung Ringgit,Gunung Ringgit,all_motifs (864),Gunung Ringgit Bouquet.jpg,Pesona Canting,2021,raw (crop),28 x 28,sRGB IEC61966-2.1,VJB
672,GunungRinggit_00673.jpg,Batik_Lasem/motifs (isen-isen)/Gunung Ringgit/all_motifs (864)/GunungRinggit_00673.jpg,Gunung Ringgit,Gunung Ringgit,all_motifs (864),Gunung Ringgit Bouquet.jpg,Pesona Canting,2021,raw (crop),28 x 28,sRGB IEC61966-2.1,VJB
673,GunungRinggit_00674.jpg,Batik_Lasem/motifs (isen-isen)/Gunung Ringgit/all_motifs (864)/GunungRinggit_00674.jpg,Gunung Ringgit,Gunung Ringgit,all_motifs (864),Gunung Ringgit Bouquet.jpg,Pesona Canting,2021,raw (crop),28 x 28,sRGB IEC61966-2.1,VJB
674,GunungRinggit_00675.jpg,Batik_Lasem/motifs (isen-isen)/Gunung Ringgit/all_motifs (864)/GunungRinggit_00675.jpg,Gunung Ringgit,Gunung Ringgit,all_motifs (864),Gunung Ringgit Bouquet.jpg,Pesona Canting,2021,raw (crop),28 x 28,sRGB IEC61966-2.1,VJB
676,GunungRinggit_00677.jpg,Batik_Lasem/motifs (isen-isen)/Gunung Ringgit/all_motifs (864)/GunungRinggit_00677.jpg,Gunung Ringgit,Gunung Ringgit,all_motifs (864),Gunung Ringgit Bouquet.jpg,Pesona Canting,2021,raw (crop),28 x 28,sRGB IEC61966-2.1,VJB
677,GunungRinggit_00678.jpg,Batik_Lasem/motifs (isen-isen)/Gunung Ringgit/all_motifs (864)/GunungRinggit_00678.jpg,Gunung Ringgit,Gunung Ringgit,all_motifs (864),Gunung Ringgit Bouquet.jpg,Pesona Canting,2021,raw (crop),28 x 28,sRGB IEC61966-2.1,VJB
681,GunungRinggit_00682.jpg,Batik_Lasem/motifs (isen-isen)/Gunung Ringgit/all_motifs (864)/GunungRinggit_00682.jpg,Gunung Ringgit,Gunung Ringgit,all_motifs (864),Gunung Ringgit Bouquet.jpg,Pesona Canting,2021,raw (crop),28 x 28,sRGB IEC61966-2.1,VJB
685,GunungRinggit_00686.jpg,Batik_Lasem/motifs (isen-isen)/Gunung Ringgit/all_motifs (864)/GunungRinggit_00686.jpg,Gunung Ringgit,Gunung Ringgit,all_motifs (864),Gunung Ringgit Bouquet.jpg,Pesona Canting,2021,raw (crop),28 x 28,sRGB IEC61966-2.1,VJB
688,GunungRinggit_00689.jpg,Batik_Lasem/motifs (isen-isen)/Gunung Ringgit/all_motifs (864)/GunungRinggit_00689.jpg,Gunung Ringgit,Gunung Ringgit,all_motifs (864),Gunung Ringgit Bouquet.jpg,Pesona Canting,2021,raw (crop),28 x 28,sRGB IEC61966-2.1,VJB
689,GunungRinggit_00690.jpg,Batik_Lasem/motifs (isen-isen)/Gunung Ringgit/all_motifs (864)/GunungRinggit_00690.jpg,Gunung Ringgit,Gunung Ringgit,all_motifs (864),Gunung Ringgit Bouquet.jpg,Pesona Canting,2021,raw (crop),28 x 28,sRGB IEC61966-2.1,VJB
691,GunungRinggit_00692.jpg,Batik_Lasem/motifs (isen-isen)/Gunung Ringgit/all_motifs (864)/GunungRinggit_00692.jpg,Gunung Ringgit,Gunung Ringgit,all_motifs (864),Gunung Ringgit Bouquet.jpg,Pesona Canting,2021,raw (crop),28 x 28,sRGB IEC61966-2.1,VJB
692,GunungRinggit_00693.jpg,Batik_Lasem/motifs (isen-isen)/Gunung Ringgit/all_motifs (864)/GunungRinggit_00693.jpg,Gunung Ringgit,Gunung Ringgit,all_motifs (864),Gunung Ringgit Bouquet.jpg,Pesona Canting,2021,raw (crop),28 x 28,sRGB IEC61966-2.1,VJB
694,GunungRinggit_00695.jpg,Batik_Lasem/motifs (isen-isen)/Gunung Ringgit/all_motifs (864)/GunungRinggit_00695.jpg,Gunung Ringgit,Gunung Ringgit,all_motifs (864),Gunung Ringgit Bouquet.jpg,Pesona Canting,2021,raw (crop),28 x 28,sRGB IEC61966-2.1,VJB
698,GunungRinggit_00699.jpg,Batik_Lasem/motifs (isen-isen)/Gunung Ringgit/all_motifs (864)/GunungRinggit_00699.jpg,Gunung Ringgit,Gunung Ringgit,all_motifs (864),Gunung Ringgit Bouquet.jpg,Pesona Canting,2021,raw (crop),28 x 28,sRGB IEC61966-2.1,VJB
699,GunungRinggit_00700.jpg,Batik_Lasem/motifs (isen-isen)/Gunung Ringgit/all_motifs (864)/GunungRinggit_00700.jpg,Gunung Ringgit,Gunung Ringgit,all_motifs (864),Gunung Ringgit Bouquet.jpg,Pesona Canting,2021,raw (crop),28 x 28,sRGB IEC61966-2.1,VJB
700,GunungRinggit_00701.jpg,Batik_Lasem/motifs (isen-isen)/Gunung Ringgit/all_motifs (864)/GunungRinggit_00701.jpg,Gunung Ringgit,Gunung Ringgit,all_motifs (864),Gunung Ringgit Bouquet.jpg,Pesona Canting,2021,raw (crop),28 x 28,sRGB IEC61966-2.1,VJB
701,GunungRinggit_00702.jpg,Batik_Lasem/motifs (isen-isen)/Gunung Ringgit/all_motifs (864)/GunungRinggit_00702.jpg,Gunung Ringgit,Gunung Ringgit,all_motifs (864),Gunung Ringgit Bouquet.jpg,Pesona Canting,2021,raw (crop),28 x 28,sRGB IEC61966-2.1,VJB
702,GunungRinggit_00703.jpg,Batik_Lasem/motifs (isen-isen)/Gunung Ringgit/all_motifs (864)/GunungRinggit_00703.jpg,Gunung Ringgit,Gunung Ringgit,all_motifs (864),Gunung Ringgit Bouquet.jpg,Pesona Canting,2021,raw (crop),28 x 28,sRGB IEC61966-2.1,VJB
703,GunungRinggit_00704.jpg,Batik_Lasem/motifs (isen-isen)/Gunung Ringgit/all_motifs (864)/GunungRinggit_00704.jpg,Gunung Ringgit,Gunung Ringgit,all_motifs (864),Gunung Ringgit Bouquet.jpg,Pesona Canting,2021,raw (crop),28 x 28,sRGB IEC61966-2.1,VJB
704,GunungRinggit_00705.jpg,Batik_Lasem/motifs (isen-isen)/Gunung Ringgit/all_motifs (864)/GunungRinggit_00705.jpg,Gunung Ringgit,Gunung Ringgit,all_motifs (864),Gunung Ringgit Bouquet.jpg,Pesona Canting,2021,raw (crop),28 x 28,sRGB IEC61966-2.1,VJB
705,GunungRinggit_00706.jpg,Batik_Lasem/motifs (isen-isen)/Gunung Ringgit/all_motifs (864)/GunungRinggit_00706.jpg,Gunung Ringgit,Gunung Ringgit,all_motifs (864),Gunung Ringgit Bouquet.jpg,Pesona Canting,2021,raw (crop),28 x 28,sRGB IEC61966-2.1,VJB
707,GunungRinggit_00708.jpg,Batik_Lasem/motifs (isen-isen)/Gunung Ringgit/all_motifs (864)/GunungRinggit_00708.jpg,Gunung Ringgit,Gunung Ringgit,all_motifs (864),Gunung Ringgit Bouquet.jpg,Pesona Canting,2021,raw (crop),28 x 28,sRGB IEC61966-2.1,VJB
711,GunungRinggit_00712.jpg,Batik_Lasem/motifs (isen-isen)/Gunung Ringgit/all_motifs (864)/GunungRinggit_00712.jpg,Gunung Ringgit,Gunung Ringgit,all_motifs (864),Monkey Pod Tree & Peacock with Lereng.jpg,Pesona Canting,2022,raw (crop),28 x 28,sRGB IEC61966-2.1,VJB
714,GunungRinggit_00715.jpg,Batik_Lasem/motifs (isen-isen)/Gunung Ringgit/all_motifs (864)/GunungRinggit_00715.jpg,Gunung Ringgit,Gunung Ringgit,all_motifs (864),Monkey Pod Tree & Peacock with Lereng.jpg,Pesona Canting,2022,raw (crop),28 x 28,sRGB IEC61966-2.1,VJB
715,GunungRinggit_00716.jpg,Batik_Lasem/motifs (isen-isen)/Gunung Ringgit/all_motifs (864)/GunungRinggit_00716.jpg,Gunung Ringgit,Gunung Ringgit,all_motifs (864),Monkey Pod Tree & Peacock with Lereng.jpg,Pesona Canting,2022,raw (crop),28 x 28,sRGB IEC61966-2.1,VJB
716,GunungRinggit_00717.jpg,Batik_Lasem/motifs (isen-isen)/Gunung Ringgit/all_motifs (864)/GunungRinggit_00717.jpg,Gunung Ringgit,Gunung Ringgit,all_motifs (864),Monkey Pod Tree & Peacock with Lereng.jpg,Pesona Canting,2022,raw (crop),28 x 28,sRGB IEC61966-2.1,VJB
717,GunungRinggit_00718.jpg,Batik_Lasem/motifs (isen-isen)/Gunung Ringgit/all_motifs (864)/GunungRinggit_00718.jpg,Gunung Ringgit,Gunung Ringgit,all_motifs (864),Monkey Pod Tree & Peacock with Lereng.jpg,Pesona Canting,2022,raw (crop),28 x 28,sRGB IEC61966-2.1,VJB
718,GunungRinggit_00719.jpg,Batik_Lasem/motifs (isen-isen)/Gunung Ringgit/all_motifs (864)/GunungRinggit_00719.jpg,Gunung Ringgit,Gunung Ringgit,all_motifs (864),Monkey Pod Tree & Peacock with Lereng.jpg,Pesona Canting,2022,raw (crop),28 x 28,sRGB IEC61966-2.1,VJB
721,GunungRinggit_00722.jpg,Batik_Lasem/motifs (isen-isen)/Gunung Ringgit/all_motifs (864)/GunungRinggit_00722.jpg,Gunung Ringgit,Gunung Ringgit,all_motifs (864),Monkey Pod Tree & Peacock with Lereng.jpg,Pesona Canting,2022,raw (crop),28 x 28,sRGB IEC61966-2.1,VJB
724,GunungRinggit_00725.jpg,Batik_Lasem/motifs (isen-isen)/Gunung Ringgit/all_motifs (864)/GunungRinggit_00725.jpg,Gunung Ringgit,Gunung Ringgit,all_motifs (864),Monkey Pod Tree & Peacock with Lereng.jpg,Pesona Canting,2022,raw (crop),28 x 28,sRGB IEC61966-2.1,VJB
727,GunungRinggit_00728.jpg,Batik_Lasem/motifs (isen-isen)/Gunung Ringgit/all_motifs (864)/GunungRinggit_00728.jpg,Gunung Ringgit,Gunung Ringgit,all_motifs (864),Gunung Ringgit Blue Bouquet.jpg,Pesona Canting,2022,raw (crop),28 x 28,sRGB IEC61966-2.1,VJB
729,GunungRinggit_00730.jpg,Batik_Lasem/motifs (isen-isen)/Gunung Ringgit/all_motifs (864)/GunungRinggit_00730.jpg,Gunung Ringgit,Gunung Ringgit,all_motifs (864),Gunung Ringgit Blue Bouquet.jpg,Pesona Canting,2022,raw (crop),28 x 28,sRGB IEC61966-2.1,VJB
730,GunungRinggit_00731.jpg,Batik_Lasem/motifs (isen-isen)/Gunung Ringgit/all_motifs (864)/GunungRinggit_00731.jpg,Gunung Ringgit,Gunung Ringgit,all_motifs (864),Gunung Ringgit Blue Bouquet.jpg,Pesona Canting,2022,raw (crop),28 x 28,sRGB IEC61966-2.1,VJB
732,GunungRinggit_00733.jpg,Batik_Lasem/motifs (isen-isen)/Gunung Ringgit/all_motifs (864)/GunungRinggit_00733.jpg,Gunung Ringgit,Gunung Ringgit,all_motifs (864),Gunung Ringgit Blue Bouquet.jpg,Pesona Canting,2022,raw (crop),28 x 28,sRGB IEC61966-2.1,VJB
733,GunungRinggit_00734.jpg,Batik_Lasem/motifs (isen-isen)/Gunung Ringgit/all_motifs (864)/GunungRinggit_00734.jpg,Gunung Ringgit,Gunung Ringgit,all_motifs (864),Gunung Ringgit Blue Bouquet.jpg,Pesona Canting,2022,raw (crop),28 x 28,sRGB IEC61966-2.1,VJB
735,GunungRinggit_00736.jpg,Batik_Lasem/motifs (isen-isen)/Gunung Ringgit/all_motifs (864)/GunungRinggit_00736.jpg,Gunung Ringgit,Gunung Ringgit,all_motifs (864),Gunung Ringgit Blue Bouquet.jpg,Pesona Canting,2022,raw (crop),28 x 28,sRGB IEC61966-2.1,VJB
736,GunungRinggit_00737.jpg,Batik_Lasem/motifs (isen-isen)/Gunung Ringgit/all_motifs (864)/GunungRinggit_00737.jpg,Gunung Ringgit,Gunung Ringgit,all_motifs (864),Gunung Ringgit Blue Bouquet.jpg,Pesona Canting,2022,raw (crop),28 x 28,sRGB IEC61966-2.1,VJB
738,GunungRinggit_00739.jpg,Batik_Lasem/motifs (isen-isen)/Gunung Ringgit/all_motifs (864)/GunungRinggit_00739.jpg,Gunung Ringgit,Gunung Ringgit,all_motifs (864),Gunung Ringgit Blue Bouquet.jpg,Pesona Canting,2022,raw (crop),28 x 28,sRGB IEC61966-2.1,VJB
740,GunungRinggit_00741.jpg,Batik_Lasem/motifs (isen-isen)/Gunung Ringgit/all_motifs (864)/GunungRinggit_00741.jpg,Gunung Ringgit,Gunung Ringgit,all_motifs (864),Gunung Ringgit Blue Bouquet.jpg,Pesona Canting,2022,raw (crop),28 x 28,sRGB IEC61966-2.1,VJB
742,GunungRinggit_00743.jpg,Batik_Lasem/motifs (isen-isen)/Gunung Ringgit/all_motifs (864)/GunungRinggit_00743.jpg,Gunung Ringgit,Gunung Ringgit,all_motifs (864),Gunung Ringgit Blue Bouquet.jpg,Pesona Canting,2022,raw (crop),28 x 28,sRGB IEC61966-2.1,VJB
743,GunungRinggit_00744.jpg,Batik_Lasem/motifs (isen-isen)/Gunung Ringgit/all_motifs (864)/GunungRinggit_00744.jpg,Gunung Ringgit,Gunung Ringgit,all_motifs (864),Gunung Ringgit Blue Bouquet.jpg,Pesona Canting,2022,raw (crop),28 x 28,sRGB IEC61966-2.1,VJB
744,GunungRinggit_00745.jpg,Batik_Lasem/motifs (isen-isen)/Gunung Ringgit/all_motifs (864)/GunungRinggit_00745.jpg,Gunung Ringgit,Gunung Ringgit,all_motifs (864),Gunung Ringgit Blue Bouquet.jpg,Pesona Canting,2022,raw (crop),28 x 28,sRGB IEC61966-2.1,VJB
747,GunungRinggit_00748.jpg,Batik_Lasem/motifs (isen-isen)/Gunung Ringgit/all_motifs (864)/GunungRinggit_00748.jpg,Gunung Ringgit,Gunung Ringgit,all_motifs (864),Gunung Ringgit Bouquet.jpg,Pesona Canting,2021,raw (crop),28 x 28,sRGB IEC61966-2.1,VJB
750,GunungRinggit_00751.jpg,Batik_Lasem/motifs (isen-isen)/Gunung Ringgit/all_motifs (864)/GunungRinggit_00751.jpg,Gunung Ringgit,Gunung Ringgit,all_motifs (864),Gunung Ringgit Bouquet.jpg,Pesona Canting,2021,raw (crop),28 x 28,sRGB IEC61966-2.1,VJB
751,GunungRinggit_00752.jpg,Batik_Lasem/motifs (isen-isen)/Gunung Ringgit/all_motifs (864)/GunungRinggit_00752.jpg,Gunung Ringgit,Gunung Ringgit,all_motifs (864),Gunung Ringgit Bouquet.jpg,Pesona Canting,2021,raw (crop),28 x 28,sRGB IEC61966-2.1,VJB
752,GunungRinggit_00753.jpg,Batik_Lasem/motifs (isen-isen)/Gunung Ringgit/all_motifs (864)/GunungRinggit_00753.jpg,Gunung Ringgit,Gunung Ringgit,all_motifs (864),Gunung Ringgit Bouquet.jpg,Pesona Canting,2021,raw (crop),28 x 28,sRGB IEC61966-2.1,VJB
754,GunungRinggit_00755.jpg,Batik_Lasem/motifs (isen-isen)/Gunung Ringgit/all_motifs (864)/GunungRinggit_00755.jpg,Gunung Ringgit,Gunung Ringgit,all_motifs (864),Gunung Ringgit Bouquet.jpg,Pesona Canting,2021,raw (crop),28 x 28,sRGB IEC61966-2.1,VJB
759,GunungRinggit_00760.jpg,Batik_Lasem/motifs (isen-isen)/Gunung Ringgit/all_motifs (864)/GunungRinggit_00760.jpg,Gunung Ringgit,Gunung Ringgit,all_motifs (864),Gunung Ringgit Bouquet.jpg,Pesona Canting,2021,raw (crop),28 x 28,sRGB IEC61966-2.1,VJB
761,GunungRinggit_00762.jpg,Batik_Lasem/motifs (isen-isen)/Gunung Ringgit/all_motifs (864)/GunungRinggit_00762.jpg,Gunung Ringgit,Gunung Ringgit,all_motifs (864),Gunung Ringgit Bouquet.jpg,Pesona Canting,2021,raw (crop),28 x 28,sRGB IEC61966-2.1,VJB
762,GunungRinggit_00763.jpg,Batik_Lasem/motifs (isen-isen)/Gunung Ringgit/all_motifs (864)/GunungRinggit_00763.jpg,Gunung Ringgit,Gunung Ringgit,all_motifs (864),Gunung Ringgit Bouquet.jpg,Pesona Canting,2021,raw (crop),28 x 28,sRGB IEC61966-2.1,VJB
766,GunungRinggit_00767.jpg,Batik_Lasem/motifs (isen-isen)/Gunung Ringgit/all_motifs (864)/GunungRinggit_00767.jpg,Gunung Ringgit,Gunung Ringgit,all_motifs (864),Gunung Ringgit Bouquet.jpg,Pesona Canting,2021,raw (crop),28 x 28,sRGB IEC61966-2.1,VJB
767,GunungRinggit_00768.jpg,Batik_Lasem/motifs (isen-isen)/Gunung Ringgit/all_motifs (864)/GunungRinggit_00768.jpg,Gunung Ringgit,Gunung Ringgit,all_motifs (864),Gunung Ringgit Bouquet.jpg,Pesona Canting,2021,raw (crop),28 x 28,sRGB IEC61966-2.1,VJB
768,GunungRinggit_00769.jpg,Batik_Lasem/motifs (isen-isen)/Gunung Ringgit/all_motifs (864)/GunungRinggit_00769.jpg,Gunung Ringgit,Gunung Ringgit,all_motifs (864),Gunung Ringgit Bouquet.jpg,Pesona Canting,2021,raw (crop),28 x 28,sRGB IEC61966-2.1,VJB
771,GunungRinggit_00772.jpg,Batik_Lasem/motifs (isen-isen)/Gunung Ringgit/all_motifs (864)/GunungRinggit_00772.jpg,Gunung Ringgit,Gunung Ringgit,all_motifs (864),Gunung Ringgit Bouquet.jpg,Pesona Canting,2021,raw (crop),28 x 28,sRGB IEC61966-2.1,VJB
772,GunungRinggit_00773.jpg,Batik_Lasem/motifs (isen-isen)/Gunung Ringgit/all_motifs (864)/GunungRinggit_00773.jpg,Gunung Ringgit,Gunung Ringgit,all_motifs (864),Gunung Ringgit Bouquet.jpg,Pesona Canting,2021,raw (crop),28 x 28,sRGB IEC61966-2.1,VJB
779,GunungRinggit_00780.jpg,Batik_Lasem/motifs (isen-isen)/Gunung Ringgit/all_motifs (864)/GunungRinggit_00780.jpg,Gunung Ringgit,Gunung Ringgit,all_motifs (864),Gunung Ringgit Pink Bouquet.jpg,Pesona Canting,2022,raw (crop),28 x 28,sRGB IEC61966-2.1,VJB
781,GunungRinggit_00782.jpg,Batik_Lasem/motifs (isen-isen)/Gunung Ringgit/all_motifs (864)/GunungRinggit_00782.jpg,Gunung Ringgit,Gunung Ringgit,all_motifs (864),Gunung Ringgit Bouquet.jpg,Pesona Canting,2021,raw (crop),28 x 28,sRGB IEC61966-2.1,VJB
782,GunungRinggit_00783.jpg,Batik_Lasem/motifs (isen-isen)/Gunung Ringgit/all_motifs (864)/GunungRinggit_00783.jpg,Gunung Ringgit,Gunung Ringgit,all_motifs (864),Gunung Ringgit Bouquet.jpg,Pesona Canting,2021,raw (crop),28 x 28,sRGB IEC61966-2.1,VJB
785,GunungRinggit_00786.jpg,Batik_Lasem/motifs (isen-isen)/Gunung Ringgit/all_motifs (864)/GunungRinggit_00786.jpg,Gunung Ringgit,Gunung Ringgit,all_motifs (864),Gunung Ringgit Bouquet.jpg,Pesona Canting,2021,raw (crop),28 x 28,sRGB IEC61966-2.1,VJB
787,GunungRinggit_00788.jpg,Batik_Lasem/motifs (isen-isen)/Gunung Ringgit/all_motifs (864)/GunungRinggit_00788.jpg,Gunung Ringgit,Gunung Ringgit,all_motifs (864),Gunung Ringgit Bouquet.jpg,Pesona Canting,2021,raw (crop),28 x 28,sRGB IEC61966-2.1,VJB
789,GunungRinggit_00790.jpg,Batik_Lasem/motifs (isen-isen)/Gunung Ringgit/all_motifs (864)/GunungRinggit_00790.jpg,Gunung Ringgit,Gunung Ringgit,all_motifs (864),Gunung Ringgit Bouquet.jpg,Pesona Canting,2021,raw (crop),28 x 28,sRGB IEC61966-2.1,VJB
790,GunungRinggit_00791.jpg,Batik_Lasem/motifs (isen-isen)/Gunung Ringgit/all_motifs (864)/GunungRinggit_00791.jpg,Gunung Ringgit,Gunung Ringgit,all_motifs (864),Gunung Ringgit Bouquet.jpg,Pesona Canting,2021,raw (crop),28 x 28,sRGB IEC61966-2.1,VJB
791,GunungRinggit_00792.jpg,Batik_Lasem/motifs (isen-isen)/Gunung Ringgit/all_motifs (864)/GunungRinggit_00792.jpg,Gunung Ringgit,Gunung Ringgit,all_motifs (864),Gunung Ringgit Bouquet.jpg,Pesona Canting,2021,raw (crop),28 x 28,sRGB IEC61966-2.1,VJB
797,GunungRinggit_00798.jpg,Batik_Lasem/motifs (isen-isen)/Gunung Ringgit/all_motifs (864)/GunungRinggit_00798.jpg,Gunung Ringgit,Gunung Ringgit,all_motifs (864),Gunung Ringgit Bouquet.jpg,Pesona Canting,2021,raw (crop),28 x 28,sRGB IEC61966-2.1,VJB
798,GunungRinggit_00799.jpg,Batik_Lasem/motifs (isen-isen)/Gunung Ringgit/all_motifs (864)/GunungRinggit_00799.jpg,Gunung Ringgit,Gunung Ringgit,all_motifs (864),Gunung Ringgit Bouquet.jpg,Pesona Canting,2021,raw (crop),28 x 28,sRGB IEC61966-2.1,VJB
800,GunungRinggit_00801.jpg,Batik_Lasem/motifs (isen-isen)/Gunung Ringgit/all_motifs (864)/GunungRinggit_00801.jpg,Gunung Ringgit,Gunung Ringgit,all_motifs (864),Gunung Ringgit Bouquet.jpg,Pesona Canting,2021,raw (crop),28 x 28,sRGB IEC61966-2.1,VJB
801,GunungRinggit_00802.jpg,Batik_Lasem/motifs (isen-isen)/Gunung Ringgit/all_motifs (864)/GunungRinggit_00802.jpg,Gunung Ringgit,Gunung Ringgit,all_motifs (864),Gunung Ringgit Bouquet.jpg,Pesona Canting,2021,raw (crop),28 x 28,sRGB IEC61966-2.1,VJB
807,GunungRinggit_00808.jpg,Batik_Lasem/motifs (isen-isen)/Gunung Ringgit/all_motifs (864)/GunungRinggit_00808.jpg,Gunung Ringgit,Gunung Ringgit,all_motifs (864),Gunung Ringgit Kopi Lelet.jpg,VJ Basiroen artwork,2022,raw (crop),28 x 28,sRGB IEC61966-2.1,VJB
808,GunungRinggit_00809.jpg,Batik_Lasem/motifs (isen-isen)/Gunung Ringgit/all_motifs (864)/GunungRinggit_00809.jpg,Gunung Ringgit,Gunung Ringgit,all_motifs (864),Gunung Ringgit Kopi Lelet.jpg,VJ Basiroen artwork,2022,raw (crop),28 x 28,sRGB IEC61966-2.1,VJB
811,GunungRinggit_00812.jpg,Batik_Lasem/motifs (isen-isen)/Gunung Ringgit/all_motifs (864)/GunungRinggit_00812.jpg,Gunung Ringgit,Gunung Ringgit,all_motifs (864),Gunung Ringgit Kopi Lelet.jpg,VJ Basiroen artwork,2022,raw (crop),28 x 28,sRGB IEC61966-2.1,VJB
812,GunungRinggit_00813.jpg,Batik_Lasem/motifs (isen-isen)/Gunung Ringgit/all_motifs (864)/GunungRinggit_00813.jpg,Gunung Ringgit,Gunung Ringgit,all_motifs (864),Gunung Ringgit Peacocks.jpg,Lumintu Batik,2022,raw (crop),28 x 28,sRGB IEC61966-2.1,VJB
813,GunungRinggit_00814.jpg,Batik_Lasem/motifs (isen-isen)/Gunung Ringgit/all_motifs (864)/GunungRinggit_00814.jpg,Gunung Ringgit,Gunung Ringgit,all_motifs (864),Gunung Ringgit Peacocks.jpg,Lumintu Batik,2022,raw (crop),28 x 28,sRGB IEC61966-2.1,VJB
814,GunungRinggit_00815.jpg,Batik_Lasem/motifs (isen-isen)/Gunung Ringgit/all_motifs (864)/GunungRinggit_00815.jpg,Gunung Ringgit,Gunung Ringgit,all_motifs (864),Gunung Ringgit Peacocks.jpg,Lumintu Batik,2022,raw (crop),28 x 28,sRGB IEC61966-2.1,VJB
815,GunungRinggit_00816.jpg,Batik_Lasem/motifs (isen-isen)/Gunung Ringgit/all_motifs (864)/GunungRinggit_00816.jpg,Gunung Ringgit,Gunung Ringgit,all_motifs (864),Gunung Ringgit Peacocks.jpg,Lumintu Batik,2022,raw (crop),28 x 28,sRGB IEC61966-2.1,VJB
817,GunungRinggit_00818.jpg,Batik_Lasem/motifs (isen-isen)/Gunung Ringgit/all_motifs (864)/GunungRinggit_00818.jpg,Gunung Ringgit,Gunung Ringgit,all_motifs (864),Gunung Ringgit Peacocks.jpg,Lumintu Batik,2022,raw (crop),28 x 28,sRGB IEC61966-2.1,VJB
818,GunungRinggit_00819.jpg,Batik_Lasem/motifs (isen-isen)/Gunung Ringgit/all_motifs (864)/GunungRinggit_00819.jpg,Gunung Ringgit,Gunung Ringgit,all_motifs (864),Gunung Ringgit Peacocks.jpg,Lumintu Batik,2022,raw (crop),28 x 28,sRGB IEC61966-2.1,VJB
822,GunungRinggit_00823.jpg,Batik_Lasem/motifs (isen-isen)/Gunung Ringgit/all_motifs (864)/GunungRinggit_00823.jpg,Gunung Ringgit,Gunung Ringgit,all_motifs (864),Gunung Ringgit Peacocks.jpg,Lumintu Batik,2022,raw (crop),28 x 28,sRGB IEC61966-2.1,VJB
824,GunungRinggit_00825.jpg,Batik_Lasem/motifs (isen-isen)/Gunung Ringgit/all_motifs (864)/GunungRinggit_00825.jpg,Gunung Ringgit,Gunung Ringgit,all_motifs (864),Gunung Ringgit Peacocks.jpg,Lumintu Batik,2022,raw (crop),28 x 28,sRGB IEC61966-2.1,VJB
826,GunungRinggit_00827.jpg,Batik_Lasem/motifs (isen-isen)/Gunung Ringgit/all_motifs (864)/GunungRinggit_00827.jpg,Gunung Ringgit,Gunung Ringgit,all_motifs (864),Gunung Ringgit Peacocks.jpg,Lumintu Batik,2022,raw (crop),28 x 28,sRGB IEC61966-2.1,VJB
828,GunungRinggit_00829.jpg,Batik_Lasem/motifs (isen-isen)/Gunung Ringgit/all_motifs (864)/GunungRinggit_00829.jpg,Gunung Ringgit,Gunung Ringgit,all_motifs (864),Gunung Ringgit Peacocks.jpg,Lumintu Batik,2022,raw (crop),28 x 28,sRGB IEC61966-2.1,VJB
830,GunungRinggit_00831.jpg,Batik_Lasem/motifs (isen-isen)/Gunung Ringgit/all_motifs (864)/GunungRinggit_00831.jpg,Gunung Ringgit,Gunung Ringgit,all_motifs (864),Gunung Ringgit Peacocks.jpg,Lumintu Batik,2022,raw (crop),28 x 28,sRGB IEC61966-2.1,VJB
831,GunungRinggit_00832.jpg,Batik_Lasem/motifs (isen-isen)/Gunung Ringgit/all_motifs (864)/GunungRinggit_00832.jpg,Gunung Ringgit,Gunung Ringgit,all_motifs (864),Gunung Ringgit Peacocks.jpg,Lumintu Batik,2022,raw (crop),28 x 28,sRGB IEC61966-2.1,VJB
832,GunungRinggit_00833.jpg,Batik_Lasem/motifs (isen-isen)/Gunung Ringgit/all_motifs (864)/GunungRinggit_00833.jpg,Gunung Ringgit,Gunung Ringgit,all_motifs (864),Gunung Ringgit Peacocks.jpg,Lumintu Batik,2022,raw (crop),28 x 28,sRGB IEC61966-2.1,VJB
833,GunungRinggit_00834.jpg,Batik_Lasem/motifs (isen-isen)/Gunung Ringgit/all_motifs (864)/GunungRinggit_00834.jpg,Gunung Ringgit,Gunung Ringgit,all_motifs (864),Gunung Ringgit Peacocks.jpg,Lumintu Batik,2022,raw (crop),28 x 28,sRGB IEC61966-2.1,VJB
834,GunungRinggit_00835.jpg,Batik_Lasem/motifs (isen-isen)/Gunung Ringgit/all_motifs (864)/GunungRinggit_00835.jpg,Gunung Ringgit,Gunung Ringgit,all_motifs (864),Gunung Ringgit Peacocks.jpg,Lumintu Batik,2022,raw (crop),28 x 28,sRGB IEC61966-2.1,VJB
836,GunungRinggit_00837.jpg,Batik_Lasem/motifs (isen-isen)/Gunung Ringgit/all_motifs (864)/GunungRinggit_00837.jpg,Gunung Ringgit,Gunung Ringgit,all_motifs (864),Gunung Ringgit Peacocks.jpg,Lumintu Batik,2022,raw (crop),28 x 28,sRGB IEC61966-2.1,VJB
838,GunungRinggit_00839.jpg,Batik_Lasem/motifs (isen-isen)/Gunung Ringgit/all_motifs (864)/GunungRinggit_00839.jpg,Gunung Ringgit,Gunung Ringgit,all_motifs (864),Gunung Ringgit Peacocks.jpg,Lumintu Batik,2022,raw (crop),28 x 28,sRGB IEC61966-2.1,VJB
840,GunungRinggit_00841.jpg,Batik_Lasem/motifs (isen-isen)/Gunung Ringgit/all_motifs (864)/GunungRinggit_00841.jpg,Gunung Ringgit,Gunung Ringgit,all_motifs (864),Gunung Ringgit Peacocks.jpg,Lumintu Batik,2022,raw (crop),28 x 28,sRGB IEC61966-2.1,VJB
843,GunungRinggit_00844.jpg,Batik_Lasem/motifs (isen-isen)/Gunung Ringgit/all_motifs (864)/GunungRinggit_00844.jpg,Gunung Ringgit,Gunung Ringgit,all_motifs (864),Gunung Ringgit Peacocks.jpg,Lumintu Batik,2022,raw (crop),28 x 28,sRGB IEC61966-2.1,VJB
844,GunungRinggit_00845.jpg,Batik_Lasem/motifs (isen-isen)/Gunung Ringgit/all_motifs (864)/GunungRinggit_00845.jpg,Gunung Ringgit,Gunung Ringgit,all_motifs (864),Gunung Ringgit Pink Bouquet.jpg,Pesona Canting,2022,raw (crop),28 x 28,sRGB IEC61966-2.1,VJB
846,GunungRinggit_00847.jpg,Batik_Lasem/motifs (isen-isen)/Gunung Ringgit/all_motifs (864)/GunungRinggit_00847.jpg,Gunung Ringgit,Gunung Ringgit,all_motifs (864),Gunung Ringgit Pink Bouquet.jpg,Pesona Canting,2022,raw (crop),28 x 28,sRGB IEC61966-2.1,VJB
849,GunungRinggit_00850.jpg,Batik_Lasem/motifs (isen-isen)/Gunung Ringgit/all_motifs (864)/GunungRinggit_00850.jpg,Gunung Ringgit,Gunung Ringgit,all_motifs (864),Gunung Ringgit Pink Bouquet.jpg,Pesona Canting,2022,raw (crop),28 x 28,sRGB IEC61966-2.1,VJB
850,GunungRinggit_00851.jpg,Batik_Lasem/motifs (isen-isen)/Gunung Ringgit/all_motifs (864)/GunungRinggit_00851.jpg,Gunung Ringgit,Gunung Ringgit,all_motifs (864),Gunung Ringgit Pink Bouquet.jpg,Pesona Canting,2022,raw (crop),28 x 28,sRGB IEC61966-2.1,VJB
852,GunungRinggit_00853.jpg,Batik_Lasem/motifs (isen-isen)/Gunung Ringgit/all_motifs (864)/GunungRinggit_00853.jpg,Gunung Ringgit,Gunung Ringgit,all_motifs (864),Gunung Ringgit Pink Bouquet.jpg,Pesona Canting,2022,raw (crop),28 x 28,sRGB IEC61966-2.1,VJB
853,GunungRinggit_00854.jpg,Batik_Lasem/motifs (isen-isen)/Gunung Ringgit/all_motifs (864)/GunungRinggit_00854.jpg,Gunung Ringgit,Gunung Ringgit,all_motifs (864),Gunung Ringgit Peacocks.jpg,Lumintu Batik,2022,raw (crop),28 x 28,sRGB IEC61966-2.1,VJB
856,GunungRinggit_00857.jpg,Batik_Lasem/motifs (isen-isen)/Gunung Ringgit/all_motifs (864)/GunungRinggit_00857.jpg,Gunung Ringgit,Gunung Ringgit,all_motifs (864),Gunung Ringgit Pink Bouquet.jpg,Pesona Canting,2022,raw (crop),28 x 28,sRGB IEC61966-2.1,VJB
859,GunungRinggit_00860.jpg,Batik_Lasem/motifs (isen-isen)/Gunung Ringgit/all_motifs (864)/GunungRinggit_00860.jpg,Gunung Ringgit,Gunung Ringgit,all_motifs (864),Gunung Ringgit Pink Bouquet.jpg,Pesona Canting,2022,raw (crop),28 x 28,sRGB IEC61966-2.1,VJB
860,GunungRinggit_00861.jpg,Batik_Lasem/motifs (isen-isen)/Gunung Ringgit/all_motifs (864)/GunungRinggit_00861.jpg,Gunung Ringgit,Gunung Ringgit,all_motifs (864),Gunung Ringgit Peacocks.jpg,Lumintu Batik,2022,raw (crop),28 x 28,sRGB IEC61966-2.1,VJB
861,GunungRinggit_00862.jpg,Batik_Lasem/motifs (isen-isen)/Gunung Ringgit/all_motifs (864)/GunungRinggit_00862.jpg,Gunung Ringgit,Gunung Ringgit,all_motifs (864),Gunung Ringgit Pink Bouquet.jpg,Pesona Canting,2022,raw (crop),28 x 28,sRGB IEC61966-2.1,VJB
866,Kricak_00003.jpg,Batik_Lasem/motifs (isen-isen)/Kricak_Watu Pecah/all_motifs (1004)/Kricak_00003.jpg,Kricak / Watu Pecah,Kricak_Watu Pecah,all_motifs (1004),Kawis With Pagi-Sore Kricak Background.jpg,KUB Srikandi,2022,raw (crop),28 x 28,sRGB IEC61966-2.1,VJB
869,Kricak_00006.jpg,Batik_Lasem/motifs (isen-isen)/Kricak_Watu Pecah/all_motifs (1004)/Kricak_00006.jpg,Kricak / Watu Pecah,Kricak_Watu Pecah,all_motifs (1004),Kawis With Pagi-Sore Kricak Background.jpg,KUB Srikandi,2022,raw (crop),28 x 28,sRGB IEC61966-2.1,VJB
870,Kricak_00007.jpg,Batik_Lasem/motifs (isen-isen)/Kricak_Watu Pecah/all_motifs (1004)/Kricak_00007.jpg,Kricak / Watu Pecah,Kricak_Watu Pecah,all_motifs (1004),Kawis With Pagi-Sore Kricak Background.jpg,KUB Srikandi,2022,raw (crop),28 x 28,sRGB IEC61966-2.1,VJB
871,Kricak_00008.jpg,Batik_Lasem/motifs (isen-isen)/Kricak_Watu Pecah/all_motifs (1004)/Kricak_00008.jpg,Kricak / Watu Pecah,Kricak_Watu Pecah,all_motifs (1004),Kawis With Pagi-Sore Kricak Background.jpg,KUB Srikandi,2022,raw (crop),28 x 28,sRGB IEC61966-2.1,VJB
872,Kricak_00009.jpg,Batik_Lasem/motifs (isen-isen)/Kricak_Watu Pecah/all_motifs (1004)/Kricak_00009.jpg,Kricak / Watu Pecah,Kricak_Watu Pecah,all_motifs (1004),Kawis With Pagi-Sore Kricak Background.jpg,KUB Srikandi,2022,raw (crop),28 x 28,sRGB IEC61966-2.1,VJB
873,Kricak_00010.jpg,Batik_Lasem/motifs (isen-isen)/Kricak_Watu Pecah/all_motifs (1004)/Kricak_00010.jpg,Kricak / Watu Pecah,Kricak_Watu Pecah,all_motifs (1004),Kawis With Pagi-Sore Kricak Background.jpg,KUB Srikandi,2022,raw (crop),28 x 28,sRGB IEC61966-2.1,VJB
874,Kricak_00011.jpg,Batik_Lasem/motifs (isen-isen)/Kricak_Watu Pecah/all_motifs (1004)/Kricak_00011.jpg,Kricak / Watu Pecah,Kricak_Watu Pecah,all_motifs (1004),Kawis With Pagi-Sore Kricak Background.jpg,KUB Srikandi,2022,raw (crop),28 x 28,sRGB IEC61966-2.1,VJB
879,Kricak_00016.jpg,Batik_Lasem/motifs (isen-isen)/Kricak_Watu Pecah/all_motifs (1004)/Kricak_00016.jpg,Kricak / Watu Pecah,Kricak_Watu Pecah,all_motifs (1004),Kawis With Pagi-Sore Kricak Background.jpg,KUB Srikandi,2022,raw (crop),28 x 28,sRGB IEC61966-2.1,VJB
880,Kricak_00017.jpg,Batik_Lasem/motifs (isen-isen)/Kricak_Watu Pecah/all_motifs (1004)/Kricak_00017.jpg,Kricak / Watu Pecah,Kricak_Watu Pecah,all_motifs (1004),Kawis With Pagi-Sore Kricak Background.jpg,KUB Srikandi,2022,raw (crop),28 x 28,sRGB IEC61966-2.1,VJB
882,Kricak_00019.jpg,Batik_Lasem/motifs (isen-isen)/Kricak_Watu Pecah/all_motifs (1004)/Kricak_00019.jpg,Kricak / Watu Pecah,Kricak_Watu Pecah,all_motifs (1004),Kawis With Pagi-Sore Kricak Background.jpg,KUB Srikandi,2022,raw (crop),28 x 28,sRGB IEC61966-2.1,VJB
883,Kricak_00020.jpg,Batik_Lasem/motifs (isen-isen)/Kricak_Watu Pecah/all_motifs (1004)/Kricak_00020.jpg,Kricak / Watu Pecah,Kricak_Watu Pecah,all_motifs (1004),Kawis With Pagi-Sore Kricak Background.jpg,KUB Srikandi,2022,raw (crop),28 x 28,sRGB IEC61966-2.1,VJB
886,Kricak_00023.jpg,Batik_Lasem/motifs (isen-isen)/Kricak_Watu Pecah/all_motifs (1004)/Kricak_00023.jpg,Kricak / Watu Pecah,Kricak_Watu Pecah,all_motifs (1004),Kawis With Pagi-Sore Kricak Background.jpg,KUB Srikandi,2022,raw (crop),28 x 28,sRGB IEC61966-2.1,VJB
889,Kricak_00026.jpg,Batik_Lasem/motifs (isen-isen)/Kricak_Watu Pecah/all_motifs (1004)/Kricak_00026.jpg,Kricak / Watu Pecah,Kricak_Watu Pecah,all_motifs (1004),Kawis With Pagi-Sore Kricak Background.jpg,KUB Srikandi,2022,raw (crop),28 x 28,sRGB IEC61966-2.1,VJB
892,Kricak_00029.jpg,Batik_Lasem/motifs (isen-isen)/Kricak_Watu Pecah/all_motifs (1004)/Kricak_00029.jpg,Kricak / Watu Pecah,Kricak_Watu Pecah,all_motifs (1004),Kawis With Pagi-Sore Kricak Background.jpg,KUB Srikandi,2022,raw (crop),28 x 28,sRGB IEC61966-2.1,VJB
893,Kricak_00030.jpg,Batik_Lasem/motifs (isen-isen)/Kricak_Watu Pecah/all_motifs (1004)/Kricak_00030.jpg,Kricak / Watu Pecah,Kricak_Watu Pecah,all_motifs (1004),Kawis With Pagi-Sore Kricak Background.jpg,KUB Srikandi,2022,raw (crop),28 x 28,sRGB IEC61966-2.1,VJB
895,Kricak_00032.jpg,Batik_Lasem/motifs (isen-isen)/Kricak_Watu Pecah/all_motifs (1004)/Kricak_00032.jpg,Kricak / Watu Pecah,Kricak_Watu Pecah,all_motifs (1004),Kawis With Pagi-Sore Kricak Background.jpg,KUB Srikandi,2022,raw (crop),28 x 28,sRGB IEC61966-2.1,VJB
897,Kricak_00034.jpg,Batik_Lasem/motifs (isen-isen)/Kricak_Watu Pecah/all_motifs (1004)/Kricak_00034.jpg,Kricak / Watu Pecah,Kricak_Watu Pecah,all_motifs (1004),Kawis With Pagi-Sore Kricak Background.jpg,KUB Srikandi,2022,raw (crop),28 x 28,sRGB IEC61966-2.1,VJB
905,Kricak_00042.jpg,Batik_Lasem/motifs (isen-isen)/Kricak_Watu Pecah/all_motifs (1004)/Kricak_00042.jpg,Kricak / Watu Pecah,Kricak_Watu Pecah,all_motifs (1004),Kawis With Pagi-Sore Kricak Background.jpg,KUB Srikandi,2022,raw (crop),28 x 28,sRGB IEC61966-2.1,VJB
907,Kricak_00044.jpg,Batik_Lasem/motifs (isen-isen)/Kricak_Watu Pecah/all_motifs (1004)/Kricak_00044.jpg,Kricak / Watu Pecah,Kricak_Watu Pecah,all_motifs (1004),Kawis With Pagi-Sore Kricak Background.jpg,KUB Srikandi,2022,raw (crop),28 x 28,sRGB IEC61966-2.1,VJB
908,Kricak_00045.jpg,Batik_Lasem/motifs (isen-isen)/Kricak_Watu Pecah/all_motifs (1004)/Kricak_00045.jpg,Kricak / Watu Pecah,Kricak_Watu Pecah,all_motifs (1004),Kawis With Pagi-Sore Kricak Background.jpg,KUB Srikandi,2022,raw (crop),28 x 28,sRGB IEC61966-2.1,VJB
911,Kricak_00048.jpg,Batik_Lasem/motifs (isen-isen)/Kricak_Watu Pecah/all_motifs (1004)/Kricak_00048.jpg,Kricak / Watu Pecah,Kricak_Watu Pecah,all_motifs (1004),Kawis With Pagi-Sore Kricak Background.jpg,KUB Srikandi,2022,raw (crop),28 x 28,sRGB IEC61966-2.1,VJB
912,Kricak_00049.jpg,Batik_Lasem/motifs (isen-isen)/Kricak_Watu Pecah/all_motifs (1004)/Kricak_00049.jpg,Kricak / Watu Pecah,Kricak_Watu Pecah,all_motifs (1004),Kawis With Pagi-Sore Kricak Background.jpg,KUB Srikandi,2022,raw (crop),28 x 28,sRGB IEC61966-2.1,VJB
913,Kricak_00050.jpg,Batik_Lasem/motifs (isen-isen)/Kricak_Watu Pecah/all_motifs (1004)/Kricak_00050.jpg,Kricak / Watu Pecah,Kricak_Watu Pecah,all_motifs (1004),Kawis With Pagi-Sore Kricak Background.jpg,KUB Srikandi,2022,raw (crop),28 x 28,sRGB IEC61966-2.1,VJB
918,Kricak_00055.jpg,Batik_Lasem/motifs (isen-isen)/Kricak_Watu Pecah/all_motifs (1004)/Kricak_00055.jpg,Kricak / Watu Pecah,Kricak_Watu Pecah,all_motifs (1004),Kawis With Pagi-Sore Kricak Background.jpg,KUB Srikandi,2022,raw (crop),28 x 28,sRGB IEC61966-2.1,VJB
920,Kricak_00057.jpg,Batik_Lasem/motifs (isen-isen)/Kricak_Watu Pecah/all_motifs (1004)/Kricak_00057.jpg,Kricak / Watu Pecah,Kricak_Watu Pecah,all_motifs (1004),Kawis With Pagi-Sore Kricak Background.jpg,KUB Srikandi,2022,raw (crop),28 x 28,sRGB IEC61966-2.1,VJB
923,Kricak_00060.jpg,Batik_Lasem/motifs (isen-isen)/Kricak_Watu Pecah/all_motifs (1004)/Kricak_00060.jpg,Kricak / Watu Pecah,Kricak_Watu Pecah,all_motifs (1004),Kawis With Pagi-Sore Kricak Background.jpg,KUB Srikandi,2022,raw (crop),28 x 28,sRGB IEC61966-2.1,VJB
926,Kricak_00063.jpg,Batik_Lasem/motifs (isen-isen)/Kricak_Watu Pecah/all_motifs (1004)/Kricak_00063.jpg,Kricak / Watu Pecah,Kricak_Watu Pecah,all_motifs (1004),Kawis With Pagi-Sore Kricak Background.jpg,KUB Srikandi,2022,raw (crop),28 x 28,sRGB IEC61966-2.1,VJB
928,Kricak_00065.jpg,Batik_Lasem/motifs (isen-isen)/Kricak_Watu Pecah/all_motifs (1004)/Kricak_00065.jpg,Kricak / Watu Pecah,Kricak_Watu Pecah,all_motifs (1004),Kawis With Pagi-Sore Kricak Background.jpg,KUB Srikandi,2022,raw (crop),28 x 28,sRGB IEC61966-2.1,VJB
929,Kricak_00066.jpg,Batik_Lasem/motifs (isen-isen)/Kricak_Watu Pecah/all_motifs (1004)/Kricak_00066.jpg,Kricak / Watu Pecah,Kricak_Watu Pecah,all_motifs (1004),Kawis With Pagi-Sore Kricak Background.jpg,KUB Srikandi,2022,raw (crop),28 x 28,sRGB IEC61966-2.1,VJB
930,Kricak_00067.jpg,Batik_Lasem/motifs (isen-isen)/Kricak_Watu Pecah/all_motifs (1004)/Kricak_00067.jpg,Kricak / Watu Pecah,Kricak_Watu Pecah,all_motifs (1004),Kawis With Pagi-Sore Kricak Background.jpg,KUB Srikandi,2022,raw (crop),28 x 28,sRGB IEC61966-2.1,VJB
932,Kricak_00069.jpg,Batik_Lasem/motifs (isen-isen)/Kricak_Watu Pecah/all_motifs (1004)/Kricak_00069.jpg,Kricak / Watu Pecah,Kricak_Watu Pecah,all_motifs (1004),Kawis With Pagi-Sore Kricak Background.jpg,KUB Srikandi,2022,raw (crop),28 x 28,sRGB IEC61966-2.1,VJB
933,Kricak_00070.jpg,Batik_Lasem/motifs (isen-isen)/Kricak_Watu Pecah/all_motifs (1004)/Kricak_00070.jpg,Kricak / Watu Pecah,Kricak_Watu Pecah,all_motifs (1004),Kawis With Pagi-Sore Kricak Background.jpg,KUB Srikandi,2022,raw (crop),28 x 28,sRGB IEC61966-2.1,VJB
934,Kricak_00071.jpg,Batik_Lasem/motifs (isen-isen)/Kricak_Watu Pecah/all_motifs (1004)/Kricak_00071.jpg,Kricak / Watu Pecah,Kricak_Watu Pecah,all_motifs (1004),Kawis With Pagi-Sore Kricak Background.jpg,KUB Srikandi,2022,raw (crop),28 x 28,sRGB IEC61966-2.1,VJB
935,Kricak_00072.jpg,Batik_Lasem/motifs (isen-isen)/Kricak_Watu Pecah/all_motifs (1004)/Kricak_00072.jpg,Kricak / Watu Pecah,Kricak_Watu Pecah,all_motifs (1004),Kawis With Pagi-Sore Kricak Background.jpg,KUB Srikandi,2022,raw (crop),28 x 28,sRGB IEC61966-2.1,VJB
937,Kricak_00074.jpg,Batik_Lasem/motifs (isen-isen)/Kricak_Watu Pecah/all_motifs (1004)/Kricak_00074.jpg,Kricak / Watu Pecah,Kricak_Watu Pecah,all_motifs (1004),Kawis With Pagi-Sore Kricak Background.jpg,KUB Srikandi,2022,raw (crop),28 x 28,sRGB IEC61966-2.1,VJB
938,Kricak_00075.jpg,Batik_Lasem/motifs (isen-isen)/Kricak_Watu Pecah/all_motifs (1004)/Kricak_00075.jpg,Kricak / Watu Pecah,Kricak_Watu Pecah,all_motifs (1004),Kawis With Pagi-Sore Kricak Background.jpg,KUB Srikandi,2022,raw (crop),28 x 28,sRGB IEC61966-2.1,VJB
940,Kricak_00077.jpg,Batik_Lasem/motifs (isen-isen)/Kricak_Watu Pecah/all_motifs (1004)/Kricak_00077.jpg,Kricak / Watu Pecah,Kricak_Watu Pecah,all_motifs (1004),Kawis With Pagi-Sore Kricak Background.jpg,KUB Srikandi,2022,raw (crop),28 x 28,sRGB IEC61966-2.1,VJB
942,Kricak_00079.jpg,Batik_Lasem/motifs (isen-isen)/Kricak_Watu Pecah/all_motifs (1004)/Kricak_00079.jpg,Kricak / Watu Pecah,Kricak_Watu Pecah,all_motifs (1004),Kawis With Pagi-Sore Kricak Background.jpg,KUB Srikandi,2022,raw (crop),28 x 28,sRGB IEC61966-2.1,VJB
943,Kricak_00080.jpg,Batik_Lasem/motifs (isen-isen)/Kricak_Watu Pecah/all_motifs (1004)/Kricak_00080.jpg,Kricak / Watu Pecah,Kricak_Watu Pecah,all_motifs (1004),Kawis With Pagi-Sore Kricak Background.jpg,KUB Srikandi,2022,raw (crop),28 x 28,sRGB IEC61966-2.1,VJB
944,Kricak_00081.jpg,Batik_Lasem/motifs (isen-isen)/Kricak_Watu Pecah/all_motifs (1004)/Kricak_00081.jpg,Kricak / Watu Pecah,Kricak_Watu Pecah,all_motifs (1004),Kawis With Pagi-Sore Kricak Background.jpg,KUB Srikandi,2022,raw (crop),28 x 28,sRGB IEC61966-2.1,VJB
955,Kricak_00092.jpg,Batik_Lasem/motifs (isen-isen)/Kricak_Watu Pecah/all_motifs (1004)/Kricak_00092.jpg,Kricak / Watu Pecah,Kricak_Watu Pecah,all_motifs (1004),Kawis With Pagi-Sore Kricak Background.jpg,KUB Srikandi,2022,raw (crop),28 x 28,sRGB IEC61966-2.1,VJB
956,Kricak_00093.jpg,Batik_Lasem/motifs (isen-isen)/Kricak_Watu Pecah/all_motifs (1004)/Kricak_00093.jpg,Kricak / Watu Pecah,Kricak_Watu Pecah,all_motifs (1004),Kawis With Pagi-Sore Kricak Background.jpg,KUB Srikandi,2022,raw (crop),28 x 28,sRGB IEC61966-2.1,VJB
959,Kricak_00096.jpg,Batik_Lasem/motifs (isen-isen)/Kricak_Watu Pecah/all_motifs (1004)/Kricak_00096.jpg,Kricak / Watu Pecah,Kricak_Watu Pecah,all_motifs (1004),Kawis With Pagi-Sore Kricak Background.jpg,KUB Srikandi,2022,raw (crop),28 x 28,sRGB IEC61966-2.1,VJB
960,Kricak_00097.jpg,Batik_Lasem/motifs (isen-isen)/Kricak_Watu Pecah/all_motifs (1004)/Kricak_00097.jpg,Kricak / Watu Pecah,Kricak_Watu Pecah,all_motifs (1004),Kawis With Pagi-Sore Kricak Background.jpg,KUB Srikandi,2022,raw (crop),28 x 28,sRGB IEC61966-2.1,VJB
962,Kricak_00099.jpg,Batik_Lasem/motifs (isen-isen)/Kricak_Watu Pecah/all_motifs (1004)/Kricak_00099.jpg,Kricak / Watu Pecah,Kricak_Watu Pecah,all_motifs (1004),Kawis With Pagi-Sore Kricak Background.jpg,KUB Srikandi,2022,raw (crop),28 x 28,sRGB IEC61966-2.1,VJB
963,Kricak_00100.jpg,Batik_Lasem/motifs (isen-isen)/Kricak_Watu Pecah/all_motifs (1004)/Kricak_00100.jpg,Kricak / Watu Pecah,Kricak_Watu Pecah,all_motifs (1004),Kawis With Pagi-Sore Kricak Background.jpg,KUB Srikandi,2022,raw (crop),28 x 28,sRGB IEC61966-2.1,VJB
964,Kricak_00101.jpg,Batik_Lasem/motifs (isen-isen)/Kricak_Watu Pecah/all_motifs (1004)/Kricak_00101.jpg,Kricak / Watu Pecah,Kricak_Watu Pecah,all_motifs (1004),Kawis With Pagi-Sore Kricak Background.jpg,KUB Srikandi,2022,raw (crop),28 x 28,sRGB IEC61966-2.1,VJB
965,Kricak_00102.jpg,Batik_Lasem/motifs (isen-isen)/Kricak_Watu Pecah/all_motifs (1004)/Kricak_00102.jpg,Kricak / Watu Pecah,Kricak_Watu Pecah,all_motifs (1004),Kawis With Pagi-Sore Kricak Background.jpg,KUB Srikandi,2022,raw (crop),28 x 28,sRGB IEC61966-2.1,VJB
967,Kricak_00104.jpg,Batik_Lasem/motifs (isen-isen)/Kricak_Watu Pecah/all_motifs (1004)/Kricak_00104.jpg,Kricak / Watu Pecah,Kricak_Watu Pecah,all_motifs (1004),Kawis With Pagi-Sore Kricak Background.jpg,KUB Srikandi,2022,raw (crop),28 x 28,sRGB IEC61966-2.1,VJB
969,Kricak_00106.jpg,Batik_Lasem/motifs (isen-isen)/Kricak_Watu Pecah/all_motifs (1004)/Kricak_00106.jpg,Kricak / Watu Pecah,Kricak_Watu Pecah,all_motifs (1004),Kawis With Pagi-Sore Kricak Background.jpg,KUB Srikandi,2022,raw (crop),28 x 28,sRGB IEC61966-2.1,VJB
973,Kricak_00110.jpg,Batik_Lasem/motifs (isen-isen)/Kricak_Watu Pecah/all_motifs (1004)/Kricak_00110.jpg,Kricak / Watu Pecah,Kricak_Watu Pecah,all_motifs (1004),Kawis With Pagi-Sore Kricak Background.jpg,KUB Srikandi,2022,raw (crop),28 x 28,sRGB IEC61966-2.1,VJB
975,Kricak_00112.jpg,Batik_Lasem/motifs (isen-isen)/Kricak_Watu Pecah/all_motifs (1004)/Kricak_00112.jpg,Kricak / Watu Pecah,Kricak_Watu Pecah,all_motifs (1004),Kawis With Pagi-Sore Kricak Background.jpg,KUB Srikandi,2022,raw (crop),28 x 28,sRGB IEC61966-2.1,VJB
976,Kricak_00113.jpg,Batik_Lasem/motifs (isen-isen)/Kricak_Watu Pecah/all_motifs (1004)/Kricak_00113.jpg,Kricak / Watu Pecah,Kricak_Watu Pecah,all_motifs (1004),Kawis With Pagi-Sore Kricak Background.jpg,KUB Srikandi,2022,raw (crop),28 x 28,sRGB IEC61966-2.1,VJB
977,Kricak_00114.jpg,Batik_Lasem/motifs (isen-isen)/Kricak_Watu Pecah/all_motifs (1004)/Kricak_00114.jpg,Kricak / Watu Pecah,Kricak_Watu Pecah,all_motifs (1004),Kawis With Pagi-Sore Kricak Background.jpg,KUB Srikandi,2022,raw (crop),28 x 28,sRGB IEC61966-2.1,VJB
979,Kricak_00116.jpg,Batik_Lasem/motifs (isen-isen)/Kricak_Watu Pecah/all_motifs (1004)/Kricak_00116.jpg,Kricak / Watu Pecah,Kricak_Watu Pecah,all_motifs (1004),Kawis With Pagi-Sore Kricak Background.jpg,KUB Srikandi,2022,raw (crop),28 x 28,sRGB IEC61966-2.1,VJB
981,Kricak_00118.jpg,Batik_Lasem/motifs (isen-isen)/Kricak_Watu Pecah/all_motifs (1004)/Kricak_00118.jpg,Kricak / Watu Pecah,Kricak_Watu Pecah,all_motifs (1004),Kawis With Pagi-Sore Kricak Background.jpg,KUB Srikandi,2022,raw (crop),28 x 28,sRGB IEC61966-2.1,VJB
982,Kricak_00119.jpg,Batik_Lasem/motifs (isen-isen)/Kricak_Watu Pecah/all_motifs (1004)/Kricak_00119.jpg,Kricak / Watu Pecah,Kricak_Watu Pecah,all_motifs (1004),Kawis With Pagi-Sore Kricak Background.jpg,KUB Srikandi,2022,raw (crop),28 x 28,sRGB IEC61966-2.1,VJB
985,Kricak_00122.jpg,Batik_Lasem/motifs (isen-isen)/Kricak_Watu Pecah/all_motifs (1004)/Kricak_00122.jpg,Kricak / Watu Pecah,Kricak_Watu Pecah,all_motifs (1004),Kawis With Pagi-Sore Kricak Background.jpg,KUB Srikandi,2022,raw (crop),28 x 28,sRGB IEC61966-2.1,VJB
988,Kricak_00125.jpg,Batik_Lasem/motifs (isen-isen)/Kricak_Watu Pecah/all_motifs (1004)/Kricak_00125.jpg,Kricak / Watu Pecah,Kricak_Watu Pecah,all_motifs (1004),Kawis With Pagi-Sore Kricak Background.jpg,KUB Srikandi,2022,raw (crop),28 x 28,sRGB IEC61966-2.1,VJB
989,Kricak_00126.jpg,Batik_Lasem/motifs (isen-isen)/Kricak_Watu Pecah/all_motifs (1004)/Kricak_00126.jpg,Kricak / Watu Pecah,Kricak_Watu Pecah,all_motifs (1004),Kawis With Pagi-Sore Kricak Background.jpg,KUB Srikandi,2022,raw (crop),28 x 28,sRGB IEC61966-2.1,VJB
993,Kricak_00130.jpg,Batik_Lasem/motifs (isen-isen)/Kricak_Watu Pecah/all_motifs (1004)/Kricak_00130.jpg,Kricak / Watu Pecah,Kricak_Watu Pecah,all_motifs (1004),Kawis With Pagi-Sore Kricak Background.jpg,KUB Srikandi,2022,raw (crop),28 x 28,sRGB IEC61966-2.1,VJB
995,Kricak_00132.jpg,Batik_Lasem/motifs (isen-isen)/Kricak_Watu Pecah/all_motifs (1004)/Kricak_00132.jpg,Kricak / Watu Pecah,Kricak_Watu Pecah,all_motifs (1004),Kawis With Pagi-Sore Kricak Background.jpg,KUB Srikandi,2022,raw (crop),28 x 28,sRGB IEC61966-2.1,VJB
999,Kricak_00136.jpg,Batik_Lasem/motifs (isen-isen)/Kricak_Watu Pecah/all_motifs (1004)/Kricak_00136.jpg,Kricak / Watu Pecah,Kricak_Watu Pecah,all_motifs (1004),Kawis With Pagi-Sore Kricak Background.jpg,KUB Srikandi,2022,raw (crop),28 x 28,sRGB IEC61966-2.1,VJB
1000,Kricak_00137.jpg,Batik_Lasem/motifs (isen-isen)/Kricak_Watu Pecah/all_motifs (1004)/Kricak_00137.jpg,Kricak / Watu Pecah,Kricak_Watu Pecah,all_motifs (1004),Kawis With Pagi-Sore Kricak Background.jpg,KUB Srikandi,2022,raw (crop),28 x 28,sRGB IEC61966-2.1,VJB
1001,Kricak_00138.jpg,Batik_Lasem/motifs (isen-isen)/Kricak_Watu Pecah/all_motifs (1004)/Kricak_00138.jpg,Kricak / Watu Pecah,Kricak_Watu Pecah,all_motifs (1004),Kawis With Pagi-Sore Kricak Background.jpg,KUB Srikandi,2022,raw (crop),28 x 28,sRGB IEC61966-2.1,VJB
1002,Kricak_00139.jpg,Batik_Lasem/motifs (isen-isen)/Kricak_Watu Pecah/all_motifs (1004)/Kricak_00139.jpg,Kricak / Watu Pecah,Kricak_Watu Pecah,all_motifs (1004),Kawis With Pagi-Sore Kricak Background.jpg,KUB Srikandi,2022,raw (crop),28 x 28,sRGB IEC61966-2.1,VJB
1004,Kricak_00141.jpg,Batik_Lasem/motifs (isen-isen)/Kricak_Watu Pecah/all_motifs (1004)/Kricak_00141.jpg,Kricak / Watu Pecah,Kricak_Watu Pecah,all_motifs (1004),Kawis With Pagi-Sore Kricak Background.jpg,KUB Srikandi,2022,raw (crop),28 x 28,sRGB IEC61966-2.1,VJB
1005,Kricak_00142.jpg,Batik_Lasem/motifs (isen-isen)/Kricak_Watu Pecah/all_motifs (1004)/Kricak_00142.jpg,Kricak / Watu Pecah,Kricak_Watu Pecah,all_motifs (1004),Kawis With Pagi-Sore Kricak Background.jpg,KUB Srikandi,2022,raw (crop),28 x 28,sRGB IEC61966-2.1,VJB
1006,Kricak_00143.jpg,Batik_Lasem/motifs (isen-isen)/Kricak_Watu Pecah/all_motifs (1004)/Kricak_00143.jpg,Kricak / Watu Pecah,Kricak_Watu Pecah,all_motifs (1004),Kawis With Pagi-Sore Kricak Background.jpg,KUB Srikandi,2022,raw (crop),28 x 28,sRGB IEC61966-2.1,VJB
1008,Kricak_00145.jpg,Batik_Lasem/motifs (isen-isen)/Kricak_Watu Pecah/all_motifs (1004)/Kricak_00145.jpg,Kricak / Watu Pecah,Kricak_Watu Pecah,all_motifs (1004),Kawis With Pagi-Sore Kricak Background.jpg,KUB Srikandi,2022,raw (crop),28 x 28,sRGB IEC61966-2.1,VJB
1011,Kricak_00148.jpg,Batik_Lasem/motifs (isen-isen)/Kricak_Watu Pecah/all_motifs (1004)/Kricak_00148.jpg,Kricak / Watu Pecah,Kricak_Watu Pecah,all_motifs (1004),Kawis With Pagi-Sore Kricak Background.jpg,KUB Srikandi,2022,raw (crop),28 x 28,sRGB IEC61966-2.1,VJB
1013,Kricak_00150.jpg,Batik_Lasem/motifs (isen-isen)/Kricak_Watu Pecah/all_motifs (1004)/Kricak_00150.jpg,Kricak / Watu Pecah,Kricak_Watu Pecah,all_motifs (1004),Kawis With Pagi-Sore Kricak Background.jpg,KUB Srikandi,2022,raw (crop),28 x 28,sRGB IEC61966-2.1,VJB
1015,Kricak_00152.jpg,Batik_Lasem/motifs (isen-isen)/Kricak_Watu Pecah/all_motifs (1004)/Kricak_00152.jpg,Kricak / Watu Pecah,Kricak_Watu Pecah,all_motifs (1004),Kawis With Pagi-Sore Kricak Background.jpg,KUB Srikandi,2022,raw (crop),28 x 28,sRGB IEC61966-2.1,VJB
1018,Kricak_00155.jpg,Batik_Lasem/motifs (isen-isen)/Kricak_Watu Pecah/all_motifs (1004)/Kricak_00155.jpg,Kricak / Watu Pecah,Kricak_Watu Pecah,all_motifs (1004),Kawis With Pagi-Sore Kricak Background.jpg,KUB Srikandi,2022,raw (crop),28 x 28,sRGB IEC61966-2.1,VJB
1019,Kricak_00156.jpg,Batik_Lasem/motifs (isen-isen)/Kricak_Watu Pecah/all_motifs (1004)/Kricak_00156.jpg,Kricak / Watu Pecah,Kricak_Watu Pecah,all_motifs (1004),Kawis With Pagi-Sore Kricak Background.jpg,KUB Srikandi,2022,raw (crop),28 x 28,sRGB IEC61966-2.1,VJB
1020,Kricak_00157.jpg,Batik_Lasem/motifs (isen-isen)/Kricak_Watu Pecah/all_motifs (1004)/Kricak_00157.jpg,Kricak / Watu Pecah,Kricak_Watu Pecah,all_motifs (1004),Kawis With Pagi-Sore Kricak Background.jpg,KUB Srikandi,2022,raw (crop),28 x 28,sRGB IEC61966-2.1,VJB
1029,Kricak_00166.jpg,Batik_Lasem/motifs (isen-isen)/Kricak_Watu Pecah/all_motifs (1004)/Kricak_00166.jpg,Kricak / Watu Pecah,Kricak_Watu Pecah,all_motifs (1004),Kawis With Pagi-Sore Kricak Background.jpg,KUB Srikandi,2022,raw (crop),28 x 28,sRGB IEC61966-2.1,VJB
1032,Kricak_00169.jpg,Batik_Lasem/motifs (isen-isen)/Kricak_Watu Pecah/all_motifs (1004)/Kricak_00169.jpg,Kricak / Watu Pecah,Kricak_Watu Pecah,all_motifs (1004),Kawis With Pagi-Sore Kricak Background.jpg,KUB Srikandi,2022,raw (crop),28 x 28,sRGB IEC61966-2.1,VJB
1033,Kricak_00170.jpg,Batik_Lasem/motifs (isen-isen)/Kricak_Watu Pecah/all_motifs (1004)/Kricak_00170.jpg,Kricak / Watu Pecah,Kricak_Watu Pecah,all_motifs (1004),Kawis With Pagi-Sore Kricak Background.jpg,KUB Srikandi,2022,raw (crop),28 x 28,sRGB IEC61966-2.1,VJB
1037,Kricak_00174.jpg,Batik_Lasem/motifs (isen-isen)/Kricak_Watu Pecah/all_motifs (1004)/Kricak_00174.jpg,Kricak / Watu Pecah,Kricak_Watu Pecah,all_motifs (1004),Kawis With Pagi-Sore Kricak Background.jpg,KUB Srikandi,2022,raw (crop),28 x 28,sRGB IEC61966-2.1,VJB
1038,Kricak_00175.jpg,Batik_Lasem/motifs (isen-isen)/Kricak_Watu Pecah/all_motifs (1004)/Kricak_00175.jpg,Kricak / Watu Pecah,Kricak_Watu Pecah,all_motifs (1004),Kawis With Pagi-Sore Kricak Background.jpg,KUB Srikandi,2022,raw (crop),28 x 28,sRGB IEC61966-2.1,VJB
1039,Kricak_00176.jpg,Batik_Lasem/motifs (isen-isen)/Kricak_Watu Pecah/all_motifs (1004)/Kricak_00176.jpg,Kricak / Watu Pecah,Kricak_Watu Pecah,all_motifs (1004),Kawis With Pagi-Sore Kricak Background.jpg,KUB Srikandi,2022,raw (crop),28 x 28,sRGB IEC61966-2.1,VJB
1040,Kricak_00177.jpg,Batik_Lasem/motifs (isen-isen)/Kricak_Watu Pecah/all_motifs (1004)/Kricak_00177.jpg,Kricak / Watu Pecah,Kricak_Watu Pecah,all_motifs (1004),Kawis With Pagi-Sore Kricak Background.jpg,KUB Srikandi,2022,raw (crop),28 x 28,sRGB IEC61966-2.1,VJB
1045,Kricak_00182.jpg,Batik_Lasem/motifs (isen-isen)/Kricak_Watu Pecah/all_motifs (1004)/Kricak_00182.jpg,Kricak / Watu Pecah,Kricak_Watu Pecah,all_motifs (1004),Kawis With Pagi-Sore Kricak Background.jpg,KUB Srikandi,2022,raw (crop),28 x 28,sRGB IEC61966-2.1,VJB
1046,Kricak_00183.jpg,Batik_Lasem/motifs (isen-isen)/Kricak_Watu Pecah/all_motifs (1004)/Kricak_00183.jpg,Kricak / Watu Pecah,Kricak_Watu Pecah,all_motifs (1004),Kawis With Pagi-Sore Kricak Background.jpg,KUB Srikandi,2022,raw (crop),28 x 28,sRGB IEC61966-2.1,VJB
1048,Kricak_00185.jpg,Batik_Lasem/motifs (isen-isen)/Kricak_Watu Pecah/all_motifs (1004)/Kricak_00185.jpg,Kricak / Watu Pecah,Kricak_Watu Pecah,all_motifs (1004),Kawis With Pagi-Sore Kricak Background.jpg,KUB Srikandi,2022,raw (crop),28 x 28,sRGB IEC61966-2.1,VJB
1049,Kricak_00186.jpg,Batik_Lasem/motifs (isen-isen)/Kricak_Watu Pecah/all_motifs (1004)/Kricak_00186.jpg,Kricak / Watu Pecah,Kricak_Watu Pecah,all_motifs (1004),Kawis With Pagi-Sore Kricak Background.jpg,KUB Srikandi,2022,raw (crop),28 x 28,sRGB IEC61966-2.1,VJB
1052,Kricak_00189.jpg,Batik_Lasem/motifs (isen-isen)/Kricak_Watu Pecah/all_motifs (1004)/Kricak_00189.jpg,Kricak / Watu Pecah,Kricak_Watu Pecah,all_motifs (1004),Kawis With Pagi-Sore Kricak Background.jpg,KUB Srikandi,2022,raw (crop),28 x 28,sRGB IEC61966-2.1,VJB
1055,Kricak_00192.jpg,Batik_Lasem/motifs (isen-isen)/Kricak_Watu Pecah/all_motifs (1004)/Kricak_00192.jpg,Kricak / Watu Pecah,Kricak_Watu Pecah,all_motifs (1004),Kawis With Pagi-Sore Kricak Background.jpg,KUB Srikandi,2022,raw (crop),28 x 28,sRGB IEC61966-2.1,VJB
1056,Kricak_00193.jpg,Batik_Lasem/motifs (isen-isen)/Kricak_Watu Pecah/all_motifs (1004)/Kricak_00193.jpg,Kricak / Watu Pecah,Kricak_Watu Pecah,all_motifs (1004),Kawis With Pagi-Sore Kricak Background.jpg,KUB Srikandi,2022,raw (crop),28 x 28,sRGB IEC61966-2.1,VJB
1057,Kricak_00194.jpg,Batik_Lasem/motifs (isen-isen)/Kricak_Watu Pecah/all_motifs (1004)/Kricak_00194.jpg,Kricak / Watu Pecah,Kricak_Watu Pecah,all_motifs (1004),Kawis With Pagi-Sore Kricak Background.jpg,KUB Srikandi,2022,raw (crop),28 x 28,sRGB IEC61966-2.1,VJB
1058,Kricak_00195.jpg,Batik_Lasem/motifs (isen-isen)/Kricak_Watu Pecah/all_motifs (1004)/Kricak_00195.jpg,Kricak / Watu Pecah,Kricak_Watu Pecah,all_motifs (1004),Kawis With Pagi-Sore Kricak Background.jpg,KUB Srikandi,2022,raw (crop),28 x 28,sRGB IEC61966-2.1,VJB
1060,Kricak_00197.jpg,Batik_Lasem/motifs (isen-isen)/Kricak_Watu Pecah/all_motifs (1004)/Kricak_00197.jpg,Kricak / Watu Pecah,Kricak_Watu Pecah,all_motifs (1004),Kawis With Pagi-Sore Kricak Background.jpg,KUB Srikandi,2022,raw (crop),28 x 28,sRGB IEC61966-2.1,VJB
1061,Kricak_00198.jpg,Batik_Lasem/motifs (isen-isen)/Kricak_Watu Pecah/all_motifs (1004)/Kricak_00198.jpg,Kricak / Watu Pecah,Kricak_Watu Pecah,all_motifs (1004),Kawis With Pagi-Sore Kricak Background.jpg,KUB Srikandi,2022,raw (crop),28 x 28,sRGB IEC61966-2.1,VJB
1065,Kricak_00202.jpg,Batik_Lasem/motifs (isen-isen)/Kricak_Watu Pecah/all_motifs (1004)/Kricak_00202.jpg,Kricak / Watu Pecah,Kricak_Watu Pecah,all_motifs (1004),Kawis With Pagi-Sore Kricak Background.jpg,KUB Srikandi,2022,raw (crop),28 x 28,sRGB IEC61966-2.1,VJB
1066,Kricak_00203.jpg,Batik_Lasem/motifs (isen-isen)/Kricak_Watu Pecah/all_motifs (1004)/Kricak_00203.jpg,Kricak / Watu Pecah,Kricak_Watu Pecah,all_motifs (1004),Kawis With Pagi-Sore Kricak Background.jpg,KUB Srikandi,2022,raw (crop),28 x 28,sRGB IEC61966-2.1,VJB
1068,Kricak_00205.jpg,Batik_Lasem/motifs (isen-isen)/Kricak_Watu Pecah/all_motifs (1004)/Kricak_00205.jpg,Kricak / Watu Pecah,Kricak_Watu Pecah,all_motifs (1004),Kawis With Pagi-Sore Kricak Background.jpg,KUB Srikandi,2022,raw (crop),28 x 28,sRGB IEC61966-2.1,VJB
1070,Kricak_00207.jpg,Batik_Lasem/motifs (isen-isen)/Kricak_Watu Pecah/all_motifs (1004)/Kricak_00207.jpg,Kricak / Watu Pecah,Kricak_Watu Pecah,all_motifs (1004),Kawis With Pagi-Sore Kricak Background.jpg,KUB Srikandi,2022,raw (crop),28 x 28,sRGB IEC61966-2.1,VJB
1072,Kricak_00209.jpg,Batik_Lasem/motifs (isen-isen)/Kricak_Watu Pecah/all_motifs (1004)/Kricak_00209.jpg,Kricak / Watu Pecah,Kricak_Watu Pecah,all_motifs (1004),Kawis With Pagi-Sore Kricak Background.jpg,KUB Srikandi,2022,raw (crop),28 x 28,sRGB IEC61966-2.1,VJB
1074,Kricak_00211.jpg,Batik_Lasem/motifs (isen-isen)/Kricak_Watu Pecah/all_motifs (1004)/Kricak_00211.jpg,Kricak / Watu Pecah,Kricak_Watu Pecah,all_motifs (1004),Kawis With Pagi-Sore Kricak Background.jpg,KUB Srikandi,2022,raw (crop),28 x 28,sRGB IEC61966-2.1,VJB
1075,Kricak_00212.jpg,Batik_Lasem/motifs (isen-isen)/Kricak_Watu Pecah/all_motifs (1004)/Kricak_00212.jpg,Kricak / Watu Pecah,Kricak_Watu Pecah,all_motifs (1004),Kawis With Pagi-Sore Kricak Background.jpg,KUB Srikandi,2022,raw (crop),28 x 28,sRGB IEC61966-2.1,VJB
1080,Kricak_00217.jpg,Batik_Lasem/motifs (isen-isen)/Kricak_Watu Pecah/all_motifs (1004)/Kricak_00217.jpg,Kricak / Watu Pecah,Kricak_Watu Pecah,all_motifs (1004),Kawis With Pagi-Sore Kricak Background.jpg,KUB Srikandi,2022,raw (crop),28 x 28,sRGB IEC61966-2.1,VJB
1082,Kricak_00219.jpg,Batik_Lasem/motifs (isen-isen)/Kricak_Watu Pecah/all_motifs (1004)/Kricak_00219.jpg,Kricak / Watu Pecah,Kricak_Watu Pecah,all_motifs (1004),Kawis With Pagi-Sore Kricak Background.jpg,KUB Srikandi,2022,raw (crop),28 x 28,sRGB IEC61966-2.1,VJB
1088,Kricak_00225.jpg,Batik_Lasem/motifs (isen-isen)/Kricak_Watu Pecah/all_motifs (1004)/Kricak_00225.jpg,Kricak / Watu Pecah,Kricak_Watu Pecah,all_motifs (1004),Kawis With Pagi-Sore Kricak Background.jpg,KUB Srikandi,2022,raw (crop),28 x 28,sRGB IEC61966-2.1,VJB
1089,Kricak_00226.jpg,Batik_Lasem/motifs (isen-isen)/Kricak_Watu Pecah/all_motifs (1004)/Kricak_00226.jpg,Kricak / Watu Pecah,Kricak_Watu Pecah,all_motifs (1004),Kawis With Pagi-Sore Kricak Background.jpg,KUB Srikandi,2022,raw (crop),28 x 28,sRGB IEC61966-2.1,VJB
1091,Kricak_00228.jpg,Batik_Lasem/motifs (isen-isen)/Kricak_Watu Pecah/all_motifs (1004)/Kricak_00228.jpg,Kricak / Watu Pecah,Kricak_Watu Pecah,all_motifs (1004),Kawis With Pagi-Sore Kricak Background.jpg,KUB Srikandi,2022,raw (crop),28 x 28,sRGB IEC61966-2.1,VJB
1092,Kricak_00229.jpg,Batik_Lasem/motifs (isen-isen)/Kricak_Watu Pecah/all_motifs (1004)/Kricak_00229.jpg,Kricak / Watu Pecah,Kricak_Watu Pecah,all_motifs (1004),Kawis With Pagi-Sore Kricak Background.jpg,KUB Srikandi,2022,raw (crop),28 x 28,sRGB IEC61966-2.1,VJB
1095,Kricak_00232.jpg,Batik_Lasem/motifs (isen-isen)/Kricak_Watu Pecah/all_motifs (1004)/Kricak_00232.jpg,Kricak / Watu Pecah,Kricak_Watu Pecah,all_motifs (1004),Kawis With Pagi-Sore Kricak Background.jpg,KUB Srikandi,2022,raw (crop),28 x 28,sRGB IEC61966-2.1,VJB
1097,Kricak_00234.jpg,Batik_Lasem/motifs (isen-isen)/Kricak_Watu Pecah/all_motifs (1004)/Kricak_00234.jpg,Kricak / Watu Pecah,Kricak_Watu Pecah,all_motifs (1004),Kawis With Pagi-Sore Kricak Background.jpg,KUB Srikandi,2022,raw (crop),28 x 28,sRGB IEC61966-2.1,VJB
1099,Kricak_00236.jpg,Batik_Lasem/motifs (isen-isen)/Kricak_Watu Pecah/all_motifs (1004)/Kricak_00236.jpg,Kricak / Watu Pecah,Kricak_Watu Pecah,all_motifs (1004),Kawis With Pagi-Sore Kricak Background.jpg,KUB Srikandi,2022,raw (crop),28 x 28,sRGB IEC61966-2.1,VJB
1101,Kricak_00238.jpg,Batik_Lasem/motifs (isen-isen)/Kricak_Watu Pecah/all_motifs (1004)/Kricak_00238.jpg,Kricak / Watu Pecah,Kricak_Watu Pecah,all_motifs (1004),Kawis With Pagi-Sore Kricak Background.jpg,KUB Srikandi,2022,raw (crop),28 x 28,sRGB IEC61966-2.1,VJB
1106,Kricak_00243.jpg,Batik_Lasem/motifs (isen-isen)/Kricak_Watu Pecah/all_motifs (1004)/Kricak_00243.jpg,Kricak / Watu Pecah,Kricak_Watu Pecah,all_motifs (1004),Kawis With Pagi-Sore Kricak Background.jpg,KUB Srikandi,2022,raw (crop),28 x 28,sRGB IEC61966-2.1,VJB
1107,Kricak_00244.jpg,Batik_Lasem/motifs (isen-isen)/Kricak_Watu Pecah/all_motifs (1004)/Kricak_00244.jpg,Kricak / Watu Pecah,Kricak_Watu Pecah,all_motifs (1004),Kawis With Pagi-Sore Kricak Background.jpg,KUB Srikandi,2022,raw (crop),28 x 28,sRGB IEC61966-2.1,VJB
1109,Kricak_00246.jpg,Batik_Lasem/motifs (isen-isen)/Kricak_Watu Pecah/all_motifs (1004)/Kricak_00246.jpg,Kricak / Watu Pecah,Kricak_Watu Pecah,all_motifs (1004),Kawis With Pagi-Sore Kricak Background.jpg,KUB Srikandi,2022,raw (crop),28 x 28,sRGB IEC61966-2.1,VJB
1113,Kricak_00250.jpg,Batik_Lasem/motifs (isen-isen)/Kricak_Watu Pecah/all_motifs (1004)/Kricak_00250.jpg,Kricak / Watu Pecah,Kricak_Watu Pecah,all_motifs (1004),Kawis With Pagi-Sore Kricak Background.jpg,KUB Srikandi,2022,raw (crop),28 x 28,sRGB IEC61966-2.1,VJB
1114,Kricak_00251.jpg,Batik_Lasem/motifs (isen-isen)/Kricak_Watu Pecah/all_motifs (1004)/Kricak_00251.jpg,Kricak / Watu Pecah,Kricak_Watu Pecah,all_motifs (1004),Kawis With Pagi-Sore Kricak Background.jpg,KUB Srikandi,2022,raw (crop),28 x 28,sRGB IEC61966-2.1,VJB
1118,Kricak_00255.jpg,Batik_Lasem/motifs (isen-isen)/Kricak_Watu Pecah/all_motifs (1004)/Kricak_00255.jpg,Kricak / Watu Pecah,Kricak_Watu Pecah,all_motifs (1004),Kawis With Pagi-Sore Kricak Background.jpg,KUB Srikandi,2022,raw (crop),28 x 28,sRGB IEC61966-2.1,VJB
1119,Kricak_00256.jpg,Batik_Lasem/motifs (isen-isen)/Kricak_Watu Pecah/all_motifs (1004)/Kricak_00256.jpg,Kricak / Watu Pecah,Kricak_Watu Pecah,all_motifs (1004),Kawis With Pagi-Sore Kricak Background.jpg,KUB Srikandi,2022,raw (crop),28 x 28,sRGB IEC61966-2.1,VJB
1120,Kricak_00257.jpg,Batik_Lasem/motifs (isen-isen)/Kricak_Watu Pecah/all_motifs (1004)/Kricak_00257.jpg,Kricak / Watu Pecah,Kricak_Watu Pecah,all_motifs (1004),Kawis With Pagi-Sore Kricak Background.jpg,KUB Srikandi,2022,raw (crop),28 x 28,sRGB IEC61966-2.1,VJB
1121,Kricak_00258.jpg,Batik_Lasem/motifs (isen-isen)/Kricak_Watu Pecah/all_motifs (1004)/Kricak_00258.jpg,Kricak / Watu Pecah,Kricak_Watu Pecah,all_motifs (1004),Kawis With Pagi-Sore Kricak Background.jpg,KUB Srikandi,2022,raw (crop),28 x 28,sRGB IEC61966-2.1,VJB
1122,Kricak_00259.jpg,Batik_Lasem/motifs (isen-isen)/Kricak_Watu Pecah/all_motifs (1004)/Kricak_00259.jpg,Kricak / Watu Pecah,Kricak_Watu Pecah,all_motifs (1004),Kawis With Pagi-Sore Kricak Background.jpg,KUB Srikandi,2022,raw (crop),28 x 28,sRGB IEC61966-2.1,VJB
1126,Kricak_00263.jpg,Batik_Lasem/motifs (isen-isen)/Kricak_Watu Pecah/all_motifs (1004)/Kricak_00263.jpg,Kricak / Watu Pecah,Kricak_Watu Pecah,all_motifs (1004),Kawis With Pagi-Sore Kricak Background.jpg,KUB Srikandi,2022,raw (crop),28 x 28,sRGB IEC61966-2.1,VJB
1127,Kricak_00264.jpg,Batik_Lasem/motifs (isen-isen)/Kricak_Watu Pecah/all_motifs (1004)/Kricak_00264.jpg,Kricak / Watu Pecah,Kricak_Watu Pecah,all_motifs (1004),Kawis With Pagi-Sore Kricak Background.jpg,KUB Srikandi,2022,raw (crop),28 x 28,sRGB IEC61966-2.1,VJB
1128,Kricak_00265.jpg,Batik_Lasem/motifs (isen-isen)/Kricak_Watu Pecah/all_motifs (1004)/Kricak_00265.jpg,Kricak / Watu Pecah,Kricak_Watu Pecah,all_motifs (1004),Kawis With Pagi-Sore Kricak Background.jpg,KUB Srikandi,2022,raw (crop),28 x 28,sRGB IEC61966-2.1,VJB
1129,Kricak_00266.jpg,Batik_Lasem/motifs (isen-isen)/Kricak_Watu Pecah/all_motifs (1004)/Kricak_00266.jpg,Kricak / Watu Pecah,Kricak_Watu Pecah,all_motifs (1004),Kawis With Pagi-Sore Kricak Background.jpg,KUB Srikandi,2022,raw (crop),28 x 28,sRGB IEC61966-2.1,VJB
1132,Kricak_00269.jpg,Batik_Lasem/motifs (isen-isen)/Kricak_Watu Pecah/all_motifs (1004)/Kricak_00269.jpg,Kricak / Watu Pecah,Kricak_Watu Pecah,all_motifs (1004),Kawis With Pagi-Sore Kricak Background.jpg,KUB Srikandi,2022,raw (crop),28 x 28,sRGB IEC61966-2.1,VJB
1133,Kricak_00270.jpg,Batik_Lasem/motifs (isen-isen)/Kricak_Watu Pecah/all_motifs (1004)/Kricak_00270.jpg,Kricak / Watu Pecah,Kricak_Watu Pecah,all_motifs (1004),Kawis With Pagi-Sore Kricak Background.jpg,KUB Srikandi,2022,raw (crop),28 x 28,sRGB IEC61966-2.1,VJB
1136,Kricak_00273.jpg,Batik_Lasem/motifs (isen-isen)/Kricak_Watu Pecah/all_motifs (1004)/Kricak_00273.jpg,Kricak / Watu Pecah,Kricak_Watu Pecah,all_motifs (1004),Withering Teak in Blue.jpg,Pusaka Beruang,2022,raw (crop),28 x 28,sRGB IEC61966-2.1,VJB
1140,Kricak_00277.jpg,Batik_Lasem/motifs (isen-isen)/Kricak_Watu Pecah/all_motifs (1004)/Kricak_00277.jpg,Kricak / Watu Pecah,Kricak_Watu Pecah,all_motifs (1004),Withering Teak in Blue.jpg,Pusaka Beruang,2022,raw (crop),28 x 28,sRGB IEC61966-2.1,VJB
1144,Kricak_00281.jpg,Batik_Lasem/motifs (isen-isen)/Kricak_Watu Pecah/all_motifs (1004)/Kricak_00281.jpg,Kricak / Watu Pecah,Kricak_Watu Pecah,all_motifs (1004),Withering Teak in Blue.jpg,Pusaka Beruang,2022,raw (crop),28 x 28,sRGB IEC61966-2.1,VJB
1149,Kricak_00286.jpg,Batik_Lasem/motifs (isen-isen)/Kricak_Watu Pecah/all_motifs (1004)/Kricak_00286.jpg,Kricak / Watu Pecah,Kricak_Watu Pecah,all_motifs (1004),Withering Teak in Blue.jpg,Pusaka Beruang,2022,raw (crop),28 x 28,sRGB IEC61966-2.1,VJB
1151,Kricak_00288.jpg,Batik_Lasem/motifs (isen-isen)/Kricak_Watu Pecah/all_motifs (1004)/Kricak_00288.jpg,Kricak / Watu Pecah,Kricak_Watu Pecah,all_motifs (1004),Withering Teak in Blue.jpg,Pusaka Beruang,2022,raw (crop),28 x 28,sRGB IEC61966-2.1,VJB
1153,Kricak_00290.jpg,Batik_Lasem/motifs (isen-isen)/Kricak_Watu Pecah/all_motifs (1004)/Kricak_00290.jpg,Kricak / Watu Pecah,Kricak_Watu Pecah,all_motifs (1004),Withering Teak in Blue.jpg,Pusaka Beruang,2022,raw (crop),28 x 28,sRGB IEC61966-2.1,VJB
1154,Kricak_00291.jpg,Batik_Lasem/motifs (isen-isen)/Kricak_Watu Pecah/all_motifs (1004)/Kricak_00291.jpg,Kricak / Watu Pecah,Kricak_Watu Pecah,all_motifs (1004),Withering Teak in Blue.jpg,Pusaka Beruang,2022,raw (crop),28 x 28,sRGB IEC61966-2.1,VJB
1155,Kricak_00292.jpg,Batik_Lasem/motifs (isen-isen)/Kricak_Watu Pecah/all_motifs (1004)/Kricak_00292.jpg,Kricak / Watu Pecah,Kricak_Watu Pecah,all_motifs (1004),Withering Teak in Blue.jpg,Pusaka Beruang,2022,raw (crop),28 x 28,sRGB IEC61966-2.1,VJB
1156,Kricak_00293.jpg,Batik_Lasem/motifs (isen-isen)/Kricak_Watu Pecah/all_motifs (1004)/Kricak_00293.jpg,Kricak / Watu Pecah,Kricak_Watu Pecah,all_motifs (1004),Withering Teak in Blue.jpg,Pusaka Beruang,2022,raw (crop),28 x 28,sRGB IEC61966-2.1,VJB
1157,Kricak_00294.jpg,Batik_Lasem/motifs (isen-isen)/Kricak_Watu Pecah/all_motifs (1004)/Kricak_00294.jpg,Kricak / Watu Pecah,Kricak_Watu Pecah,all_motifs (1004),Withering Teak in Blue.jpg,Pusaka Beruang,2022,raw (crop),28 x 28,sRGB IEC61966-2.1,VJB
1158,Kricak_00295.jpg,Batik_Lasem/motifs (isen-isen)/Kricak_Watu Pecah/all_motifs (1004)/Kricak_00295.jpg,Kricak / Watu Pecah,Kricak_Watu Pecah,all_motifs (1004),Withering Teak in Blue.jpg,Pusaka Beruang,2022,raw (crop),28 x 28,sRGB IEC61966-2.1,VJB
1163,Kricak_00300.jpg,Batik_Lasem/motifs (isen-isen)/Kricak_Watu Pecah/all_motifs (1004)/Kricak_00300.jpg,Kricak / Watu Pecah,Kricak_Watu Pecah,all_motifs (1004),Withering Teak in Blue.jpg,Pusaka Beruang,2022,raw (crop),28 x 28,sRGB IEC61966-2.1,VJB
1164,Kricak_00301.jpg,Batik_Lasem/motifs (isen-isen)/Kricak_Watu Pecah/all_motifs (1004)/Kricak_00301.jpg,Kricak / Watu Pecah,Kricak_Watu Pecah,all_motifs (1004),Withering Teak in Blue.jpg,Pusaka Beruang,2022,raw (crop),28 x 28,sRGB IEC61966-2.1,VJB
1175,Kricak_00312.jpg,Batik_Lasem/motifs (isen-isen)/Kricak_Watu Pecah/all_motifs (1004)/Kricak_00312.jpg,Kricak / Watu Pecah,Kricak_Watu Pecah,all_motifs (1004),Withering Teak in Blue.jpg,Pusaka Beruang,2022,raw (crop),28 x 28,sRGB IEC61966-2.1,VJB
1176,Kricak_00313.jpg,Batik_Lasem/motifs (isen-isen)/Kricak_Watu Pecah/all_motifs (1004)/Kricak_00313.jpg,Kricak / Watu Pecah,Kricak_Watu Pecah,all_motifs (1004),Withering Teak in Blue.jpg,Pusaka Beruang,2022,raw (crop),28 x 28,sRGB IEC61966-2.1,VJB
1178,Kricak_00315.jpg,Batik_Lasem/motifs (isen-isen)/Kricak_Watu Pecah/all_motifs (1004)/Kricak_00315.jpg,Kricak / Watu Pecah,Kricak_Watu Pecah,all_motifs (1004),Withering Teak in Blue.jpg,Pusaka Beruang,2022,raw (crop),28 x 28,sRGB IEC61966-2.1,VJB
1181,Kricak_00318.jpg,Batik_Lasem/motifs (isen-isen)/Kricak_Watu Pecah/all_motifs (1004)/Kricak_00318.jpg,Kricak / Watu Pecah,Kricak_Watu Pecah,all_motifs (1004),Withering Teak in Blue.jpg,Pusaka Beruang,2022,raw (crop),28 x 28,sRGB IEC61966-2.1,VJB
1182,Kricak_00319.jpg,Batik_Lasem/motifs (isen-isen)/Kricak_Watu Pecah/all_motifs (1004)/Kricak_00319.jpg,Kricak / Watu Pecah,Kricak_Watu Pecah,all_motifs (1004),Withering Teak in Blue.jpg,Pusaka Beruang,2022,raw (crop),28 x 28,sRGB IEC61966-2.1,VJB
1184,Kricak_00321.jpg,Batik_Lasem/motifs (isen-isen)/Kricak_Watu Pecah/all_motifs (1004)/Kricak_00321.jpg,Kricak / Watu Pecah,Kricak_Watu Pecah,all_motifs (1004),Withering Teak in Blue.jpg,Pusaka Beruang,2022,raw (crop),28 x 28,sRGB IEC61966-2.1,VJB
1185,Kricak_00322.jpg,Batik_Lasem/motifs (isen-isen)/Kricak_Watu Pecah/all_motifs (1004)/Kricak_00322.jpg,Kricak / Watu Pecah,Kricak_Watu Pecah,all_motifs (1004),Withering Teak in Blue.jpg,Pusaka Beruang,2022,raw (crop),28 x 28,sRGB IEC61966-2.1,VJB
1186,Kricak_00323.jpg,Batik_Lasem/motifs (isen-isen)/Kricak_Watu Pecah/all_motifs (1004)/Kricak_00323.jpg,Kricak / Watu Pecah,Kricak_Watu Pecah,all_motifs (1004),Withering Teak in Blue.jpg,Pusaka Beruang,2022,raw (crop),28 x 28,sRGB IEC61966-2.1,VJB
1187,Kricak_00324.jpg,Batik_Lasem/motifs (isen-isen)/Kricak_Watu Pecah/all_motifs (1004)/Kricak_00324.jpg,Kricak / Watu Pecah,Kricak_Watu Pecah,all_motifs (1004),Withering Teak in Blue.jpg,Pusaka Beruang,2022,raw (crop),28 x 28,sRGB IEC61966-2.1,VJB
1189,Kricak_00326.jpg,Batik_Lasem/motifs (isen-isen)/Kricak_Watu Pecah/all_motifs (1004)/Kricak_00326.jpg,Kricak / Watu Pecah,Kricak_Watu Pecah,all_motifs (1004),Withering Teak in Blue.jpg,Pusaka Beruang,2022,raw (crop),28 x 28,sRGB IEC61966-2.1,VJB
1191,Kricak_00328.jpg,Batik_Lasem/motifs (isen-isen)/Kricak_Watu Pecah/all_motifs (1004)/Kricak_00328.jpg,Kricak / Watu Pecah,Kricak_Watu Pecah,all_motifs (1004),Withering Teak in Blue.jpg,Pusaka Beruang,2022,raw (crop),28 x 28,sRGB IEC61966-2.1,VJB
1192,Kricak_00329.jpg,Batik_Lasem/motifs (isen-isen)/Kricak_Watu Pecah/all_motifs (1004)/Kricak_00329.jpg,Kricak / Watu Pecah,Kricak_Watu Pecah,all_motifs (1004),Withering Teak in Blue.jpg,Pusaka Beruang,2022,raw (crop),28 x 28,sRGB IEC61966-2.1,VJB
1193,Kricak_00330.jpg,Batik_Lasem/motifs (isen-isen)/Kricak_Watu Pecah/all_motifs (1004)/Kricak_00330.jpg,Kricak / Watu Pecah,Kricak_Watu Pecah,all_motifs (1004),Withering Teak in Blue.jpg,Pusaka Beruang,2022,raw (crop),28 x 28,sRGB IEC61966-2.1,VJB
1194,Kricak_00331.jpg,Batik_Lasem/motifs (isen-isen)/Kricak_Watu Pecah/all_motifs (1004)/Kricak_00331.jpg,Kricak / Watu Pecah,Kricak_Watu Pecah,all_motifs (1004),Withering Teak in Blue.jpg,Pusaka Beruang,2022,raw (crop),28 x 28,sRGB IEC61966-2.1,VJB
1195,Kricak_00332.jpg,Batik_Lasem/motifs (isen-isen)/Kricak_Watu Pecah/all_motifs (1004)/Kricak_00332.jpg,Kricak / Watu Pecah,Kricak_Watu Pecah,all_motifs (1004),Withering Teak in Blue.jpg,Pusaka Beruang,2022,raw (crop),28 x 28,sRGB IEC61966-2.1,VJB
1197,Kricak_00334.jpg,Batik_Lasem/motifs (isen-isen)/Kricak_Watu Pecah/all_motifs (1004)/Kricak_00334.jpg,Kricak / Watu Pecah,Kricak_Watu Pecah,all_motifs (1004),Withering Teak in Blue.jpg,Pusaka Beruang,2022,raw (crop),28 x 28,sRGB IEC61966-2.1,VJB
1200,Kricak_00337.jpg,Batik_Lasem/motifs (isen-isen)/Kricak_Watu Pecah/all_motifs (1004)/Kricak_00337.jpg,Kricak / Watu Pecah,Kricak_Watu Pecah,all_motifs (1004),Withering Teak in Blue.jpg,Pusaka Beruang,2022,raw (crop),28 x 28,sRGB IEC61966-2.1,VJB
1202,Kricak_00339.jpg,Batik_Lasem/motifs (isen-isen)/Kricak_Watu Pecah/all_motifs (1004)/Kricak_00339.jpg,Kricak / Watu Pecah,Kricak_Watu Pecah,all_motifs (1004),Withering Teak in Blue.jpg,Pusaka Beruang,2022,raw (crop),28 x 28,sRGB IEC61966-2.1,VJB
1203,Kricak_00340.jpg,Batik_Lasem/motifs (isen-isen)/Kricak_Watu Pecah/all_motifs (1004)/Kricak_00340.jpg,Kricak / Watu Pecah,Kricak_Watu Pecah,all_motifs (1004),Kawis With Pagi-Sore Kricak Background.jpg,KUB Srikandi,2022,raw (crop),28 x 28,sRGB IEC61966-2.1,VJB
1205,Kricak_00342.jpg,Batik_Lasem/motifs (isen-isen)/Kricak_Watu Pecah/all_motifs (1004)/Kricak_00342.jpg,Kricak / Watu Pecah,Kricak_Watu Pecah,all_motifs (1004),Kawis With Pagi-Sore Kricak Background.jpg,KUB Srikandi,2022,raw (crop),28 x 28,sRGB IEC61966-2.1,VJB
1206,Kricak_00343.jpg,Batik_Lasem/motifs (isen-isen)/Kricak_Watu Pecah/all_motifs (1004)/Kricak_00343.jpg,Kricak / Watu Pecah,Kricak_Watu Pecah,all_motifs (1004),Kawis With Pagi-Sore Kricak Background.jpg,KUB Srikandi,2022,raw (crop),28 x 28,sRGB IEC61966-2.1,VJB
1207,Kricak_00344.jpg,Batik_Lasem/motifs (isen-isen)/Kricak_Watu Pecah/all_motifs (1004)/Kricak_00344.jpg,Kricak / Watu Pecah,Kricak_Watu Pecah,all_motifs (1004),Kawis With Pagi-Sore Kricak Background.jpg,KUB Srikandi,2022,raw (crop),28 x 28,sRGB IEC61966-2.1,VJB
1209,Kricak_00346.jpg,Batik_Lasem/motifs (isen-isen)/Kricak_Watu Pecah/all_motifs (1004)/Kricak_00346.jpg,Kricak / Watu Pecah,Kricak_Watu Pecah,all_motifs (1004),Kawis With Pagi-Sore Kricak Background.jpg,KUB Srikandi,2022,raw (crop),28 x 28,sRGB IEC61966-2.1,VJB
1210,Kricak_00347.jpg,Batik_Lasem/motifs (isen-isen)/Kricak_Watu Pecah/all_motifs (1004)/Kricak_00347.jpg,Kricak / Watu Pecah,Kricak_Watu Pecah,all_motifs (1004),Kawis With Pagi-Sore Kricak Background.jpg,KUB Srikandi,2022,raw (crop),28 x 28,sRGB IEC61966-2.1,VJB
1213,Kricak_00350.jpg,Batik_Lasem/motifs (isen-isen)/Kricak_Watu Pecah/all_motifs (1004)/Kricak_00350.jpg,Kricak / Watu Pecah,Kricak_Watu Pecah,all_motifs (1004),Kawis With Pagi-Sore Kricak Background.jpg,KUB Srikandi,2022,raw (crop),28 x 28,sRGB IEC61966-2.1,VJB
1216,Kricak_00353.jpg,Batik_Lasem/motifs (isen-isen)/Kricak_Watu Pecah/all_motifs (1004)/Kricak_00353.jpg,Kricak / Watu Pecah,Kricak_Watu Pecah,all_motifs (1004),Kawis With Pagi-Sore Kricak Background.jpg,KUB Srikandi,2022,raw (crop),28 x 28,sRGB IEC61966-2.1,VJB
1218,Kricak_00355.jpg,Batik_Lasem/motifs (isen-isen)/Kricak_Watu Pecah/all_motifs (1004)/Kricak_00355.jpg,Kricak / Watu Pecah,Kricak_Watu Pecah,all_motifs (1004),Kawis With Pagi-Sore Kricak Background.jpg,KUB Srikandi,2022,raw (crop),28 x 28,sRGB IEC61966-2.1,VJB
1220,Kricak_00357.jpg,Batik_Lasem/motifs (isen-isen)/Kricak_Watu Pecah/all_motifs (1004)/Kricak_00357.jpg,Kricak / Watu Pecah,Kricak_Watu Pecah,all_motifs (1004),Kawis With Pagi-Sore Kricak Background.jpg,KUB Srikandi,2022,raw (crop),28 x 28,sRGB IEC61966-2.1,VJB
1222,Kricak_00359.jpg,Batik_Lasem/motifs (isen-isen)/Kricak_Watu Pecah/all_motifs (1004)/Kricak_00359.jpg,Kricak / Watu Pecah,Kricak_Watu Pecah,all_motifs (1004),Isen Cloth 4.jpg,KUB Srikandi,2022,raw (crop),28 x 28,sRGB IEC61966-2.1,VJB
1224,Kricak_00361.jpg,Batik_Lasem/motifs (isen-isen)/Kricak_Watu Pecah/all_motifs (1004)/Kricak_00361.jpg,Kricak / Watu Pecah,Kricak_Watu Pecah,all_motifs (1004),Isen Cloth 4.jpg,KUB Srikandi,2022,raw (crop),28 x 28,sRGB IEC61966-2.1,VJB
1226,Kricak_00363.jpg,Batik_Lasem/motifs (isen-isen)/Kricak_Watu Pecah/all_motifs (1004)/Kricak_00363.jpg,Kricak / Watu Pecah,Kricak_Watu Pecah,all_motifs (1004),Isen Cloth 4.jpg,KUB Srikandi,2022,raw (crop),28 x 28,sRGB IEC61966-2.1,VJB
1228,Kricak_00365.jpg,Batik_Lasem/motifs (isen-isen)/Kricak_Watu Pecah/all_motifs (1004)/Kricak_00365.jpg,Kricak / Watu Pecah,Kricak_Watu Pecah,all_motifs (1004),Isen Cloth 4.jpg,KUB Srikandi,2022,raw (crop),28 x 28,sRGB IEC61966-2.1,VJB
1229,Kricak_00366.jpg,Batik_Lasem/motifs (isen-isen)/Kricak_Watu Pecah/all_motifs (1004)/Kricak_00366.jpg,Kricak / Watu Pecah,Kricak_Watu Pecah,all_motifs (1004),Isen Cloth 4.jpg,KUB Srikandi,2022,raw (crop),28 x 28,sRGB IEC61966-2.1,VJB
1230,Kricak_00367.jpg,Batik_Lasem/motifs (isen-isen)/Kricak_Watu Pecah/all_motifs (1004)/Kricak_00367.jpg,Kricak / Watu Pecah,Kricak_Watu Pecah,all_motifs (1004),Isen Cloth 4.jpg,KUB Srikandi,2022,raw (crop),28 x 28,sRGB IEC61966-2.1,VJB
1231,Kricak_00368.jpg,Batik_Lasem/motifs (isen-isen)/Kricak_Watu Pecah/all_motifs (1004)/Kricak_00368.jpg,Kricak / Watu Pecah,Kricak_Watu Pecah,all_motifs (1004),Isen Cloth 4.jpg,KUB Srikandi,2022,raw (crop),28 x 28,sRGB IEC61966-2.1,VJB
1232,Kricak_00369.jpg,Batik_Lasem/motifs (isen-isen)/Kricak_Watu Pecah/all_motifs (1004)/Kricak_00369.jpg,Kricak / Watu Pecah,Kricak_Watu Pecah,all_motifs (1004),Isen Cloth 4.jpg,KUB Srikandi,2022,raw (crop),28 x 28,sRGB IEC61966-2.1,VJB
1236,Kricak_00373.jpg,Batik_Lasem/motifs (isen-isen)/Kricak_Watu Pecah/all_motifs (1004)/Kricak_00373.jpg,Kricak / Watu Pecah,Kricak_Watu Pecah,all_motifs (1004),Isen Cloth 4.jpg,KUB Srikandi,2022,raw (crop),28 x 28,sRGB IEC61966-2.1,VJB
1246,Kricak_00383.jpg,Batik_Lasem/motifs (isen-isen)/Kricak_Watu Pecah/all_motifs (1004)/Kricak_00383.jpg,Kricak / Watu Pecah,Kricak_Watu Pecah,all_motifs (1004),Isen Cloth 4.jpg,KUB Srikandi,2022,raw (crop),28 x 28,sRGB IEC61966-2.1,VJB
1248,Kricak_00385.jpg,Batik_Lasem/motifs (isen-isen)/Kricak_Watu Pecah/all_motifs (1004)/Kricak_00385.jpg,Kricak / Watu Pecah,Kricak_Watu Pecah,all_motifs (1004),Isen Cloth 4.jpg,KUB Srikandi,2022,raw (crop),28 x 28,sRGB IEC61966-2.1,VJB
1249,Kricak_00386.jpg,Batik_Lasem/motifs (isen-isen)/Kricak_Watu Pecah/all_motifs (1004)/Kricak_00386.jpg,Kricak / Watu Pecah,Kricak_Watu Pecah,all_motifs (1004),Isen Cloth 4.jpg,KUB Srikandi,2022,raw (crop),28 x 28,sRGB IEC61966-2.1,VJB
1251,Kricak_00388.jpg,Batik_Lasem/motifs (isen-isen)/Kricak_Watu Pecah/all_motifs (1004)/Kricak_00388.jpg,Kricak / Watu Pecah,Kricak_Watu Pecah,all_motifs (1004),Isen Cloth 4.jpg,KUB Srikandi,2022,raw (crop),28 x 28,sRGB IEC61966-2.1,VJB
1252,Kricak_00389.jpg,Batik_Lasem/motifs (isen-isen)/Kricak_Watu Pecah/all_motifs (1004)/Kricak_00389.jpg,Kricak / Watu Pecah,Kricak_Watu Pecah,all_motifs (1004),Isen Cloth 4.jpg,KUB Srikandi,2022,raw (crop),28 x 28,sRGB IEC61966-2.1,VJB
1253,Kricak_00390.jpg,Batik_Lasem/motifs (isen-isen)/Kricak_Watu Pecah/all_motifs (1004)/Kricak_00390.jpg,Kricak / Watu Pecah,Kricak_Watu Pecah,all_motifs (1004),Isen Cloth 4.jpg,KUB Srikandi,2022,raw (crop),28 x 28,sRGB IEC61966-2.1,VJB
1255,Kricak_00392.jpg,Batik_Lasem/motifs (isen-isen)/Kricak_Watu Pecah/all_motifs (1004)/Kricak_00392.jpg,Kricak / Watu Pecah,Kricak_Watu Pecah,all_motifs (1004),Isen Cloth 4.jpg,KUB Srikandi,2022,raw (crop),28 x 28,sRGB IEC61966-2.1,VJB
1256,Kricak_00393.jpg,Batik_Lasem/motifs (isen-isen)/Kricak_Watu Pecah/all_motifs (1004)/Kricak_00393.jpg,Kricak / Watu Pecah,Kricak_Watu Pecah,all_motifs (1004),Isen Cloth 4.jpg,KUB Srikandi,2022,raw (crop),28 x 28,sRGB IEC61966-2.1,VJB
1259,Kricak_00396.jpg,Batik_Lasem/motifs (isen-isen)/Kricak_Watu Pecah/all_motifs (1004)/Kricak_00396.jpg,Kricak / Watu Pecah,Kricak_Watu Pecah,all_motifs (1004),Isen Cloth 4.jpg,KUB Srikandi,2022,raw (crop),28 x 28,sRGB IEC61966-2.1,VJB
1260,Kricak_00397.jpg,Batik_Lasem/motifs (isen-isen)/Kricak_Watu Pecah/all_motifs (1004)/Kricak_00397.jpg,Kricak / Watu Pecah,Kricak_Watu Pecah,all_motifs (1004),Isen Cloth 4.jpg,KUB Srikandi,2022,raw (crop),28 x 28,sRGB IEC61966-2.1,VJB
1261,Kricak_00398.jpg,Batik_Lasem/motifs (isen-isen)/Kricak_Watu Pecah/all_motifs (1004)/Kricak_00398.jpg,Kricak / Watu Pecah,Kricak_Watu Pecah,all_motifs (1004),Isen Cloth 4.jpg,KUB Srikandi,2022,raw (crop),28 x 28,sRGB IEC61966-2.1,VJB
1268,Kricak_00405.jpg,Batik_Lasem/motifs (isen-isen)/Kricak_Watu Pecah/all_motifs (1004)/Kricak_00405.jpg,Kricak / Watu Pecah,Kricak_Watu Pecah,all_motifs (1004),Isen Cloth 4.jpg,KUB Srikandi,2022,raw (crop),28 x 28,sRGB IEC61966-2.1,VJB
1269,Kricak_00406.jpg,Batik_Lasem/motifs (isen-isen)/Kricak_Watu Pecah/all_motifs (1004)/Kricak_00406.jpg,Kricak / Watu Pecah,Kricak_Watu Pecah,all_motifs (1004),Isen Cloth 4.jpg,KUB Srikandi,2022,raw (crop),28 x 28,sRGB IEC61966-2.1,VJB
1272,Kricak_00409.jpg,Batik_Lasem/motifs (isen-isen)/Kricak_Watu Pecah/all_motifs (1004)/Kricak_00409.jpg,Kricak / Watu Pecah,Kricak_Watu Pecah,all_motifs (1004),Isen Cloth 4.jpg,KUB Srikandi,2022,raw (crop),28 x 28,sRGB IEC61966-2.1,VJB
1273,Kricak_00410.jpg,Batik_Lasem/motifs (isen-isen)/Kricak_Watu Pecah/all_motifs (1004)/Kricak_00410.jpg,Kricak / Watu Pecah,Kricak_Watu Pecah,all_motifs (1004),Isen Cloth 4.jpg,KUB Srikandi,2022,raw (crop),28 x 28,sRGB IEC61966-2.1,VJB
1274,Kricak_00411.jpg,Batik_Lasem/motifs (isen-isen)/Kricak_Watu Pecah/all_motifs (1004)/Kricak_00411.jpg,Kricak / Watu Pecah,Kricak_Watu Pecah,all_motifs (1004),Isen Cloth 4.jpg,KUB Srikandi,2022,raw (crop),28 x 28,sRGB IEC61966-2.1,VJB
1275,Kricak_00412.jpg,Batik_Lasem/motifs (isen-isen)/Kricak_Watu Pecah/all_motifs (1004)/Kricak_00412.jpg,Kricak / Watu Pecah,Kricak_Watu Pecah,all_motifs (1004),Isen Cloth 4.jpg,KUB Srikandi,2022,raw (crop),28 x 28,sRGB IEC61966-2.1,VJB
1276,Kricak_00413.jpg,Batik_Lasem/motifs (isen-isen)/Kricak_Watu Pecah/all_motifs (1004)/Kricak_00413.jpg,Kricak / Watu Pecah,Kricak_Watu Pecah,all_motifs (1004),Isen Cloth 4.jpg,KUB Srikandi,2022,raw (crop),28 x 28,sRGB IEC61966-2.1,VJB
1279,Kricak_00416.jpg,Batik_Lasem/motifs (isen-isen)/Kricak_Watu Pecah/all_motifs (1004)/Kricak_00416.jpg,Kricak / Watu Pecah,Kricak_Watu Pecah,all_motifs (1004),Isen Cloth 4.jpg,KUB Srikandi,2022,raw (crop),28 x 28,sRGB IEC61966-2.1,VJB
1280,Kricak_00417.jpg,Batik_Lasem/motifs (isen-isen)/Kricak_Watu Pecah/all_motifs (1004)/Kricak_00417.jpg,Kricak / Watu Pecah,Kricak_Watu Pecah,all_motifs (1004),Isen Cloth 4.jpg,KUB Srikandi,2022,raw (crop),28 x 28,sRGB IEC61966-2.1,VJB
1288,Kricak_00425.jpg,Batik_Lasem/motifs (isen-isen)/Kricak_Watu Pecah/all_motifs (1004)/Kricak_00425.jpg,Kricak / Watu Pecah,Kricak_Watu Pecah,all_motifs (1004),Fern with Bledak Background.jpg,Pusaka Beruang,2022,raw (crop),28 x 28,sRGB IEC61966-2.1,VJB
1291,Kricak_00428.jpg,Batik_Lasem/motifs (isen-isen)/Kricak_Watu Pecah/all_motifs (1004)/Kricak_00428.jpg,Kricak / Watu Pecah,Kricak_Watu Pecah,all_motifs (1004),Fern with Bledak Background.jpg,Pusaka Beruang,2022,raw (crop),28 x 28,sRGB IEC61966-2.1,VJB
1293,Kricak_00430.jpg,Batik_Lasem/motifs (isen-isen)/Kricak_Watu Pecah/all_motifs (1004)/Kricak_00430.jpg,Kricak / Watu Pecah,Kricak_Watu Pecah,all_motifs (1004),Fern with Bledak Background.jpg,Pusaka Beruang,2022,raw (crop),28 x 28,sRGB IEC61966-2.1,VJB
1294,Kricak_00431.jpg,Batik_Lasem/motifs (isen-isen)/Kricak_Watu Pecah/all_motifs (1004)/Kricak_00431.jpg,Kricak / Watu Pecah,Kricak_Watu Pecah,all_motifs (1004),Fern with Bledak Background.jpg,Pusaka Beruang,2022,raw (crop),28 x 28,sRGB IEC61966-2.1,VJB
1298,Kricak_00435.jpg,Batik_Lasem/motifs (isen-isen)/Kricak_Watu Pecah/all_motifs (1004)/Kricak_00435.jpg,Kricak / Watu Pecah,Kricak_Watu Pecah,all_motifs (1004),Fern with Bledak Background.jpg,Pusaka Beruang,2022,raw (crop),28 x 28,sRGB IEC61966-2.1,VJB
1299,Kricak_00436.jpg,Batik_Lasem/motifs (isen-isen)/Kricak_Watu Pecah/all_motifs (1004)/Kricak_00436.jpg,Kricak / Watu Pecah,Kricak_Watu Pecah,all_motifs (1004),Fern with Bledak Background.jpg,Pusaka Beruang,2022,raw (crop),28 x 28,sRGB IEC61966-2.1,VJB
1303,Kricak_00440.jpg,Batik_Lasem/motifs (isen-isen)/Kricak_Watu Pecah/all_motifs (1004)/Kricak_00440.jpg,Kricak / Watu Pecah,Kricak_Watu Pecah,all_motifs (1004),Fern with Bledak Background.jpg,Pusaka Beruang,2022,raw (crop),28 x 28,sRGB IEC61966-2.1,VJB
1304,Kricak_00441.jpg,Batik_Lasem/motifs (isen-isen)/Kricak_Watu Pecah/all_motifs (1004)/Kricak_00441.jpg,Kricak / Watu Pecah,Kricak_Watu Pecah,all_motifs (1004),Fern with Bledak Background.jpg,Pusaka Beruang,2022,raw (crop),28 x 28,sRGB IEC61966-2.1,VJB
1306,Kricak_00443.jpg,Batik_Lasem/motifs (isen-isen)/Kricak_Watu Pecah/all_motifs (1004)/Kricak_00443.jpg,Kricak / Watu Pecah,Kricak_Watu Pecah,all_motifs (1004),Fern with Bledak Background.jpg,Pusaka Beruang,2022,raw (crop),28 x 28,sRGB IEC61966-2.1,VJB
1309,Kricak_00446.jpg,Batik_Lasem/motifs (isen-isen)/Kricak_Watu Pecah/all_motifs (1004)/Kricak_00446.jpg,Kricak / Watu Pecah,Kricak_Watu Pecah,all_motifs (1004),Fern with Bledak Background.jpg,Pusaka Beruang,2022,raw (crop),28 x 28,sRGB IEC61966-2.1,VJB
1311,Kricak_00448.jpg,Batik_Lasem/motifs (isen-isen)/Kricak_Watu Pecah/all_motifs (1004)/Kricak_00448.jpg,Kricak / Watu Pecah,Kricak_Watu Pecah,all_motifs (1004),Fern with Bledak Background.jpg,Pusaka Beruang,2022,raw (crop),28 x 28,sRGB IEC61966-2.1,VJB
1313,Kricak_00450.jpg,Batik_Lasem/motifs (isen-isen)/Kricak_Watu Pecah/all_motifs (1004)/Kricak_00450.jpg,Kricak / Watu Pecah,Kricak_Watu Pecah,all_motifs (1004),Fern with Bledak Background.jpg,Pusaka Beruang,2022,raw (crop),28 x 28,sRGB IEC61966-2.1,VJB
1315,Kricak_00452.jpg,Batik_Lasem/motifs (isen-isen)/Kricak_Watu Pecah/all_motifs (1004)/Kricak_00452.jpg,Kricak / Watu Pecah,Kricak_Watu Pecah,all_motifs (1004),Fern with Bledak Background.jpg,Pusaka Beruang,2022,raw (crop),28 x 28,sRGB IEC61966-2.1,VJB
1316,Kricak_00453.jpg,Batik_Lasem/motifs (isen-isen)/Kricak_Watu Pecah/all_motifs (1004)/Kricak_00453.jpg,Kricak / Watu Pecah,Kricak_Watu Pecah,all_motifs (1004),Fern with Bledak Background.jpg,Pusaka Beruang,2022,raw (crop),28 x 28,sRGB IEC61966-2.1,VJB
1318,Kricak_00455.jpg,Batik_Lasem/motifs (isen-isen)/Kricak_Watu Pecah/all_motifs (1004)/Kricak_00455.jpg,Kricak / Watu Pecah,Kricak_Watu Pecah,all_motifs (1004),Fern with Bledak Background.jpg,Pusaka Beruang,2022,raw (crop),28 x 28,sRGB IEC61966-2.1,VJB
1322,Kricak_00459.jpg,Batik_Lasem/motifs (isen-isen)/Kricak_Watu Pecah/all_motifs (1004)/Kricak_00459.jpg,Kricak / Watu Pecah,Kricak_Watu Pecah,all_motifs (1004),Fern with Bledak Background.jpg,Pusaka Beruang,2022,raw (crop),28 x 28,sRGB IEC61966-2.1,VJB
1324,Kricak_00461.jpg,Batik_Lasem/motifs (isen-isen)/Kricak_Watu Pecah/all_motifs (1004)/Kricak_00461.jpg,Kricak / Watu Pecah,Kricak_Watu Pecah,all_motifs (1004),Fern with Bledak Background.jpg,Pusaka Beruang,2022,raw (crop),28 x 28,sRGB IEC61966-2.1,VJB
1331,Kricak_00468.jpg,Batik_Lasem/motifs (isen-isen)/Kricak_Watu Pecah/all_motifs (1004)/Kricak_00468.jpg,Kricak / Watu Pecah,Kricak_Watu Pecah,all_motifs (1004),Fern with Bledak Background.jpg,Pusaka Beruang,2022,raw (crop),28 x 28,sRGB IEC61966-2.1,VJB
1332,Kricak_00469.jpg,Batik_Lasem/motifs (isen-isen)/Kricak_Watu Pecah/all_motifs (1004)/Kricak_00469.jpg,Kricak / Watu Pecah,Kricak_Watu Pecah,all_motifs (1004),Fern with Bledak Background.jpg,Pusaka Beruang,2022,raw (crop),28 x 28,sRGB IEC61966-2.1,VJB
1333,Kricak_00470.jpg,Batik_Lasem/motifs (isen-isen)/Kricak_Watu Pecah/all_motifs (1004)/Kricak_00470.jpg,Kricak / Watu Pecah,Kricak_Watu Pecah,all_motifs (1004),Fern with Bledak Background.jpg,Pusaka Beruang,2022,raw (crop),28 x 28,sRGB IEC61966-2.1,VJB
1336,Kricak_00473.jpg,Batik_Lasem/motifs (isen-isen)/Kricak_Watu Pecah/all_motifs (1004)/Kricak_00473.jpg,Kricak / Watu Pecah,Kricak_Watu Pecah,all_motifs (1004),Fern with Bledak Background.jpg,Pusaka Beruang,2022,raw (crop),28 x 28,sRGB IEC61966-2.1,VJB
1337,Kricak_00474.jpg,Batik_Lasem/motifs (isen-isen)/Kricak_Watu Pecah/all_motifs (1004)/Kricak_00474.jpg,Kricak / Watu Pecah,Kricak_Watu Pecah,all_motifs (1004),Fern with Bledak Background.jpg,Pusaka Beruang,2022,raw (crop),28 x 28,sRGB IEC61966-2.1,VJB
1338,Kricak_00475.jpg,Batik_Lasem/motifs (isen-isen)/Kricak_Watu Pecah/all_motifs (1004)/Kricak_00475.jpg,Kricak / Watu Pecah,Kricak_Watu Pecah,all_motifs (1004),Fern with Bledak Background.jpg,Pusaka Beruang,2022,raw (crop),28 x 28,sRGB IEC61966-2.1,VJB
1339,Kricak_00476.jpg,Batik_Lasem/motifs (isen-isen)/Kricak_Watu Pecah/all_motifs (1004)/Kricak_00476.jpg,Kricak / Watu Pecah,Kricak_Watu Pecah,all_motifs (1004),Fern with Bledak Background.jpg,Pusaka Beruang,2022,raw (crop),28 x 28,sRGB IEC61966-2.1,VJB
1342,Kricak_00479.jpg,Batik_Lasem/motifs (isen-isen)/Kricak_Watu Pecah/all_motifs (1004)/Kricak_00479.jpg,Kricak / Watu Pecah,Kricak_Watu Pecah,all_motifs (1004),Fern with Bledak Background.jpg,Pusaka Beruang,2022,raw (crop),28 x 28,sRGB IEC61966-2.1,VJB
1345,Kricak_00482.jpg,Batik_Lasem/motifs (isen-isen)/Kricak_Watu Pecah/all_motifs (1004)/Kricak_00482.jpg,Kricak / Watu Pecah,Kricak_Watu Pecah,all_motifs (1004),Fern with Bledak Background.jpg,Pusaka Beruang,2022,raw (crop),28 x 28,sRGB IEC61966-2.1,VJB
1346,Kricak_00483.jpg,Batik_Lasem/motifs (isen-isen)/Kricak_Watu Pecah/all_motifs (1004)/Kricak_00483.jpg,Kricak / Watu Pecah,Kricak_Watu Pecah,all_motifs (1004),Fern with Bledak Background.jpg,Pusaka Beruang,2022,raw (crop),28 x 28,sRGB IEC61966-2.1,VJB
1348,Kricak_00485.jpg,Batik_Lasem/motifs (isen-isen)/Kricak_Watu Pecah/all_motifs (1004)/Kricak_00485.jpg,Kricak / Watu Pecah,Kricak_Watu Pecah,all_motifs (1004),Fern with Bledak Background.jpg,Pusaka Beruang,2022,raw (crop),28 x 28,sRGB IEC61966-2.1,VJB
1350,Kricak_00487.jpg,Batik_Lasem/motifs (isen-isen)/Kricak_Watu Pecah/all_motifs (1004)/Kricak_00487.jpg,Kricak / Watu Pecah,Kricak_Watu Pecah,all_motifs (1004),Fern with Bledak Background.jpg,Pusaka Beruang,2022,raw (crop),28 x 28,sRGB IEC61966-2.1,VJB
1356,Kricak_00493.jpg,Batik_Lasem/motifs (isen-isen)/Kricak_Watu Pecah/all_motifs (1004)/Kricak_00493.jpg,Kricak / Watu Pecah,Kricak_Watu Pecah,all_motifs (1004),Fern with Bledak Background.jpg,Pusaka Beruang,2022,raw (crop),28 x 28,sRGB IEC61966-2.1,VJB
1358,Kricak_00495.jpg,Batik_Lasem/motifs (isen-isen)/Kricak_Watu Pecah/all_motifs (1004)/Kricak_00495.jpg,Kricak / Watu Pecah,Kricak_Watu Pecah,all_motifs (1004),Fern with Bledak Background.jpg,Pusaka Beruang,2022,raw (crop),28 x 28,sRGB IEC61966-2.1,VJB
1360,Kricak_00497.jpg,Batik_Lasem/motifs (isen-isen)/Kricak_Watu Pecah/all_motifs (1004)/Kricak_00497.jpg,Kricak / Watu Pecah,Kricak_Watu Pecah,all_motifs (1004),Fern with Bledak Background.jpg,Pusaka Beruang,2022,raw (crop),28 x 28,sRGB IEC61966-2.1,VJB
1363,Kricak_00500.jpg,Batik_Lasem/motifs (isen-isen)/Kricak_Watu Pecah/all_motifs (1004)/Kricak_00500.jpg,Kricak / Watu Pecah,Kricak_Watu Pecah,all_motifs (1004),Fern with Bledak Background.jpg,Pusaka Beruang,2022,raw (crop),28 x 28,sRGB IEC61966-2.1,VJB
1364,Kricak_00501.jpg,Batik_Lasem/motifs (isen-isen)/Kricak_Watu Pecah/all_motifs (1004)/Kricak_00501.jpg,Kricak / Watu Pecah,Kricak_Watu Pecah,all_motifs (1004),Fern with Bledak Background.jpg,Pusaka Beruang,2022,raw (crop),28 x 28,sRGB IEC61966-2.1,VJB
1366,Kricak_00503.jpg,Batik_Lasem/motifs (isen-isen)/Kricak_Watu Pecah/all_motifs (1004)/Kricak_00503.jpg,Kricak / Watu Pecah,Kricak_Watu Pecah,all_motifs (1004),Fern with Bledak Background.jpg,Pusaka Beruang,2022,raw (crop),28 x 28,sRGB IEC61966-2.1,VJB
1371,Kricak_00508.jpg,Batik_Lasem/motifs (isen-isen)/Kricak_Watu Pecah/all_motifs (1004)/Kricak_00508.jpg,Kricak / Watu Pecah,Kricak_Watu Pecah,all_motifs (1004),Fern with Bledak Background.jpg,Pusaka Beruang,2022,raw (crop),28 x 28,sRGB IEC61966-2.1,VJB
1372,Kricak_00509.jpg,Batik_Lasem/motifs (isen-isen)/Kricak_Watu Pecah/all_motifs (1004)/Kricak_00509.jpg,Kricak / Watu Pecah,Kricak_Watu Pecah,all_motifs (1004),Fern with Bledak Background.jpg,Pusaka Beruang,2022,raw (crop),28 x 28,sRGB IEC61966-2.1,VJB
1373,Kricak_00510.jpg,Batik_Lasem/motifs (isen-isen)/Kricak_Watu Pecah/all_motifs (1004)/Kricak_00510.jpg,Kricak / Watu Pecah,Kricak_Watu Pecah,all_motifs (1004),Fern with Bledak Background.jpg,Pusaka Beruang,2022,raw (crop),28 x 28,sRGB IEC61966-2.1,VJB
1374,Kricak_00511.jpg,Batik_Lasem/motifs (isen-isen)/Kricak_Watu Pecah/all_motifs (1004)/Kricak_00511.jpg,Kricak / Watu Pecah,Kricak_Watu Pecah,all_motifs (1004),Fern with Bledak Background.jpg,Pusaka Beruang,2022,raw (crop),28 x 28,sRGB IEC61966-2.1,VJB
1376,Kricak_00513.jpg,Batik_Lasem/motifs (isen-isen)/Kricak_Watu Pecah/all_motifs (1004)/Kricak_00513.jpg,Kricak / Watu Pecah,Kricak_Watu Pecah,all_motifs (1004),Fern with Bledak Background.jpg,Pusaka Beruang,2022,raw (crop),28 x 28,sRGB IEC61966-2.1,VJB
1377,Kricak_00514.jpg,Batik_Lasem/motifs (isen-isen)/Kricak_Watu Pecah/all_motifs (1004)/Kricak_00514.jpg,Kricak / Watu Pecah,Kricak_Watu Pecah,all_motifs (1004),Fern with Bledak Background.jpg,Pusaka Beruang,2022,raw (crop),28 x 28,sRGB IEC61966-2.1,VJB
1378,Kricak_00515.jpg,Batik_Lasem/motifs (isen-isen)/Kricak_Watu Pecah/all_motifs (1004)/Kricak_00515.jpg,Kricak / Watu Pecah,Kricak_Watu Pecah,all_motifs (1004),Fern with Bledak Background.jpg,Pusaka Beruang,2022,raw (crop),28 x 28,sRGB IEC61966-2.1,VJB
1380,Kricak_00517.jpg,Batik_Lasem/motifs (isen-isen)/Kricak_Watu Pecah/all_motifs (1004)/Kricak_00517.jpg,Kricak / Watu Pecah,Kricak_Watu Pecah,all_motifs (1004),Fern with Bledak Background.jpg,Pusaka Beruang,2022,raw (crop),28 x 28,sRGB IEC61966-2.1,VJB
1381,Kricak_00518.jpg,Batik_Lasem/motifs (isen-isen)/Kricak_Watu Pecah/all_motifs (1004)/Kricak_00518.jpg,Kricak / Watu Pecah,Kricak_Watu Pecah,all_motifs (1004),Pagi-Sore Temple and Bamboo.jpg,Pesona Canting,2022,raw (crop),28 x 28,sRGB IEC61966-2.1,VJB
1382,Kricak_00519.jpg,Batik_Lasem/motifs (isen-isen)/Kricak_Watu Pecah/all_motifs (1004)/Kricak_00519.jpg,Kricak / Watu Pecah,Kricak_Watu Pecah,all_motifs (1004),Pagi-Sore Temple and Bamboo.jpg,Pesona Canting,2022,raw (crop),28 x 28,sRGB IEC61966-2.1,VJB
1384,Kricak_00521.jpg,Batik_Lasem/motifs (isen-isen)/Kricak_Watu Pecah/all_motifs (1004)/Kricak_00521.jpg,Kricak / Watu Pecah,Kricak_Watu Pecah,all_motifs (1004),Pagi-Sore Temple and Bamboo.jpg,Pesona Canting,2022,raw (crop),28 x 28,sRGB IEC61966-2.1,VJB
1385,Kricak_00522.jpg,Batik_Lasem/motifs (isen-isen)/Kricak_Watu Pecah/all_motifs (1004)/Kricak_00522.jpg,Kricak / Watu Pecah,Kricak_Watu Pecah,all_motifs (1004),Pagi-Sore Temple and Bamboo.jpg,Pesona Canting,2022,raw (crop),28 x 28,sRGB IEC61966-2.1,VJB
1387,Kricak_00524.jpg,Batik_Lasem/motifs (isen-isen)/Kricak_Watu Pecah/all_motifs (1004)/Kricak_00524.jpg,Kricak / Watu Pecah,Kricak_Watu Pecah,all_motifs (1004),Pagi-Sore Temple and Bamboo.jpg,Pesona Canting,2022,raw (crop),28 x 28,sRGB IEC61966-2.1,VJB
1388,Kricak_00525.jpg,Batik_Lasem/motifs (isen-isen)/Kricak_Watu Pecah/all_motifs (1004)/Kricak_00525.jpg,Kricak / Watu Pecah,Kricak_Watu Pecah,all_motifs (1004),Pagi-Sore Temple and Bamboo.jpg,Pesona Canting,2022,raw (crop),28 x 28,sRGB IEC61966-2.1,VJB
1389,Kricak_00526.jpg,Batik_Lasem/motifs (isen-isen)/Kricak_Watu Pecah/all_motifs (1004)/Kricak_00526.jpg,Kricak / Watu Pecah,Kricak_Watu Pecah,all_motifs (1004),Pagi-Sore Temple and Bamboo.jpg,Pesona Canting,2022,raw (crop),28 x 28,sRGB IEC61966-2.1,VJB
1390,Kricak_00527.jpg,Batik_Lasem/motifs (isen-isen)/Kricak_Watu Pecah/all_motifs (1004)/Kricak_00527.jpg,Kricak / Watu Pecah,Kricak_Watu Pecah,all_motifs (1004),Pagi-Sore Temple and Bamboo.jpg,Pesona Canting,2022,raw (crop),28 x 28,sRGB IEC61966-2.1,VJB
1392,Kricak_00529.jpg,Batik_Lasem/motifs (isen-isen)/Kricak_Watu Pecah/all_motifs (1004)/Kricak_00529.jpg,Kricak / Watu Pecah,Kricak_Watu Pecah,all_motifs (1004),Pagi-Sore Temple and Bamboo.jpg,Pesona Canting,2022,raw (crop),28 x 28,sRGB IEC61966-2.1,VJB
1393,Kricak_00530.jpg,Batik_Lasem/motifs (isen-isen)/Kricak_Watu Pecah/all_motifs (1004)/Kricak_00530.jpg,Kricak / Watu Pecah,Kricak_Watu Pecah,all_motifs (1004),Pagi-Sore Temple and Bamboo.jpg,Pesona Canting,2022,raw (crop),28 x 28,sRGB IEC61966-2.1,VJB
1395,Kricak_00532.jpg,Batik_Lasem/motifs (isen-isen)/Kricak_Watu Pecah/all_motifs (1004)/Kricak_00532.jpg,Kricak / Watu Pecah,Kricak_Watu Pecah,all_motifs (1004),Pagi-Sore Temple and Bamboo.jpg,Pesona Canting,2022,raw (crop),28 x 28,sRGB IEC61966-2.1,VJB
1398,Kricak_00535.jpg,Batik_Lasem/motifs (isen-isen)/Kricak_Watu Pecah/all_motifs (1004)/Kricak_00535.jpg,Kricak / Watu Pecah,Kricak_Watu Pecah,all_motifs (1004),Pagi-Sore Temple and Bamboo.jpg,Pesona Canting,2022,raw (crop),28 x 28,sRGB IEC61966-2.1,VJB
1400,Kricak_00537.jpg,Batik_Lasem/motifs (isen-isen)/Kricak_Watu Pecah/all_motifs (1004)/Kricak_00537.jpg,Kricak / Watu Pecah,Kricak_Watu Pecah,all_motifs (1004),Pagi-Sore Temple and Bamboo.jpg,Pesona Canting,2022,raw (crop),28 x 28,sRGB IEC61966-2.1,VJB
1401,Kricak_00538.jpg,Batik_Lasem/motifs (isen-isen)/Kricak_Watu Pecah/all_motifs (1004)/Kricak_00538.jpg,Kricak / Watu Pecah,Kricak_Watu Pecah,all_motifs (1004),Pagi-Sore Temple and Bamboo.jpg,Pesona Canting,2022,raw (crop),28 x 28,sRGB IEC61966-2.1,VJB
1404,Kricak_00541.jpg,Batik_Lasem/motifs (isen-isen)/Kricak_Watu Pecah/all_motifs (1004)/Kricak_00541.jpg,Kricak / Watu Pecah,Kricak_Watu Pecah,all_motifs (1004),Pagi-Sore Temple and Bamboo.jpg,Pesona Canting,2022,raw (crop),28 x 28,sRGB IEC61966-2.1,VJB
1405,Kricak_00542.jpg,Batik_Lasem/motifs (isen-isen)/Kricak_Watu Pecah/all_motifs (1004)/Kricak_00542.jpg,Kricak / Watu Pecah,Kricak_Watu Pecah,all_motifs (1004),Pagi-Sore Temple and Bamboo.jpg,Pesona Canting,2022,raw (crop),28 x 28,sRGB IEC61966-2.1,VJB
1407,Kricak_00544.jpg,Batik_Lasem/motifs (isen-isen)/Kricak_Watu Pecah/all_motifs (1004)/Kricak_00544.jpg,Kricak / Watu Pecah,Kricak_Watu Pecah,all_motifs (1004),Pagi-Sore Temple and Bamboo.jpg,Pesona Canting,2022,raw (crop),28 x 28,sRGB IEC61966-2.1,VJB
1410,Kricak_00547.jpg,Batik_Lasem/motifs (isen-isen)/Kricak_Watu Pecah/all_motifs (1004)/Kricak_00547.jpg,Kricak / Watu Pecah,Kricak_Watu Pecah,all_motifs (1004),Pagi-Sore Temple and Bamboo.jpg,Pesona Canting,2022,raw (crop),28 x 28,sRGB IEC61966-2.1,VJB
1412,Kricak_00549.jpg,Batik_Lasem/motifs (isen-isen)/Kricak_Watu Pecah/all_motifs (1004)/Kricak_00549.jpg,Kricak / Watu Pecah,Kricak_Watu Pecah,all_motifs (1004),Pagi-Sore Temple and Bamboo.jpg,Pesona Canting,2022,raw (crop),28 x 28,sRGB IEC61966-2.1,VJB
1414,Kricak_00551.jpg,Batik_Lasem/motifs (isen-isen)/Kricak_Watu Pecah/all_motifs (1004)/Kricak_00551.jpg,Kricak / Watu Pecah,Kricak_Watu Pecah,all_motifs (1004),Pagi-Sore Temple and Bamboo.jpg,Pesona Canting,2022,raw (crop),28 x 28,sRGB IEC61966-2.1,VJB
1415,Kricak_00552.jpg,Batik_Lasem/motifs (isen-isen)/Kricak_Watu Pecah/all_motifs (1004)/Kricak_00552.jpg,Kricak / Watu Pecah,Kricak_Watu Pecah,all_motifs (1004),Pagi-Sore Temple and Bamboo.jpg,Pesona Canting,2022,raw (crop),28 x 28,sRGB IEC61966-2.1,VJB
1418,Kricak_00555.jpg,Batik_Lasem/motifs (isen-isen)/Kricak_Watu Pecah/all_motifs (1004)/Kricak_00555.jpg,Kricak / Watu Pecah,Kricak_Watu Pecah,all_motifs (1004),Pagi-Sore Temple and Bamboo.jpg,Pesona Canting,2022,raw (crop),28 x 28,sRGB IEC61966-2.1,VJB
1420,Kricak_00557.jpg,Batik_Lasem/motifs (isen-isen)/Kricak_Watu Pecah/all_motifs (1004)/Kricak_00557.jpg,Kricak / Watu Pecah,Kricak_Watu Pecah,all_motifs (1004),Pagi-Sore Temple and Bamboo.jpg,Pesona Canting,2022,raw (crop),28 x 28,sRGB IEC61966-2.1,VJB
1423,Kricak_00560.jpg,Batik_Lasem/motifs (isen-isen)/Kricak_Watu Pecah/all_motifs (1004)/Kricak_00560.jpg,Kricak / Watu Pecah,Kricak_Watu Pecah,all_motifs (1004),Pagi-Sore Temple and Bamboo.jpg,Pesona Canting,2022,raw (crop),28 x 28,sRGB IEC61966-2.1,VJB
1424,Kricak_00561.jpg,Batik_Lasem/motifs (isen-isen)/Kricak_Watu Pecah/all_motifs (1004)/Kricak_00561.jpg,Kricak / Watu Pecah,Kricak_Watu Pecah,all_motifs (1004),Pagi-Sore Temple and Bamboo.jpg,Pesona Canting,2022,raw (crop),28 x 28,sRGB IEC61966-2.1,VJB
1426,Kricak_00563.jpg,Batik_Lasem/motifs (isen-isen)/Kricak_Watu Pecah/all_motifs (1004)/Kricak_00563.jpg,Kricak / Watu Pecah,Kricak_Watu Pecah,all_motifs (1004),Withering Teak in Red.jpg,Pusaka Beruang,2022,raw (crop),28 x 28,sRGB IEC61966-2.1,VJB
1429,Kricak_00566.jpg,Batik_Lasem/motifs (isen-isen)/Kricak_Watu Pecah/all_motifs (1004)/Kricak_00566.jpg,Kricak / Watu Pecah,Kricak_Watu Pecah,all_motifs (1004),Withering Teak in Red.jpg,Pusaka Beruang,2022,raw (crop),28 x 28,sRGB IEC61966-2.1,VJB
1431,Kricak_00568.jpg,Batik_Lasem/motifs (isen-isen)/Kricak_Watu Pecah/all_motifs (1004)/Kricak_00568.jpg,Kricak / Watu Pecah,Kricak_Watu Pecah,all_motifs (1004),Withering Teak in Red.jpg,Pusaka Beruang,2022,raw (crop),28 x 28,sRGB IEC61966-2.1,VJB
1432,Kricak_00569.jpg,Batik_Lasem/motifs (isen-isen)/Kricak_Watu Pecah/all_motifs (1004)/Kricak_00569.jpg,Kricak / Watu Pecah,Kricak_Watu Pecah,all_motifs (1004),Withering Teak in Red.jpg,Pusaka Beruang,2022,raw (crop),28 x 28,sRGB IEC61966-2.1,VJB
1436,Kricak_00573.jpg,Batik_Lasem/motifs (isen-isen)/Kricak_Watu Pecah/all_motifs (1004)/Kricak_00573.jpg,Kricak / Watu Pecah,Kricak_Watu Pecah,all_motifs (1004),Withering Teak in Red.jpg,Pusaka Beruang,2022,raw (crop),28 x 28,sRGB IEC61966-2.1,VJB
1438,Kricak_00575.jpg,Batik_Lasem/motifs (isen-isen)/Kricak_Watu Pecah/all_motifs (1004)/Kricak_00575.jpg,Kricak / Watu Pecah,Kricak_Watu Pecah,all_motifs (1004),Withering Teak in Red.jpg,Pusaka Beruang,2022,raw (crop),28 x 28,sRGB IEC61966-2.1,VJB
1439,Kricak_00576.jpg,Batik_Lasem/motifs (isen-isen)/Kricak_Watu Pecah/all_motifs (1004)/Kricak_00576.jpg,Kricak / Watu Pecah,Kricak_Watu Pecah,all_motifs (1004),Withering Teak in Red.jpg,Pusaka Beruang,2022,raw (crop),28 x 28,sRGB IEC61966-2.1,VJB
1440,Kricak_00577.jpg,Batik_Lasem/motifs (isen-isen)/Kricak_Watu Pecah/all_motifs (1004)/Kricak_00577.jpg,Kricak / Watu Pecah,Kricak_Watu Pecah,all_motifs (1004),Withering Teak in Red.jpg,Pusaka Beruang,2022,raw (crop),28 x 28,sRGB IEC61966-2.1,VJB
1442,Kricak_00579.jpg,Batik_Lasem/motifs (isen-isen)/Kricak_Watu Pecah/all_motifs (1004)/Kricak_00579.jpg,Kricak / Watu Pecah,Kricak_Watu Pecah,all_motifs (1004),Withering Teak in Red.jpg,Pusaka Beruang,2022,raw (crop),28 x 28,sRGB IEC61966-2.1,VJB
1445,Kricak_00582.jpg,Batik_Lasem/motifs (isen-isen)/Kricak_Watu Pecah/all_motifs (1004)/Kricak_00582.jpg,Kricak / Watu Pecah,Kricak_Watu Pecah,all_motifs (1004),Withering Teak in Red.jpg,Pusaka Beruang,2022,raw (crop),28 x 28,sRGB IEC61966-2.1,VJB
1451,Kricak_00588.jpg,Batik_Lasem/motifs (isen-isen)/Kricak_Watu Pecah/all_motifs (1004)/Kricak_00588.jpg,Kricak / Watu Pecah,Kricak_Watu Pecah,all_motifs (1004),Withering Teak in Red.jpg,Pusaka Beruang,2022,raw (crop),28 x 28,sRGB IEC61966-2.1,VJB
1452,Kricak_00589.jpg,Batik_Lasem/motifs (isen-isen)/Kricak_Watu Pecah/all_motifs (1004)/Kricak_00589.jpg,Kricak / Watu Pecah,Kricak_Watu Pecah,all_motifs (1004),Withering Teak in Red.jpg,Pusaka Beruang,2022,raw (crop),28 x 28,sRGB IEC61966-2.1,VJB
1457,Kricak_00594.jpg,Batik_Lasem/motifs (isen-isen)/Kricak_Watu Pecah/all_motifs (1004)/Kricak_00594.jpg,Kricak / Watu Pecah,Kricak_Watu Pecah,all_motifs (1004),Withering Teak in Red.jpg,Pusaka Beruang,2022,raw (crop),28 x 28,sRGB IEC61966-2.1,VJB
1458,Kricak_00595.jpg,Batik_Lasem/motifs (isen-isen)/Kricak_Watu Pecah/all_motifs (1004)/Kricak_00595.jpg,Kricak / Watu Pecah,Kricak_Watu Pecah,all_motifs (1004),Withering Teak in Red.jpg,Pusaka Beruang,2022,raw (crop),28 x 28,sRGB IEC61966-2.1,VJB
1459,Kricak_00596.jpg,Batik_Lasem/motifs (isen-isen)/Kricak_Watu Pecah/all_motifs (1004)/Kricak_00596.jpg,Kricak / Watu Pecah,Kricak_Watu Pecah,all_motifs (1004),Withering Teak in Red.jpg,Pusaka Beruang,2022,raw (crop),28 x 28,sRGB IEC61966-2.1,VJB
1460,Kricak_00597.jpg,Batik_Lasem/motifs (isen-isen)/Kricak_Watu Pecah/all_motifs (1004)/Kricak_00597.jpg,Kricak / Watu Pecah,Kricak_Watu Pecah,all_motifs (1004),Withering Teak in Red.jpg,Pusaka Beruang,2022,raw (crop),28 x 28,sRGB IEC61966-2.1,VJB
1462,Kricak_00599.jpg,Batik_Lasem/motifs (isen-isen)/Kricak_Watu Pecah/all_motifs (1004)/Kricak_00599.jpg,Kricak / Watu Pecah,Kricak_Watu Pecah,all_motifs (1004),Withering Teak in Red.jpg,Pusaka Beruang,2022,raw (crop),28 x 28,sRGB IEC61966-2.1,VJB
1465,Kricak_00602.jpg,Batik_Lasem/motifs (isen-isen)/Kricak_Watu Pecah/all_motifs (1004)/Kricak_00602.jpg,Kricak / Watu Pecah,Kricak_Watu Pecah,all_motifs (1004),Withering Teak in Red.jpg,Pusaka Beruang,2022,raw (crop),28 x 28,sRGB IEC61966-2.1,VJB
1469,Kricak_00606.jpg,Batik_Lasem/motifs (isen-isen)/Kricak_Watu Pecah/all_motifs (1004)/Kricak_00606.jpg,Kricak / Watu Pecah,Kricak_Watu Pecah,all_motifs (1004),Withering Teak in Red.jpg,Pusaka Beruang,2022,raw (crop),28 x 28,sRGB IEC61966-2.1,VJB
1470,Kricak_00607.jpg,Batik_Lasem/motifs (isen-isen)/Kricak_Watu Pecah/all_motifs (1004)/Kricak_00607.jpg,Kricak / Watu Pecah,Kricak_Watu Pecah,all_motifs (1004),Withering Teak in Red.jpg,Pusaka Beruang,2022,raw (crop),28 x 28,sRGB IEC61966-2.1,VJB
1471,Kricak_00608.jpg,Batik_Lasem/motifs (isen-isen)/Kricak_Watu Pecah/all_motifs (1004)/Kricak_00608.jpg,Kricak / Watu Pecah,Kricak_Watu Pecah,all_motifs (1004),Withering Teak in Red.jpg,Pusaka Beruang,2022,raw (crop),28 x 28,sRGB IEC61966-2.1,VJB
1472,Kricak_00609.jpg,Batik_Lasem/motifs (isen-isen)/Kricak_Watu Pecah/all_motifs (1004)/Kricak_00609.jpg,Kricak / Watu Pecah,Kricak_Watu Pecah,all_motifs (1004),Withering Teak in Red.jpg,Pusaka Beruang,2022,raw (crop),28 x 28,sRGB IEC61966-2.1,VJB
1474,Kricak_00611.jpg,Batik_Lasem/motifs (isen-isen)/Kricak_Watu Pecah/all_motifs (1004)/Kricak_00611.jpg,Kricak / Watu Pecah,Kricak_Watu Pecah,all_motifs (1004),Withering Teak in Red.jpg,Pusaka Beruang,2022,raw (crop),28 x 28,sRGB IEC61966-2.1,VJB
1475,Kricak_00612.jpg,Batik_Lasem/motifs (isen-isen)/Kricak_Watu Pecah/all_motifs (1004)/Kricak_00612.jpg,Kricak / Watu Pecah,Kricak_Watu Pecah,all_motifs (1004),Withering Teak in Red.jpg,Pusaka Beruang,2022,raw (crop),28 x 28,sRGB IEC61966-2.1,VJB
1476,Kricak_00613.jpg,Batik_Lasem/motifs (isen-isen)/Kricak_Watu Pecah/all_motifs (1004)/Kricak_00613.jpg,Kricak / Watu Pecah,Kricak_Watu Pecah,all_motifs (1004),Withering Teak in Red.jpg,Pusaka Beruang,2022,raw (crop),28 x 28,sRGB IEC61966-2.1,VJB
1482,Kricak_00619.jpg,Batik_Lasem/motifs (isen-isen)/Kricak_Watu Pecah/all_motifs (1004)/Kricak_00619.jpg,Kricak / Watu Pecah,Kricak_Watu Pecah,all_motifs (1004),Withering Teak in Blue.jpg,Pusaka Beruang,2022,raw (crop),28 x 28,sRGB IEC61966-2.1,VJB
1484,Kricak_00621.jpg,Batik_Lasem/motifs (isen-isen)/Kricak_Watu Pecah/all_motifs (1004)/Kricak_00621.jpg,Kricak / Watu Pecah,Kricak_Watu Pecah,all_motifs (1004),Withering Teak in Blue.jpg,Pusaka Beruang,2022,raw (crop),28 x 28,sRGB IEC61966-2.1,VJB
1485,Kricak_00622.jpg,Batik_Lasem/motifs (isen-isen)/Kricak_Watu Pecah/all_motifs (1004)/Kricak_00622.jpg,Kricak / Watu Pecah,Kricak_Watu Pecah,all_motifs (1004),Withering Teak in Blue.jpg,Pusaka Beruang,2022,raw (crop),28 x 28,sRGB IEC61966-2.1,VJB
1486,Kricak_00623.jpg,Batik_Lasem/motifs (isen-isen)/Kricak_Watu Pecah/all_motifs (1004)/Kricak_00623.jpg,Kricak / Watu Pecah,Kricak_Watu Pecah,all_motifs (1004),Withering Teak in Blue.jpg,Pusaka Beruang,2022,raw (crop),28 x 28,sRGB IEC61966-2.1,VJB
1487,Kricak_00624.jpg,Batik_Lasem/motifs (isen-isen)/Kricak_Watu Pecah/all_motifs (1004)/Kricak_00624.jpg,Kricak / Watu Pecah,Kricak_Watu Pecah,all_motifs (1004),Withering Teak in Blue.jpg,Pusaka Beruang,2022,raw (crop),28 x 28,sRGB IEC61966-2.1,VJB
1489,Kricak_00626.jpg,Batik_Lasem/motifs (isen-isen)/Kricak_Watu Pecah/all_motifs (1004)/Kricak_00626.jpg,Kricak / Watu Pecah,Kricak_Watu Pecah,all_motifs (1004),Withering Teak in Blue.jpg,Pusaka Beruang,2022,raw (crop),28 x 28,sRGB IEC61966-2.1,VJB
1493,Kricak_00630.jpg,Batik_Lasem/motifs (isen-isen)/Kricak_Watu Pecah/all_motifs (1004)/Kricak_00630.jpg,Kricak / Watu Pecah,Kricak_Watu Pecah,all_motifs (1004),Withering Teak in Blue.jpg,Pusaka Beruang,2022,raw (crop),28 x 28,sRGB IEC61966-2.1,VJB
1496,Kricak_00633.jpg,Batik_Lasem/motifs (isen-isen)/Kricak_Watu Pecah/all_motifs (1004)/Kricak_00633.jpg,Kricak / Watu Pecah,Kricak_Watu Pecah,all_motifs (1004),Withering Teak in Blue.jpg,Pusaka Beruang,2022,raw (crop),28 x 28,sRGB IEC61966-2.1,VJB
1497,Kricak_00634.jpg,Batik_Lasem/motifs (isen-isen)/Kricak_Watu Pecah/all_motifs (1004)/Kricak_00634.jpg,Kricak / Watu Pecah,Kricak_Watu Pecah,all_motifs (1004),Withering Teak in Blue.jpg,Pusaka Beruang,2022,raw (crop),28 x 28,sRGB IEC61966-2.1,VJB
1498,Kricak_00635.jpg,Batik_Lasem/motifs (isen-isen)/Kricak_Watu Pecah/all_motifs (1004)/Kricak_00635.jpg,Kricak / Watu Pecah,Kricak_Watu Pecah,all_motifs (1004),Withering Teak in Blue.jpg,Pusaka Beruang,2022,raw (crop),28 x 28,sRGB IEC61966-2.1,VJB
1501,Kricak_00638.jpg,Batik_Lasem/motifs (isen-isen)/Kricak_Watu Pecah/all_motifs (1004)/Kricak_00638.jpg,Kricak / Watu Pecah,Kricak_Watu Pecah,all_motifs (1004),Withering Teak in Blue.jpg,Pusaka Beruang,2022,raw (crop),28 x 28,sRGB IEC61966-2.1,VJB
1503,Kricak_00640.jpg,Batik_Lasem/motifs (isen-isen)/Kricak_Watu Pecah/all_motifs (1004)/Kricak_00640.jpg,Kricak / Watu Pecah,Kricak_Watu Pecah,all_motifs (1004),Withering Teak in Blue.jpg,Pusaka Beruang,2022,raw (crop),28 x 28,sRGB IEC61966-2.1,VJB
1504,Kricak_00641.jpg,Batik_Lasem/motifs (isen-isen)/Kricak_Watu Pecah/all_motifs (1004)/Kricak_00641.jpg,Kricak / Watu Pecah,Kricak_Watu Pecah,all_motifs (1004),Withering Teak in Blue.jpg,Pusaka Beruang,2022,raw (crop),28 x 28,sRGB IEC61966-2.1,VJB
1506,Kricak_00643.jpg,Batik_Lasem/motifs (isen-isen)/Kricak_Watu Pecah/all_motifs (1004)/Kricak_00643.jpg,Kricak / Watu Pecah,Kricak_Watu Pecah,all_motifs (1004),Withering Teak in Blue.jpg,Pusaka Beruang,2022,raw (crop),28 x 28,sRGB IEC61966-2.1,VJB
1507,Kricak_00644.jpg,Batik_Lasem/motifs (isen-isen)/Kricak_Watu Pecah/all_motifs (1004)/Kricak_00644.jpg,Kricak / Watu Pecah,Kricak_Watu Pecah,all_motifs (1004),Withering Teak in Blue.jpg,Pusaka Beruang,2022,raw (crop),28 x 28,sRGB IEC61966-2.1,VJB
1508,Kricak_00645.jpg,Batik_Lasem/motifs (isen-isen)/Kricak_Watu Pecah/all_motifs (1004)/Kricak_00645.jpg,Kricak / Watu Pecah,Kricak_Watu Pecah,all_motifs (1004),Withering Teak in Blue.jpg,Pusaka Beruang,2022,raw (crop),28 x 28,sRGB IEC61966-2.1,VJB
1511,Kricak_00648.jpg,Batik_Lasem/motifs (isen-isen)/Kricak_Watu Pecah/all_motifs (1004)/Kricak_00648.jpg,Kricak / Watu Pecah,Kricak_Watu Pecah,all_motifs (1004),Withering Teak in Blue.jpg,Pusaka Beruang,2022,raw (crop),28 x 28,sRGB IEC61966-2.1,VJB
1512,Kricak_00649.jpg,Batik_Lasem/motifs (isen-isen)/Kricak_Watu Pecah/all_motifs (1004)/Kricak_00649.jpg,Kricak / Watu Pecah,Kricak_Watu Pecah,all_motifs (1004),Withering Teak in Blue.jpg,Pusaka Beruang,2022,raw (crop),28 x 28,sRGB IEC61966-2.1,VJB
1514,Kricak_00651.jpg,Batik_Lasem/motifs (isen-isen)/Kricak_Watu Pecah/all_motifs (1004)/Kricak_00651.jpg,Kricak / Watu Pecah,Kricak_Watu Pecah,all_motifs (1004),Withering Teak in Blue.jpg,Pusaka Beruang,2022,raw (crop),28 x 28,sRGB IEC61966-2.1,VJB
1520,Kricak_00657.jpg,Batik_Lasem/motifs (isen-isen)/Kricak_Watu Pecah/all_motifs (1004)/Kricak_00657.jpg,Kricak / Watu Pecah,Kricak_Watu Pecah,all_motifs (1004),Withering Teak in Blue.jpg,Pusaka Beruang,2022,raw (crop),28 x 28,sRGB IEC61966-2.1,VJB
1521,Kricak_00658.jpg,Batik_Lasem/motifs (isen-isen)/Kricak_Watu Pecah/all_motifs (1004)/Kricak_00658.jpg,Kricak / Watu Pecah,Kricak_Watu Pecah,all_motifs (1004),Withering Teak in Blue.jpg,Pusaka Beruang,2022,raw (crop),28 x 28,sRGB IEC61966-2.1,VJB
1522,Kricak_00659.jpg,Batik_Lasem/motifs (isen-isen)/Kricak_Watu Pecah/all_motifs (1004)/Kricak_00659.jpg,Kricak / Watu Pecah,Kricak_Watu Pecah,all_motifs (1004),Withering Teak in Blue.jpg,Pusaka Beruang,2022,raw (crop),28 x 28,sRGB IEC61966-2.1,VJB
1523,Kricak_00660.jpg,Batik_Lasem/motifs (isen-isen)/Kricak_Watu Pecah/all_motifs (1004)/Kricak_00660.jpg,Kricak / Watu Pecah,Kricak_Watu Pecah,all_motifs (1004),Withering Teak in Blue.jpg,Pusaka Beruang,2022,raw (crop),28 x 28,sRGB IEC61966-2.1,VJB
1524,Kricak_00661.jpg,Batik_Lasem/motifs (isen-isen)/Kricak_Watu Pecah/all_motifs (1004)/Kricak_00661.jpg,Kricak / Watu Pecah,Kricak_Watu Pecah,all_motifs (1004),Withering Teak in Blue.jpg,Pusaka Beruang,2022,raw (crop),28 x 28,sRGB IEC61966-2.1,VJB
1525,Kricak_00662.jpg,Batik_Lasem/motifs (isen-isen)/Kricak_Watu Pecah/all_motifs (1004)/Kricak_00662.jpg,Kricak / Watu Pecah,Kricak_Watu Pecah,all_motifs (1004),Withering Teak in Blue.jpg,Pusaka Beruang,2022,raw (crop),28 x 28,sRGB IEC61966-2.1,VJB
1526,Kricak_00663.jpg,Batik_Lasem/motifs (isen-isen)/Kricak_Watu Pecah/all_motifs (1004)/Kricak_00663.jpg,Kricak / Watu Pecah,Kricak_Watu Pecah,all_motifs (1004),Withering Teak in Blue.jpg,Pusaka Beruang,2022,raw (crop),28 x 28,sRGB IEC61966-2.1,VJB
1527,Kricak_00664.jpg,Batik_Lasem/motifs (isen-isen)/Kricak_Watu Pecah/all_motifs (1004)/Kricak_00664.jpg,Kricak / Watu Pecah,Kricak_Watu Pecah,all_motifs (1004),Withering Teak in Blue.jpg,Pusaka Beruang,2022,raw (crop),28 x 28,sRGB IEC61966-2.1,VJB
1529,Kricak_00666.jpg,Batik_Lasem/motifs (isen-isen)/Kricak_Watu Pecah/all_motifs (1004)/Kricak_00666.jpg,Kricak / Watu Pecah,Kricak_Watu Pecah,all_motifs (1004),Withering Teak in Blue.jpg,Pusaka Beruang,2022,raw (crop),28 x 28,sRGB IEC61966-2.1,VJB
1531,Kricak_00668.jpg,Batik_Lasem/motifs (isen-isen)/Kricak_Watu Pecah/all_motifs (1004)/Kricak_00668.jpg,Kricak / Watu Pecah,Kricak_Watu Pecah,all_motifs (1004),Withering Teak in Blue.jpg,Pusaka Beruang,2022,raw (crop),28 x 28,sRGB IEC61966-2.1,VJB
1532,Kricak_00669.jpg,Batik_Lasem/motifs (isen-isen)/Kricak_Watu Pecah/all_motifs (1004)/Kricak_00669.jpg,Kricak / Watu Pecah,Kricak_Watu Pecah,all_motifs (1004),Withering Teak in Blue.jpg,Pusaka Beruang,2022,raw (crop),28 x 28,sRGB IEC61966-2.1,VJB
1534,Kricak_00671.jpg,Batik_Lasem/motifs (isen-isen)/Kricak_Watu Pecah/all_motifs (1004)/Kricak_00671.jpg,Kricak / Watu Pecah,Kricak_Watu Pecah,all_motifs (1004),Withering Teak in Blue.jpg,Pusaka Beruang,2022,raw (crop),28 x 28,sRGB IEC61966-2.1,VJB
1536,Kricak_00673.jpg,Batik_Lasem/motifs (isen-isen)/Kricak_Watu Pecah/all_motifs (1004)/Kricak_00673.jpg,Kricak / Watu Pecah,Kricak_Watu Pecah,all_motifs (1004),Withering Teak in Blue.jpg,Pusaka Beruang,2022,raw (crop),28 x 28,sRGB IEC61966-2.1,VJB
1539,Kricak_00676.jpg,Batik_Lasem/motifs (isen-isen)/Kricak_Watu Pecah/all_motifs (1004)/Kricak_00676.jpg,Kricak / Watu Pecah,Kricak_Watu Pecah,all_motifs (1004),Withering Teak in Blue.jpg,Pusaka Beruang,2022,raw (crop),28 x 28,sRGB IEC61966-2.1,VJB
1544,Kricak_00681.jpg,Batik_Lasem/motifs (isen-isen)/Kricak_Watu Pecah/all_motifs (1004)/Kricak_00681.jpg,Kricak / Watu Pecah,Kricak_Watu Pecah,all_motifs (1004),Withering Teak in Blue.jpg,Pusaka Beruang,2022,raw (crop),28 x 28,sRGB IEC61966-2.1,VJB
1545,Kricak_00682.jpg,Batik_Lasem/motifs (isen-isen)/Kricak_Watu Pecah/all_motifs (1004)/Kricak_00682.jpg,Kricak / Watu Pecah,Kricak_Watu Pecah,all_motifs (1004),Withering Teak in Blue.jpg,Pusaka Beruang,2022,raw (crop),28 x 28,sRGB IEC61966-2.1,VJB
1548,Kricak_00685.jpg,Batik_Lasem/motifs (isen-isen)/Kricak_Watu Pecah/all_motifs (1004)/Kricak_00685.jpg,Kricak / Watu Pecah,Kricak_Watu Pecah,all_motifs (1004),Withering Teak in Blue.jpg,Pusaka Beruang,2022,raw (crop),28 x 28,sRGB IEC61966-2.1,VJB
1550,Kricak_00687.jpg,Batik_Lasem/motifs (isen-isen)/Kricak_Watu Pecah/all_motifs (1004)/Kricak_00687.jpg,Kricak / Watu Pecah,Kricak_Watu Pecah,all_motifs (1004),Withering Teak in Blue.jpg,Pusaka Beruang,2022,raw (crop),28 x 28,sRGB IEC61966-2.1,VJB
1551,Kricak_00688.jpg,Batik_Lasem/motifs (isen-isen)/Kricak_Watu Pecah/all_motifs (1004)/Kricak_00688.jpg,Kricak / Watu Pecah,Kricak_Watu Pecah,all_motifs (1004),Withering Teak in Blue.jpg,Pusaka Beruang,2022,raw (crop),28 x 28,sRGB IEC61966-2.1,VJB
1552,Kricak_00689.jpg,Batik_Lasem/motifs (isen-isen)/Kricak_Watu Pecah/all_motifs (1004)/Kricak_00689.jpg,Kricak / Watu Pecah,Kricak_Watu Pecah,all_motifs (1004),Withering Teak in Blue.jpg,Pusaka Beruang,2022,raw (crop),28 x 28,sRGB IEC61966-2.1,VJB
1553,Kricak_00690.jpg,Batik_Lasem/motifs (isen-isen)/Kricak_Watu Pecah/all_motifs (1004)/Kricak_00690.jpg,Kricak / Watu Pecah,Kricak_Watu Pecah,all_motifs (1004),Withering Teak in Blue.jpg,Pusaka Beruang,2022,raw (crop),28 x 28,sRGB IEC61966-2.1,VJB
1554,Kricak_00691.jpg,Batik_Lasem/motifs (isen-isen)/Kricak_Watu Pecah/all_motifs (1004)/Kricak_00691.jpg,Kricak / Watu Pecah,Kricak_Watu Pecah,all_motifs (1004),Withering Teak in Blue.jpg,Pusaka Beruang,2022,raw (crop),28 x 28,sRGB IEC61966-2.1,VJB
1557,Kricak_00694.jpg,Batik_Lasem/motifs (isen-isen)/Kricak_Watu Pecah/all_motifs (1004)/Kricak_00694.jpg,Kricak / Watu Pecah,Kricak_Watu Pecah,all_motifs (1004),Withering Teak in Blue.jpg,Pusaka Beruang,2022,raw (crop),28 x 28,sRGB IEC61966-2.1,VJB
1558,Kricak_00695.jpg,Batik_Lasem/motifs (isen-isen)/Kricak_Watu Pecah/all_motifs (1004)/Kricak_00695.jpg,Kricak / Watu Pecah,Kricak_Watu Pecah,all_motifs (1004),Withering Teak in Blue.jpg,Pusaka Beruang,2022,raw (crop),28 x 28,sRGB IEC61966-2.1,VJB
1559,Kricak_00696.jpg,Batik_Lasem/motifs (isen-isen)/Kricak_Watu Pecah/all_motifs (1004)/Kricak_00696.jpg,Kricak / Watu Pecah,Kricak_Watu Pecah,all_motifs (1004),Withering Teak in Blue.jpg,Pusaka Beruang,2022,raw (crop),28 x 28,sRGB IEC61966-2.1,VJB
1560,Kricak_00697.jpg,Batik_Lasem/motifs (isen-isen)/Kricak_Watu Pecah/all_motifs (1004)/Kricak_00697.jpg,Kricak / Watu Pecah,Kricak_Watu Pecah,all_motifs (1004),Withering Teak in Blue.jpg,Pusaka Beruang,2022,raw (crop),28 x 28,sRGB IEC61966-2.1,VJB
1561,Kricak_00698.jpg,Batik_Lasem/motifs (isen-isen)/Kricak_Watu Pecah/all_motifs (1004)/Kricak_00698.jpg,Kricak / Watu Pecah,Kricak_Watu Pecah,all_motifs (1004),Withering Teak in Blue.jpg,Pusaka Beruang,2022,raw (crop),28 x 28,sRGB IEC61966-2.1,VJB
1562,Kricak_00699.jpg,Batik_Lasem/motifs (isen-isen)/Kricak_Watu Pecah/all_motifs (1004)/Kricak_00699.jpg,Kricak / Watu Pecah,Kricak_Watu Pecah,all_motifs (1004),Withering Teak in Blue.jpg,Pusaka Beruang,2022,raw (crop),28 x 28,sRGB IEC61966-2.1,VJB
1565,Kricak_00702.jpg,Batik_Lasem/motifs (isen-isen)/Kricak_Watu Pecah/all_motifs (1004)/Kricak_00702.jpg,Kricak / Watu Pecah,Kricak_Watu Pecah,all_motifs (1004),Withering Teak in Blue.jpg,Pusaka Beruang,2022,raw (crop),28 x 28,sRGB IEC61966-2.1,VJB
1566,Kricak_00703.jpg,Batik_Lasem/motifs (isen-isen)/Kricak_Watu Pecah/all_motifs (1004)/Kricak_00703.jpg,Kricak / Watu Pecah,Kricak_Watu Pecah,all_motifs (1004),Withering Teak in Blue.jpg,Pusaka Beruang,2022,raw (crop),28 x 28,sRGB IEC61966-2.1,VJB
1567,Kricak_00704.jpg,Batik_Lasem/motifs (isen-isen)/Kricak_Watu Pecah/all_motifs (1004)/Kricak_00704.jpg,Kricak / Watu Pecah,Kricak_Watu Pecah,all_motifs (1004),Withering Teak in Blue.jpg,Pusaka Beruang,2022,raw (crop),28 x 28,sRGB IEC61966-2.1,VJB
1568,Kricak_00705.jpg,Batik_Lasem/motifs (isen-isen)/Kricak_Watu Pecah/all_motifs (1004)/Kricak_00705.jpg,Kricak / Watu Pecah,Kricak_Watu Pecah,all_motifs (1004),Withering Teak in Blue.jpg,Pusaka Beruang,2022,raw (crop),28 x 28,sRGB IEC61966-2.1,VJB
1570,Kricak_00707.jpg,Batik_Lasem/motifs (isen-isen)/Kricak_Watu Pecah/all_motifs (1004)/Kricak_00707.jpg,Kricak / Watu Pecah,Kricak_Watu Pecah,all_motifs (1004),Withering Teak in Blue.jpg,Pusaka Beruang,2022,raw (crop),28 x 28,sRGB IEC61966-2.1,VJB
1571,Kricak_00708.jpg,Batik_Lasem/motifs (isen-isen)/Kricak_Watu Pecah/all_motifs (1004)/Kricak_00708.jpg,Kricak / Watu Pecah,Kricak_Watu Pecah,all_motifs (1004),Withering Teak in Blue.jpg,Pusaka Beruang,2022,raw (crop),28 x 28,sRGB IEC61966-2.1,VJB
1572,Kricak_00709.jpg,Batik_Lasem/motifs (isen-isen)/Kricak_Watu Pecah/all_motifs (1004)/Kricak_00709.jpg,Kricak / Watu Pecah,Kricak_Watu Pecah,all_motifs (1004),Withering Teak in Blue.jpg,Pusaka Beruang,2022,raw (crop),28 x 28,sRGB IEC61966-2.1,VJB
1573,Kricak_00710.jpg,Batik_Lasem/motifs (isen-isen)/Kricak_Watu Pecah/all_motifs (1004)/Kricak_00710.jpg,Kricak / Watu Pecah,Kricak_Watu Pecah,all_motifs (1004),Withering Teak in Blue.jpg,Pusaka Beruang,2022,raw (crop),28 x 28,sRGB IEC61966-2.1,VJB
1576,Kricak_00713.jpg,Batik_Lasem/motifs (isen-isen)/Kricak_Watu Pecah/all_motifs (1004)/Kricak_00713.jpg,Kricak / Watu Pecah,Kricak_Watu Pecah,all_motifs (1004),Withering Teak in Blue.jpg,Pusaka Beruang,2022,raw (crop),28 x 28,sRGB IEC61966-2.1,VJB
1577,Kricak_00714.jpg,Batik_Lasem/motifs (isen-isen)/Kricak_Watu Pecah/all_motifs (1004)/Kricak_00714.jpg,Kricak / Watu Pecah,Kricak_Watu Pecah,all_motifs (1004),Withering Teak in Blue.jpg,Pusaka Beruang,2022,raw (crop),28 x 28,sRGB IEC61966-2.1,VJB
1578,Kricak_00715.jpg,Batik_Lasem/motifs (isen-isen)/Kricak_Watu Pecah/all_motifs (1004)/Kricak_00715.jpg,Kricak / Watu Pecah,Kricak_Watu Pecah,all_motifs (1004),Withering Teak in Blue.jpg,Pusaka Beruang,2022,raw (crop),28 x 28,sRGB IEC61966-2.1,VJB
1579,Kricak_00716.jpg,Batik_Lasem/motifs (isen-isen)/Kricak_Watu Pecah/all_motifs (1004)/Kricak_00716.jpg,Kricak / Watu Pecah,Kricak_Watu Pecah,all_motifs (1004),Withering Teak in Blue.jpg,Pusaka Beruang,2022,raw (crop),28 x 28,sRGB IEC61966-2.1,VJB
1580,Kricak_00717.jpg,Batik_Lasem/motifs (isen-isen)/Kricak_Watu Pecah/all_motifs (1004)/Kricak_00717.jpg,Kricak / Watu Pecah,Kricak_Watu Pecah,all_motifs (1004),Withering Teak in Blue.jpg,Pusaka Beruang,2022,raw (crop),28 x 28,sRGB IEC61966-2.1,VJB
1581,Kricak_00718.jpg,Batik_Lasem/motifs (isen-isen)/Kricak_Watu Pecah/all_motifs (1004)/Kricak_00718.jpg,Kricak / Watu Pecah,Kricak_Watu Pecah,all_motifs (1004),Withering Teak in Blue.jpg,Pusaka Beruang,2022,raw (crop),28 x 28,sRGB IEC61966-2.1,VJB
1583,Kricak_00720.jpg,Batik_Lasem/motifs (isen-isen)/Kricak_Watu Pecah/all_motifs (1004)/Kricak_00720.jpg,Kricak / Watu Pecah,Kricak_Watu Pecah,all_motifs (1004),Withering Teak in Blue.jpg,Pusaka Beruang,2022,raw (crop),28 x 28,sRGB IEC61966-2.1,VJB
1584,Kricak_00721.jpg,Batik_Lasem/motifs (isen-isen)/Kricak_Watu Pecah/all_motifs (1004)/Kricak_00721.jpg,Kricak / Watu Pecah,Kricak_Watu Pecah,all_motifs (1004),Withering Teak in Blue.jpg,Pusaka Beruang,2022,raw (crop),28 x 28,sRGB IEC61966-2.1,VJB
1586,Kricak_00723.jpg,Batik_Lasem/motifs (isen-isen)/Kricak_Watu Pecah/all_motifs (1004)/Kricak_00723.jpg,Kricak / Watu Pecah,Kricak_Watu Pecah,all_motifs (1004),Withering Teak in Blue.jpg,Pusaka Beruang,2022,raw (crop),28 x 28,sRGB IEC61966-2.1,VJB
1589,Kricak_00726.jpg,Batik_Lasem/motifs (isen-isen)/Kricak_Watu Pecah/all_motifs (1004)/Kricak_00726.jpg,Kricak / Watu Pecah,Kricak_Watu Pecah,all_motifs (1004),Withering Teak in Blue.jpg,Pusaka Beruang,2022,raw (crop),28 x 28,sRGB IEC61966-2.1,VJB
1590,Kricak_00727.jpg,Batik_Lasem/motifs (isen-isen)/Kricak_Watu Pecah/all_motifs (1004)/Kricak_00727.jpg,Kricak / Watu Pecah,Kricak_Watu Pecah,all_motifs (1004),Withering Teak in Blue.jpg,Pusaka Beruang,2022,raw (crop),28 x 28,sRGB IEC61966-2.1,VJB
1594,Kricak_00731.jpg,Batik_Lasem/motifs (isen-isen)/Kricak_Watu Pecah/all_motifs (1004)/Kricak_00731.jpg,Kricak / Watu Pecah,Kricak_Watu Pecah,all_motifs (1004),Withering Teak in Blue.jpg,Pusaka Beruang,2022,raw (crop),28 x 28,sRGB IEC61966-2.1,VJB
1595,Kricak_00732.jpg,Batik_Lasem/motifs (isen-isen)/Kricak_Watu Pecah/all_motifs (1004)/Kricak_00732.jpg,Kricak / Watu Pecah,Kricak_Watu Pecah,all_motifs (1004),Withering Teak in Blue.jpg,Pusaka Beruang,2022,raw (crop),28 x 28,sRGB IEC61966-2.1,VJB
1598,Kricak_00735.jpg,Batik_Lasem/motifs (isen-isen)/Kricak_Watu Pecah/all_motifs (1004)/Kricak_00735.jpg,Kricak / Watu Pecah,Kricak_Watu Pecah,all_motifs (1004),Withering Teak in Blue.jpg,Pusaka Beruang,2022,raw (crop),28 x 28,sRGB IEC61966-2.1,VJB
1600,Kricak_00737.jpg,Batik_Lasem/motifs (isen-isen)/Kricak_Watu Pecah/all_motifs (1004)/Kricak_00737.jpg,Kricak / Watu Pecah,Kricak_Watu Pecah,all_motifs (1004),Withering Teak in Blue.jpg,Pusaka Beruang,2022,raw (crop),28 x 28,sRGB IEC61966-2.1,VJB
1601,Kricak_00738.jpg,Batik_Lasem/motifs (isen-isen)/Kricak_Watu Pecah/all_motifs (1004)/Kricak_00738.jpg,Kricak / Watu Pecah,Kricak_Watu Pecah,all_motifs (1004),Withering Teak in Blue.jpg,Pusaka Beruang,2022,raw (crop),28 x 28,sRGB IEC61966-2.1,VJB
1603,Kricak_00740.jpg,Batik_Lasem/motifs (isen-isen)/Kricak_Watu Pecah/all_motifs (1004)/Kricak_00740.jpg,Kricak / Watu Pecah,Kricak_Watu Pecah,all_motifs (1004),Withering Teak in Blue.jpg,Pusaka Beruang,2022,raw (crop),28 x 28,sRGB IEC61966-2.1,VJB
1606,Kricak_00743.jpg,Batik_Lasem/motifs (isen-isen)/Kricak_Watu Pecah/all_motifs (1004)/Kricak_00743.jpg,Kricak / Watu Pecah,Kricak_Watu Pecah,all_motifs (1004),Withering Teak in Blue.jpg,Pusaka Beruang,2022,raw (crop),28 x 28,sRGB IEC61966-2.1,VJB
1608,Kricak_00745.jpg,Batik_Lasem/motifs (isen-isen)/Kricak_Watu Pecah/all_motifs (1004)/Kricak_00745.jpg,Kricak / Watu Pecah,Kricak_Watu Pecah,all_motifs (1004),Withering Teak in Blue.jpg,Pusaka Beruang,2022,raw (crop),28 x 28,sRGB IEC61966-2.1,VJB
1609,Kricak_00746.jpg,Batik_Lasem/motifs (isen-isen)/Kricak_Watu Pecah/all_motifs (1004)/Kricak_00746.jpg,Kricak / Watu Pecah,Kricak_Watu Pecah,all_motifs (1004),Withering Teak in Blue.jpg,Pusaka Beruang,2022,raw (crop),28 x 28,sRGB IEC61966-2.1,VJB
1614,Kricak_00751.jpg,Batik_Lasem/motifs (isen-isen)/Kricak_Watu Pecah/all_motifs (1004)/Kricak_00751.jpg,Kricak / Watu Pecah,Kricak_Watu Pecah,all_motifs (1004),Withering Teak in Blue.jpg,Pusaka Beruang,2022,raw (crop),28 x 28,sRGB IEC61966-2.1,VJB
1615,Kricak_00752.jpg,Batik_Lasem/motifs (isen-isen)/Kricak_Watu Pecah/all_motifs (1004)/Kricak_00752.jpg,Kricak / Watu Pecah,Kricak_Watu Pecah,all_motifs (1004),Withering Teak in Blue.jpg,Pusaka Beruang,2022,raw (crop),28 x 28,sRGB IEC61966-2.1,VJB
1616,Kricak_00753.jpg,Batik_Lasem/motifs (isen-isen)/Kricak_Watu Pecah/all_motifs (1004)/Kricak_00753.jpg,Kricak / Watu Pecah,Kricak_Watu Pecah,all_motifs (1004),Withering Teak in Blue.jpg,Pusaka Beruang,2022,raw (crop),28 x 28,sRGB IEC61966-2.1,VJB
1620,Kricak_00757.jpg,Batik_Lasem/motifs (isen-isen)/Kricak_Watu Pecah/all_motifs (1004)/Kricak_00757.jpg,Kricak / Watu Pecah,Kricak_Watu Pecah,all_motifs (1004),Withering Teak in Blue.jpg,Pusaka Beruang,2022,raw (crop),28 x 28,sRGB IEC61966-2.1,VJB
1621,Kricak_00758.jpg,Batik_Lasem/motifs (isen-isen)/Kricak_Watu Pecah/all_motifs (1004)/Kricak_00758.jpg,Kricak / Watu Pecah,Kricak_Watu Pecah,all_motifs (1004),Withering Teak in Blue.jpg,Pusaka Beruang,2022,raw (crop),28 x 28,sRGB IEC61966-2.1,VJB
1623,Kricak_00760.jpg,Batik_Lasem/motifs (isen-isen)/Kricak_Watu Pecah/all_motifs (1004)/Kricak_00760.jpg,Kricak / Watu Pecah,Kricak_Watu Pecah,all_motifs (1004),Withering Teak in Blue.jpg,Pusaka Beruang,2022,raw (crop),28 x 28,sRGB IEC61966-2.1,VJB
1624,Kricak_00761.jpg,Batik_Lasem/motifs (isen-isen)/Kricak_Watu Pecah/all_motifs (1004)/Kricak_00761.jpg,Kricak / Watu Pecah,Kricak_Watu Pecah,all_motifs (1004),Withering Teak in Blue.jpg,Pusaka Beruang,2022,raw (crop),28 x 28,sRGB IEC61966-2.1,VJB
1626,Kricak_00763.jpg,Batik_Lasem/motifs (isen-isen)/Kricak_Watu Pecah/all_motifs (1004)/Kricak_00763.jpg,Kricak / Watu Pecah,Kricak_Watu Pecah,all_motifs (1004),Withering Teak in Blue.jpg,Pusaka Beruang,2022,raw (crop),28 x 28,sRGB IEC61966-2.1,VJB
1628,Kricak_00765.jpg,Batik_Lasem/motifs (isen-isen)/Kricak_Watu Pecah/all_motifs (1004)/Kricak_00765.jpg,Kricak / Watu Pecah,Kricak_Watu Pecah,all_motifs (1004),Withering Teak in Blue.jpg,Pusaka Beruang,2022,raw (crop),28 x 28,sRGB IEC61966-2.1,VJB
1631,Kricak_00768.jpg,Batik_Lasem/motifs (isen-isen)/Kricak_Watu Pecah/all_motifs (1004)/Kricak_00768.jpg,Kricak / Watu Pecah,Kricak_Watu Pecah,all_motifs (1004),Withering Teak in Blue.jpg,Pusaka Beruang,2022,raw (crop),28 x 28,sRGB IEC61966-2.1,VJB
1632,Kricak_00769.jpg,Batik_Lasem/motifs (isen-isen)/Kricak_Watu Pecah/all_motifs (1004)/Kricak_00769.jpg,Kricak / Watu Pecah,Kricak_Watu Pecah,all_motifs (1004),Withering Teak in Blue.jpg,Pusaka Beruang,2022,raw (crop),28 x 28,sRGB IEC61966-2.1,VJB
1633,Kricak_00770.jpg,Batik_Lasem/motifs (isen-isen)/Kricak_Watu Pecah/all_motifs (1004)/Kricak_00770.jpg,Kricak / Watu Pecah,Kricak_Watu Pecah,all_motifs (1004),Withering Teak in Blue.jpg,Pusaka Beruang,2022,raw (crop),28 x 28,sRGB IEC61966-2.1,VJB
1635,Kricak_00772.jpg,Batik_Lasem/motifs (isen-isen)/Kricak_Watu Pecah/all_motifs (1004)/Kricak_00772.jpg,Kricak / Watu Pecah,Kricak_Watu Pecah,all_motifs (1004),Withering Teak in Blue.jpg,Pusaka Beruang,2022,raw (crop),28 x 28,sRGB IEC61966-2.1,VJB
1636,Kricak_00773.jpg,Batik_Lasem/motifs (isen-isen)/Kricak_Watu Pecah/all_motifs (1004)/Kricak_00773.jpg,Kricak / Watu Pecah,Kricak_Watu Pecah,all_motifs (1004),Withering Teak in Blue.jpg,Pusaka Beruang,2022,raw (crop),28 x 28,sRGB IEC61966-2.1,VJB
1637,Kricak_00774.jpg,Batik_Lasem/motifs (isen-isen)/Kricak_Watu Pecah/all_motifs (1004)/Kricak_00774.jpg,Kricak / Watu Pecah,Kricak_Watu Pecah,all_motifs (1004),Withering Teak in Blue.jpg,Pusaka Beruang,2022,raw (crop),28 x 28,sRGB IEC61966-2.1,VJB
1639,Kricak_00776.jpg,Batik_Lasem/motifs (isen-isen)/Kricak_Watu Pecah/all_motifs (1004)/Kricak_00776.jpg,Kricak / Watu Pecah,Kricak_Watu Pecah,all_motifs (1004),Withering Teak in Blue.jpg,Pusaka Beruang,2022,raw (crop),28 x 28,sRGB IEC61966-2.1,VJB
1640,Kricak_00777.jpg,Batik_Lasem/motifs (isen-isen)/Kricak_Watu Pecah/all_motifs (1004)/Kricak_00777.jpg,Kricak / Watu Pecah,Kricak_Watu Pecah,all_motifs (1004),Withering Teak in Blue.jpg,Pusaka Beruang,2022,raw (crop),28 x 28,sRGB IEC61966-2.1,VJB
1643,Kricak_00780.jpg,Batik_Lasem/motifs (isen-isen)/Kricak_Watu Pecah/all_motifs (1004)/Kricak_00780.jpg,Kricak / Watu Pecah,Kricak_Watu Pecah,all_motifs (1004),Withering Teak in Blue.jpg,Pusaka Beruang,2022,raw (crop),28 x 28,sRGB IEC61966-2.1,VJB
1644,Kricak_00781.jpg,Batik_Lasem/motifs (isen-isen)/Kricak_Watu Pecah/all_motifs (1004)/Kricak_00781.jpg,Kricak / Watu Pecah,Kricak_Watu Pecah,all_motifs (1004),Withering Teak in Blue.jpg,Pusaka Beruang,2022,raw (crop),28 x 28,sRGB IEC61966-2.1,VJB
1646,Kricak_00783.jpg,Batik_Lasem/motifs (isen-isen)/Kricak_Watu Pecah/all_motifs (1004)/Kricak_00783.jpg,Kricak / Watu Pecah,Kricak_Watu Pecah,all_motifs (1004),Withering Teak in Blue.jpg,Pusaka Beruang,2022,raw (crop),28 x 28,sRGB IEC61966-2.1,VJB
1651,Kricak_00788.jpg,Batik_Lasem/motifs (isen-isen)/Kricak_Watu Pecah/all_motifs (1004)/Kricak_00788.jpg,Kricak / Watu Pecah,Kricak_Watu Pecah,all_motifs (1004),Withering Teak in Blue.jpg,Pusaka Beruang,2022,raw (crop),28 x 28,sRGB IEC61966-2.1,VJB
1655,Kricak_00792.jpg,Batik_Lasem/motifs (isen-isen)/Kricak_Watu Pecah/all_motifs (1004)/Kricak_00792.jpg,Kricak / Watu Pecah,Kricak_Watu Pecah,all_motifs (1004),Withering Teak in Blue.jpg,Pusaka Beruang,2022,raw (crop),28 x 28,sRGB IEC61966-2.1,VJB
1659,Kricak_00796.jpg,Batik_Lasem/motifs (isen-isen)/Kricak_Watu Pecah/all_motifs (1004)/Kricak_00796.jpg,Kricak / Watu Pecah,Kricak_Watu Pecah,all_motifs (1004),Withering Teak in Blue.jpg,Pusaka Beruang,2022,raw (crop),28 x 28,sRGB IEC61966-2.1,VJB
1661,Kricak_00798.jpg,Batik_Lasem/motifs (isen-isen)/Kricak_Watu Pecah/all_motifs (1004)/Kricak_00798.jpg,Kricak / Watu Pecah,Kricak_Watu Pecah,all_motifs (1004),Withering Teak in Blue.jpg,Pusaka Beruang,2022,raw (crop),28 x 28,sRGB IEC61966-2.1,VJB
1662,Kricak_00799.jpg,Batik_Lasem/motifs (isen-isen)/Kricak_Watu Pecah/all_motifs (1004)/Kricak_00799.jpg,Kricak / Watu Pecah,Kricak_Watu Pecah,all_motifs (1004),Withering Teak in Blue.jpg,Pusaka Beruang,2022,raw (crop),28 x 28,sRGB IEC61966-2.1,VJB
1664,Kricak_00801.jpg,Batik_Lasem/motifs (isen-isen)/Kricak_Watu Pecah/all_motifs (1004)/Kricak_00801.jpg,Kricak / Watu Pecah,Kricak_Watu Pecah,all_motifs (1004),Withering Teak in Blue.jpg,Pusaka Beruang,2022,raw (crop),28 x 28,sRGB IEC61966-2.1,VJB
1667,Kricak_00804.jpg,Batik_Lasem/motifs (isen-isen)/Kricak_Watu Pecah/all_motifs (1004)/Kricak_00804.jpg,Kricak / Watu Pecah,Kricak_Watu Pecah,all_motifs (1004),Withering Teak in Blue.jpg,Pusaka Beruang,2022,raw (crop),28 x 28,sRGB IEC61966-2.1,VJB
1668,Kricak_00805.jpg,Batik_Lasem/motifs (isen-isen)/Kricak_Watu Pecah/all_motifs (1004)/Kricak_00805.jpg,Kricak / Watu Pecah,Kricak_Watu Pecah,all_motifs (1004),Withering Teak in Blue.jpg,Pusaka Beruang,2022,raw (crop),28 x 28,sRGB IEC61966-2.1,VJB
1669,Kricak_00806.jpg,Batik_Lasem/motifs (isen-isen)/Kricak_Watu Pecah/all_motifs (1004)/Kricak_00806.jpg,Kricak / Watu Pecah,Kricak_Watu Pecah,all_motifs (1004),Withering Teak in Blue.jpg,Pusaka Beruang,2022,raw (crop),28 x 28,sRGB IEC61966-2.1,VJB
1671,Kricak_00808.jpg,Batik_Lasem/motifs (isen-isen)/Kricak_Watu Pecah/all_motifs (1004)/Kricak_00808.jpg,Kricak / Watu Pecah,Kricak_Watu Pecah,all_motifs (1004),Withering Teak in Blue.jpg,Pusaka Beruang,2022,raw (crop),28 x 28,sRGB IEC61966-2.1,VJB
1672,Kricak_00809.jpg,Batik_Lasem/motifs (isen-isen)/Kricak_Watu Pecah/all_motifs (1004)/Kricak_00809.jpg,Kricak / Watu Pecah,Kricak_Watu Pecah,all_motifs (1004),Withering Teak in Blue.jpg,Pusaka Beruang,2022,raw (crop),28 x 28,sRGB IEC61966-2.1,VJB
1675,Kricak_00812.jpg,Batik_Lasem/motifs (isen-isen)/Kricak_Watu Pecah/all_motifs (1004)/Kricak_00812.jpg,Kricak / Watu Pecah,Kricak_Watu Pecah,all_motifs (1004),Withering Teak in Blue.jpg,Pusaka Beruang,2022,raw (crop),28 x 28,sRGB IEC61966-2.1,VJB
1676,Kricak_00813.jpg,Batik_Lasem/motifs (isen-isen)/Kricak_Watu Pecah/all_motifs (1004)/Kricak_00813.jpg,Kricak / Watu Pecah,Kricak_Watu Pecah,all_motifs (1004),Withering Teak in Blue.jpg,Pusaka Beruang,2022,raw (crop),28 x 28,sRGB IEC61966-2.1,VJB
1678,Kricak_00815.jpg,Batik_Lasem/motifs (isen-isen)/Kricak_Watu Pecah/all_motifs (1004)/Kricak_00815.jpg,Kricak / Watu Pecah,Kricak_Watu Pecah,all_motifs (1004),Pagi-Sore Temple and Bamboo.jpg,Pesona Canting,2022,raw (crop),28 x 28,sRGB IEC61966-2.1,VJB
1679,Kricak_00816.jpg,Batik_Lasem/motifs (isen-isen)/Kricak_Watu Pecah/all_motifs (1004)/Kricak_00816.jpg,Kricak / Watu Pecah,Kricak_Watu Pecah,all_motifs (1004),Pagi-Sore Temple and Bamboo.jpg,Pesona Canting,2022,raw (crop),28 x 28,sRGB IEC61966-2.1,VJB
1680,Kricak_00817.jpg,Batik_Lasem/motifs (isen-isen)/Kricak_Watu Pecah/all_motifs (1004)/Kricak_00817.jpg,Kricak / Watu Pecah,Kricak_Watu Pecah,all_motifs (1004),Pagi-Sore Temple and Bamboo.jpg,Pesona Canting,2022,raw (crop),28 x 28,sRGB IEC61966-2.1,VJB
1682,Kricak_00819.jpg,Batik_Lasem/motifs (isen-isen)/Kricak_Watu Pecah/all_motifs (1004)/Kricak_00819.jpg,Kricak / Watu Pecah,Kricak_Watu Pecah,all_motifs (1004),Water Animals with Sekar Jagad Background.jpg,Pesona Canting,2022,raw (crop),28 x 28,sRGB IEC61966-2.1,VJB
1685,Kricak_00822.jpg,Batik_Lasem/motifs (isen-isen)/Kricak_Watu Pecah/all_motifs (1004)/Kricak_00822.jpg,Kricak / Watu Pecah,Kricak_Watu Pecah,all_motifs (1004),Water Animals with Sekar Jagad Background.jpg,Pesona Canting,2022,raw (crop),28 x 28,sRGB IEC61966-2.1,VJB
1687,Kricak_00824.jpg,Batik_Lasem/motifs (isen-isen)/Kricak_Watu Pecah/all_motifs (1004)/Kricak_00824.jpg,Kricak / Watu Pecah,Kricak_Watu Pecah,all_motifs (1004),Water Animals with Sekar Jagad Background.jpg,Pesona Canting,2022,raw (crop),28 x 28,sRGB IEC61966-2.1,VJB
1688,Kricak_00825.jpg,Batik_Lasem/motifs (isen-isen)/Kricak_Watu Pecah/all_motifs (1004)/Kricak_00825.jpg,Kricak / Watu Pecah,Kricak_Watu Pecah,all_motifs (1004),Water Animals with Sekar Jagad Background.jpg,Pesona Canting,2022,raw (crop),28 x 28,sRGB IEC61966-2.1,VJB
1691,Kricak_00828.jpg,Batik_Lasem/motifs (isen-isen)/Kricak_Watu Pecah/all_motifs (1004)/Kricak_00828.jpg,Kricak / Watu Pecah,Kricak_Watu Pecah,all_motifs (1004),Water Animals with Sekar Jagad Background.jpg,Pesona Canting,2022,raw (crop),28 x 28,sRGB IEC61966-2.1,VJB
1692,Kricak_00829.jpg,Batik_Lasem/motifs (isen-isen)/Kricak_Watu Pecah/all_motifs (1004)/Kricak_00829.jpg,Kricak / Watu Pecah,Kricak_Watu Pecah,all_motifs (1004),Water Animals with Sekar Jagad Background.jpg,Pesona Canting,2022,raw (crop),28 x 28,sRGB IEC61966-2.1,VJB
1693,Kricak_00830.jpg,Batik_Lasem/motifs (isen-isen)/Kricak_Watu Pecah/all_motifs (1004)/Kricak_00830.jpg,Kricak / Watu Pecah,Kricak_Watu Pecah,all_motifs (1004),Water Animals with Sekar Jagad Background.jpg,Pesona Canting,2022,raw (crop),28 x 28,sRGB IEC61966-2.1,VJB
1695,Kricak_00832.jpg,Batik_Lasem/motifs (isen-isen)/Kricak_Watu Pecah/all_motifs (1004)/Kricak_00832.jpg,Kricak / Watu Pecah,Kricak_Watu Pecah,all_motifs (1004),Water Animals with Sekar Jagad Background.jpg,Pesona Canting,2022,raw (crop),28 x 28,sRGB IEC61966-2.1,VJB
1700,Kricak_00837.jpg,Batik_Lasem/motifs (isen-isen)/Kricak_Watu Pecah/all_motifs (1004)/Kricak_00837.jpg,Kricak / Watu Pecah,Kricak_Watu Pecah,all_motifs (1004),Water Animals with Sekar Jagad Background.jpg,Pesona Canting,2022,raw (crop),28 x 28,sRGB IEC61966-2.1,VJB
1703,Kricak_00840.jpg,Batik_Lasem/motifs (isen-isen)/Kricak_Watu Pecah/all_motifs (1004)/Kricak_00840.jpg,Kricak / Watu Pecah,Kricak_Watu Pecah,all_motifs (1004),Water Animals with Sekar Jagad Background.jpg,Pesona Canting,2022,raw (crop),28 x 28,sRGB IEC61966-2.1,VJB
1704,Kricak_00841.jpg,Batik_Lasem/motifs (isen-isen)/Kricak_Watu Pecah/all_motifs (1004)/Kricak_00841.jpg,Kricak / Watu Pecah,Kricak_Watu Pecah,all_motifs (1004),Water Animals with Sekar Jagad Background.jpg,Pesona Canting,2022,raw (crop),28 x 28,sRGB IEC61966-2.1,VJB
1705,Kricak_00842.jpg,Batik_Lasem/motifs (isen-isen)/Kricak_Watu Pecah/all_motifs (1004)/Kricak_00842.jpg,Kricak / Watu Pecah,Kricak_Watu Pecah,all_motifs (1004),Water Animals with Sekar Jagad Background.jpg,Pesona Canting,2022,raw (crop),28 x 28,sRGB IEC61966-2.1,VJB
1706,Kricak_00843.jpg,Batik_Lasem/motifs (isen-isen)/Kricak_Watu Pecah/all_motifs (1004)/Kricak_00843.jpg,Kricak / Watu Pecah,Kricak_Watu Pecah,all_motifs (1004),Water Animals with Sekar Jagad Background.jpg,Pesona Canting,2022,raw (crop),28 x 28,sRGB IEC61966-2.1,VJB
1707,Kricak_00844.jpg,Batik_Lasem/motifs (isen-isen)/Kricak_Watu Pecah/all_motifs (1004)/Kricak_00844.jpg,Kricak / Watu Pecah,Kricak_Watu Pecah,all_motifs (1004),Water Animals with Sekar Jagad Background.jpg,Pesona Canting,2022,raw (crop),28 x 28,sRGB IEC61966-2.1,VJB
1708,Kricak_00845.jpg,Batik_Lasem/motifs (isen-isen)/Kricak_Watu Pecah/all_motifs (1004)/Kricak_00845.jpg,Kricak / Watu Pecah,Kricak_Watu Pecah,all_motifs (1004),Water Animals with Sekar Jagad Background.jpg,Pesona Canting,2022,raw (crop),28 x 28,sRGB IEC61966-2.1,VJB
1712,Kricak_00849.jpg,Batik_Lasem/motifs (isen-isen)/Kricak_Watu Pecah/all_motifs (1004)/Kricak_00849.jpg,Kricak / Watu Pecah,Kricak_Watu Pecah,all_motifs (1004),Water Animals with Sekar Jagad Background.jpg,Pesona Canting,2022,raw (crop),28 x 28,sRGB IEC61966-2.1,VJB
1713,Kricak_00850.jpg,Batik_Lasem/motifs (isen-isen)/Kricak_Watu Pecah/all_motifs (1004)/Kricak_00850.jpg,Kricak / Watu Pecah,Kricak_Watu Pecah,all_motifs (1004),Water Animals with Sekar Jagad Background.jpg,Pesona Canting,2022,raw (crop),28 x 28,sRGB IEC61966-2.1,VJB
1714,Kricak_00851.jpg,Batik_Lasem/motifs (isen-isen)/Kricak_Watu Pecah/all_motifs (1004)/Kricak_00851.jpg,Kricak / Watu Pecah,Kricak_Watu Pecah,all_motifs (1004),Water Animals with Sekar Jagad Background.jpg,Pesona Canting,2022,raw (crop),28 x 28,sRGB IEC61966-2.1,VJB
1715,Kricak_00852.jpg,Batik_Lasem/motifs (isen-isen)/Kricak_Watu Pecah/all_motifs (1004)/Kricak_00852.jpg,Kricak / Watu Pecah,Kricak_Watu Pecah,all_motifs (1004),Water Animals with Sekar Jagad Background.jpg,Pesona Canting,2022,raw (crop),28 x 28,sRGB IEC61966-2.1,VJB
1718,Kricak_00855.jpg,Batik_Lasem/motifs (isen-isen)/Kricak_Watu Pecah/all_motifs (1004)/Kricak_00855.jpg,Kricak / Watu Pecah,Kricak_Watu Pecah,all_motifs (1004),Water Animals with Sekar Jagad Background.jpg,Pesona Canting,2022,raw (crop),28 x 28,sRGB IEC61966-2.1,VJB
1723,Kricak_00860.jpg,Batik_Lasem/motifs (isen-isen)/Kricak_Watu Pecah/all_motifs (1004)/Kricak_00860.jpg,Kricak / Watu Pecah,Kricak_Watu Pecah,all_motifs (1004),Water Animals with Sekar Jagad Background.jpg,Pesona Canting,2022,raw (crop),28 x 28,sRGB IEC61966-2.1,VJB
1724,Kricak_00861.jpg,Batik_Lasem/motifs (isen-isen)/Kricak_Watu Pecah/all_motifs (1004)/Kricak_00861.jpg,Kricak / Watu Pecah,Kricak_Watu Pecah,all_motifs (1004),Water Animals with Sekar Jagad Background.jpg,Pesona Canting,2022,raw (crop),28 x 28,sRGB IEC61966-2.1,VJB
1725,Kricak_00862.jpg,Batik_Lasem/motifs (isen-isen)/Kricak_Watu Pecah/all_motifs (1004)/Kricak_00862.jpg,Kricak / Watu Pecah,Kricak_Watu Pecah,all_motifs (1004),Water Animals with Sekar Jagad Background.jpg,Pesona Canting,2022,raw (crop),28 x 28,sRGB IEC61966-2.1,VJB
1728,Kricak_00865.jpg,Batik_Lasem/motifs (isen-isen)/Kricak_Watu Pecah/all_motifs (1004)/Kricak_00865.jpg,Kricak / Watu Pecah,Kricak_Watu Pecah,all_motifs (1004),Water Animals with Sekar Jagad Background.jpg,Pesona Canting,2022,raw (crop),28 x 28,sRGB IEC61966-2.1,VJB
1729,Kricak_00866.jpg,Batik_Lasem/motifs (isen-isen)/Kricak_Watu Pecah/all_motifs (1004)/Kricak_00866.jpg,Kricak / Watu Pecah,Kricak_Watu Pecah,all_motifs (1004),Water Animals with Sekar Jagad Background.jpg,Pesona Canting,2022,raw (crop),28 x 28,sRGB IEC61966-2.1,VJB
1731,Kricak_00868.jpg,Batik_Lasem/motifs (isen-isen)/Kricak_Watu Pecah/all_motifs (1004)/Kricak_00868.jpg,Kricak / Watu Pecah,Kricak_Watu Pecah,all_motifs (1004),Water Animals with Sekar Jagad Background.jpg,Pesona Canting,2022,raw (crop),28 x 28,sRGB IEC61966-2.1,VJB
1732,Kricak_00869.jpg,Batik_Lasem/motifs (isen-isen)/Kricak_Watu Pecah/all_motifs (1004)/Kricak_00869.jpg,Kricak / Watu Pecah,Kricak_Watu Pecah,all_motifs (1004),Water Animals with Sekar Jagad Background.jpg,Pesona Canting,2022,raw (crop),28 x 28,sRGB IEC61966-2.1,VJB
1734,Kricak_00871.jpg,Batik_Lasem/motifs (isen-isen)/Kricak_Watu Pecah/all_motifs (1004)/Kricak_00871.jpg,Kricak / Watu Pecah,Kricak_Watu Pecah,all_motifs (1004),Water Animals with Sekar Jagad Background.jpg,Pesona Canting,2022,raw (crop),28 x 28,sRGB IEC61966-2.1,VJB
1737,Kricak_00874.jpg,Batik_Lasem/motifs (isen-isen)/Kricak_Watu Pecah/all_motifs (1004)/Kricak_00874.jpg,Kricak / Watu Pecah,Kricak_Watu Pecah,all_motifs (1004),Water Animals with Sekar Jagad Background.jpg,Pesona Canting,2022,raw (crop),28 x 28,sRGB IEC61966-2.1,VJB
1738,Kricak_00875.jpg,Batik_Lasem/motifs (isen-isen)/Kricak_Watu Pecah/all_motifs (1004)/Kricak_00875.jpg,Kricak / Watu Pecah,Kricak_Watu Pecah,all_motifs (1004),Water Animals with Sekar Jagad Background.jpg,Pesona Canting,2022,raw (crop),28 x 28,sRGB IEC61966-2.1,VJB
1741,Kricak_00878.jpg,Batik_Lasem/motifs (isen-isen)/Kricak_Watu Pecah/all_motifs (1004)/Kricak_00878.jpg,Kricak / Watu Pecah,Kricak_Watu Pecah,all_motifs (1004),Water Animals with Sekar Jagad Background.jpg,Pesona Canting,2022,raw (crop),28 x 28,sRGB IEC61966-2.1,VJB
1743,Kricak_00880.jpg,Batik_Lasem/motifs (isen-isen)/Kricak_Watu Pecah/all_motifs (1004)/Kricak_00880.jpg,Kricak / Watu Pecah,Kricak_Watu Pecah,all_motifs (1004),Water Animals with Sekar Jagad Background.jpg,Pesona Canting,2022,raw (crop),28 x 28,sRGB IEC61966-2.1,VJB
1744,Kricak_00881.jpg,Batik_Lasem/motifs (isen-isen)/Kricak_Watu Pecah/all_motifs (1004)/Kricak_00881.jpg,Kricak / Watu Pecah,Kricak_Watu Pecah,all_motifs (1004),Water Animals with Sekar Jagad Background.jpg,Pesona Canting,2022,raw (crop),28 x 28,sRGB IEC61966-2.1,VJB
1747,Kricak_00884.jpg,Batik_Lasem/motifs (isen-isen)/Kricak_Watu Pecah/all_motifs (1004)/Kricak_00884.jpg,Kricak / Watu Pecah,Kricak_Watu Pecah,all_motifs (1004),Water Animals with Sekar Jagad Background.jpg,Pesona Canting,2022,raw (crop),28 x 28,sRGB IEC61966-2.1,VJB
1748,Kricak_00885.jpg,Batik_Lasem/motifs (isen-isen)/Kricak_Watu Pecah/all_motifs (1004)/Kricak_00885.jpg,Kricak / Watu Pecah,Kricak_Watu Pecah,all_motifs (1004),Water Animals with Sekar Jagad Background.jpg,Pesona Canting,2022,raw (crop),28 x 28,sRGB IEC61966-2.1,VJB
1750,Kricak_00887.jpg,Batik_Lasem/motifs (isen-isen)/Kricak_Watu Pecah/all_motifs (1004)/Kricak_00887.jpg,Kricak / Watu Pecah,Kricak_Watu Pecah,all_motifs (1004),Water Animals with Sekar Jagad Background.jpg,Pesona Canting,2022,raw (crop),28 x 28,sRGB IEC61966-2.1,VJB
1751,Kricak_00888.jpg,Batik_Lasem/motifs (isen-isen)/Kricak_Watu Pecah/all_motifs (1004)/Kricak_00888.jpg,Kricak / Watu Pecah,Kricak_Watu Pecah,all_motifs (1004),Water Animals with Sekar Jagad Background.jpg,Pesona Canting,2022,raw (crop),28 x 28,sRGB IEC61966-2.1,VJB
1752,Kricak_00889.jpg,Batik_Lasem/motifs (isen-isen)/Kricak_Watu Pecah/all_motifs (1004)/Kricak_00889.jpg,Kricak / Watu Pecah,Kricak_Watu Pecah,all_motifs (1004),Water Animals with Sekar Jagad Background.jpg,Pesona Canting,2022,raw (crop),28 x 28,sRGB IEC61966-2.1,VJB
1753,Kricak_00890.jpg,Batik_Lasem/motifs (isen-isen)/Kricak_Watu Pecah/all_motifs (1004)/Kricak_00890.jpg,Kricak / Watu Pecah,Kricak_Watu Pecah,all_motifs (1004),Water Animals with Sekar Jagad Background.jpg,Pesona Canting,2022,raw (crop),28 x 28,sRGB IEC61966-2.1,VJB
1754,Kricak_00891.jpg,Batik_Lasem/motifs (isen-isen)/Kricak_Watu Pecah/all_motifs (1004)/Kricak_00891.jpg,Kricak / Watu Pecah,Kricak_Watu Pecah,all_motifs (1004),Water Animals with Sekar Jagad Background.jpg,Pesona Canting,2022,raw (crop),28 x 28,sRGB IEC61966-2.1,VJB
1756,Kricak_00893.jpg,Batik_Lasem/motifs (isen-isen)/Kricak_Watu Pecah/all_motifs (1004)/Kricak_00893.jpg,Kricak / Watu Pecah,Kricak_Watu Pecah,all_motifs (1004),Water Animals with Sekar Jagad Background.jpg,Pesona Canting,2022,raw (crop),28 x 28,sRGB IEC61966-2.1,VJB
1759,Kricak_00896.jpg,Batik_Lasem/motifs (isen-isen)/Kricak_Watu Pecah/all_motifs (1004)/Kricak_00896.jpg,Kricak / Watu Pecah,Kricak_Watu Pecah,all_motifs (1004),Water Animals with Sekar Jagad Background.jpg,Pesona Canting,2022,raw (crop),28 x 28,sRGB IEC61966-2.1,VJB
1760,Kricak_00897.jpg,Batik_Lasem/motifs (isen-isen)/Kricak_Watu Pecah/all_motifs (1004)/Kricak_00897.jpg,Kricak / Watu Pecah,Kricak_Watu Pecah,all_motifs (1004),Water Animals with Sekar Jagad Background.jpg,Pesona Canting,2022,raw (crop),28 x 28,sRGB IEC61966-2.1,VJB
1764,Kricak_00901.jpg,Batik_Lasem/motifs (isen-isen)/Kricak_Watu Pecah/all_motifs (1004)/Kricak_00901.jpg,Kricak / Watu Pecah,Kricak_Watu Pecah,all_motifs (1004),Water Animals with Sekar Jagad Background.jpg,Pesona Canting,2022,raw (crop),28 x 28,sRGB IEC61966-2.1,VJB
1765,Kricak_00902.jpg,Batik_Lasem/motifs (isen-isen)/Kricak_Watu Pecah/all_motifs (1004)/Kricak_00902.jpg,Kricak / Watu Pecah,Kricak_Watu Pecah,all_motifs (1004),Water Animals with Sekar Jagad Background.jpg,Pesona Canting,2022,raw (crop),28 x 28,sRGB IEC61966-2.1,VJB
1766,Kricak_00903.jpg,Batik_Lasem/motifs (isen-isen)/Kricak_Watu Pecah/all_motifs (1004)/Kricak_00903.jpg,Kricak / Watu Pecah,Kricak_Watu Pecah,all_motifs (1004),Water Animals with Sekar Jagad Background.jpg,Pesona Canting,2022,raw (crop),28 x 28,sRGB IEC61966-2.1,VJB
1767,Kricak_00904.jpg,Batik_Lasem/motifs (isen-isen)/Kricak_Watu Pecah/all_motifs (1004)/Kricak_00904.jpg,Kricak / Watu Pecah,Kricak_Watu Pecah,all_motifs (1004),Water Animals with Sekar Jagad Background.jpg,Pesona Canting,2022,raw (crop),28 x 28,sRGB IEC61966-2.1,VJB
1768,Kricak_00905.jpg,Batik_Lasem/motifs (isen-isen)/Kricak_Watu Pecah/all_motifs (1004)/Kricak_00905.jpg,Kricak / Watu Pecah,Kricak_Watu Pecah,all_motifs (1004),Water Animals with Sekar Jagad Background.jpg,Pesona Canting,2022,raw (crop),28 x 28,sRGB IEC61966-2.1,VJB
1771,Kricak_00908.jpg,Batik_Lasem/motifs (isen-isen)/Kricak_Watu Pecah/all_motifs (1004)/Kricak_00908.jpg,Kricak / Watu Pecah,Kricak_Watu Pecah,all_motifs (1004),Isen Cloth 1.jpg,Pesona Canting,2022,raw (crop),28 x 28,sRGB IEC61966-2.1,VJB
1773,Kricak_00910.jpg,Batik_Lasem/motifs (isen-isen)/Kricak_Watu Pecah/all_motifs (1004)/Kricak_00910.jpg,Kricak / Watu Pecah,Kricak_Watu Pecah,all_motifs (1004),Isen Cloth 1.jpg,Pesona Canting,2022,raw (crop),28 x 28,sRGB IEC61966-2.1,VJB
1774,Kricak_00911.jpg,Batik_Lasem/motifs (isen-isen)/Kricak_Watu Pecah/all_motifs (1004)/Kricak_00911.jpg,Kricak / Watu Pecah,Kricak_Watu Pecah,all_motifs (1004),Isen Cloth 1.jpg,Pesona Canting,2022,raw (crop),28 x 28,sRGB IEC61966-2.1,VJB
1776,Kricak_00913.jpg,Batik_Lasem/motifs (isen-isen)/Kricak_Watu Pecah/all_motifs (1004)/Kricak_00913.jpg,Kricak / Watu Pecah,Kricak_Watu Pecah,all_motifs (1004),Isen Cloth 1.jpg,Pesona Canting,2022,raw (crop),28 x 28,sRGB IEC61966-2.1,VJB
1777,Kricak_00914.jpg,Batik_Lasem/motifs (isen-isen)/Kricak_Watu Pecah/all_motifs (1004)/Kricak_00914.jpg,Kricak / Watu Pecah,Kricak_Watu Pecah,all_motifs (1004),Isen Cloth 1.jpg,Pesona Canting,2022,raw (crop),28 x 28,sRGB IEC61966-2.1,VJB
1778,Kricak_00915.jpg,Batik_Lasem/motifs (isen-isen)/Kricak_Watu Pecah/all_motifs (1004)/Kricak_00915.jpg,Kricak / Watu Pecah,Kricak_Watu Pecah,all_motifs (1004),Isen Cloth 1.jpg,Pesona Canting,2022,raw (crop),28 x 28,sRGB IEC61966-2.1,VJB
1779,Kricak_00916.jpg,Batik_Lasem/motifs (isen-isen)/Kricak_Watu Pecah/all_motifs (1004)/Kricak_00916.jpg,Kricak / Watu Pecah,Kricak_Watu Pecah,all_motifs (1004),Isen Cloth 1.jpg,Pesona Canting,2022,raw (crop),28 x 28,sRGB IEC61966-2.1,VJB
1780,Kricak_00917.jpg,Batik_Lasem/motifs (isen-isen)/Kricak_Watu Pecah/all_motifs (1004)/Kricak_00917.jpg,Kricak / Watu Pecah,Kricak_Watu Pecah,all_motifs (1004),Isen Cloth 1.jpg,Pesona Canting,2022,raw (crop),28 x 28,sRGB IEC61966-2.1,VJB
1785,Kricak_00922.jpg,Batik_Lasem/motifs (isen-isen)/Kricak_Watu Pecah/all_motifs (1004)/Kricak_00922.jpg,Kricak / Watu Pecah,Kricak_Watu Pecah,all_motifs (1004),Isen Cloth 1.jpg,Pesona Canting,2022,raw (crop),28 x 28,sRGB IEC61966-2.1,VJB
1790,Kricak_00927.jpg,Batik_Lasem/motifs (isen-isen)/Kricak_Watu Pecah/all_motifs (1004)/Kricak_00927.jpg,Kricak / Watu Pecah,Kricak_Watu Pecah,all_motifs (1004),Isen Cloth 1.jpg,Pesona Canting,2022,raw (crop),28 x 28,sRGB IEC61966-2.1,VJB
1791,Kricak_00928.jpg,Batik_Lasem/motifs (isen-isen)/Kricak_Watu Pecah/all_motifs (1004)/Kricak_00928.jpg,Kricak / Watu Pecah,Kricak_Watu Pecah,all_motifs (1004),Isen Cloth 1.jpg,Pesona Canting,2022,raw (crop),28 x 28,sRGB IEC61966-2.1,VJB
1792,Kricak_00929.jpg,Batik_Lasem/motifs (isen-isen)/Kricak_Watu Pecah/all_motifs (1004)/Kricak_00929.jpg,Kricak / Watu Pecah,Kricak_Watu Pecah,all_motifs (1004),Isen Cloth 1.jpg,Pesona Canting,2022,raw (crop),28 x 28,sRGB IEC61966-2.1,VJB
1796,Kricak_00933.jpg,Batik_Lasem/motifs (isen-isen)/Kricak_Watu Pecah/all_motifs (1004)/Kricak_00933.jpg,Kricak / Watu Pecah,Kricak_Watu Pecah,all_motifs (1004),Isen Cloth 1.jpg,Pesona Canting,2022,raw (crop),28 x 28,sRGB IEC61966-2.1,VJB
1797,Kricak_00934.jpg,Batik_Lasem/motifs (isen-isen)/Kricak_Watu Pecah/all_motifs (1004)/Kricak_00934.jpg,Kricak / Watu Pecah,Kricak_Watu Pecah,all_motifs (1004),Isen Cloth 1.jpg,Pesona Canting,2022,raw (crop),28 x 28,sRGB IEC61966-2.1,VJB
1798,Kricak_00935.jpg,Batik_Lasem/motifs (isen-isen)/Kricak_Watu Pecah/all_motifs (1004)/Kricak_00935.jpg,Kricak / Watu Pecah,Kricak_Watu Pecah,all_motifs (1004),Isen Cloth 1.jpg,Pesona Canting,2022,raw (crop),28 x 28,sRGB IEC61966-2.1,VJB
1801,Kricak_00938.jpg,Batik_Lasem/motifs (isen-isen)/Kricak_Watu Pecah/all_motifs (1004)/Kricak_00938.jpg,Kricak / Watu Pecah,Kricak_Watu Pecah,all_motifs (1004),Isen Cloth 1.jpg,Pesona Canting,2022,raw (crop),28 x 28,sRGB IEC61966-2.1,VJB
1802,Kricak_00939.jpg,Batik_Lasem/motifs (isen-isen)/Kricak_Watu Pecah/all_motifs (1004)/Kricak_00939.jpg,Kricak / Watu Pecah,Kricak_Watu Pecah,all_motifs (1004),Isen Cloth 1.jpg,Pesona Canting,2022,raw (crop),28 x 28,sRGB IEC61966-2.1,VJB
1803,Kricak_00940.jpg,Batik_Lasem/motifs (isen-isen)/Kricak_Watu Pecah/all_motifs (1004)/Kricak_00940.jpg,Kricak / Watu Pecah,Kricak_Watu Pecah,all_motifs (1004),Isen Cloth 1.jpg,Pesona Canting,2022,raw (crop),28 x 28,sRGB IEC61966-2.1,VJB
1808,Kricak_00945.jpg,Batik_Lasem/motifs (isen-isen)/Kricak_Watu Pecah/all_motifs (1004)/Kricak_00945.jpg,Kricak / Watu Pecah,Kricak_Watu Pecah,all_motifs (1004),Isen Cloth 1.jpg,Pesona Canting,2022,raw (crop),28 x 28,sRGB IEC61966-2.1,VJB
1809,Kricak_00946.jpg,Batik_Lasem/motifs (isen-isen)/Kricak_Watu Pecah/all_motifs (1004)/Kricak_00946.jpg,Kricak / Watu Pecah,Kricak_Watu Pecah,all_motifs (1004),Isen Cloth 1.jpg,Pesona Canting,2022,raw (crop),28 x 28,sRGB IEC61966-2.1,VJB
1810,Kricak_00947.jpg,Batik_Lasem/motifs (isen-isen)/Kricak_Watu Pecah/all_motifs (1004)/Kricak_00947.jpg,Kricak / Watu Pecah,Kricak_Watu Pecah,all_motifs (1004),Isen Cloth 1.jpg,Pesona Canting,2022,raw (crop),28 x 28,sRGB IEC61966-2.1,VJB
1814,Kricak_00951.jpg,Batik_Lasem/motifs (isen-isen)/Kricak_Watu Pecah/all_motifs (1004)/Kricak_00951.jpg,Kricak / Watu Pecah,Kricak_Watu Pecah,all_motifs (1004),Isen Cloth 1.jpg,Pesona Canting,2022,raw (crop),28 x 28,sRGB IEC61966-2.1,VJB
1816,Kricak_00953.jpg,Batik_Lasem/motifs (isen-isen)/Kricak_Watu Pecah/all_motifs (1004)/Kricak_00953.jpg,Kricak / Watu Pecah,Kricak_Watu Pecah,all_motifs (1004),Isen Cloth 1.jpg,Pesona Canting,2022,raw (crop),28 x 28,sRGB IEC61966-2.1,VJB
1819,Kricak_00956.jpg,Batik_Lasem/motifs (isen-isen)/Kricak_Watu Pecah/all_motifs (1004)/Kricak_00956.jpg,Kricak / Watu Pecah,Kricak_Watu Pecah,all_motifs (1004),Isen Cloth 1.jpg,Pesona Canting,2022,raw (crop),28 x 28,sRGB IEC61966-2.1,VJB
1822,Kricak_00959.jpg,Batik_Lasem/motifs (isen-isen)/Kricak_Watu Pecah/all_motifs (1004)/Kricak_00959.jpg,Kricak / Watu Pecah,Kricak_Watu Pecah,all_motifs (1004),Isen Cloth 1.jpg,Pesona Canting,2022,raw (crop),28 x 28,sRGB IEC61966-2.1,VJB
1823,Kricak_00960.jpg,Batik_Lasem/motifs (isen-isen)/Kricak_Watu Pecah/all_motifs (1004)/Kricak_00960.jpg,Kricak / Watu Pecah,Kricak_Watu Pecah,all_motifs (1004),Isen Cloth 1.jpg,Pesona Canting,2022,raw (crop),28 x 28,sRGB IEC61966-2.1,VJB
1824,Kricak_00961.jpg,Batik_Lasem/motifs (isen-isen)/Kricak_Watu Pecah/all_motifs (1004)/Kricak_00961.jpg,Kricak / Watu Pecah,Kricak_Watu Pecah,all_motifs (1004),Isen Cloth 1.jpg,Pesona Canting,2022,raw (crop),28 x 28,sRGB IEC61966-2.1,VJB
1825,Kricak_00962.jpg,Batik_Lasem/motifs (isen-isen)/Kricak_Watu Pecah/all_motifs (1004)/Kricak_00962.jpg,Kricak / Watu Pecah,Kricak_Watu Pecah,all_motifs (1004),Isen Cloth 1.jpg,Pesona Canting,2022,raw (crop),28 x 28,sRGB IEC61966-2.1,VJB
1826,Kricak_00963.jpg,Batik_Lasem/motifs (isen-isen)/Kricak_Watu Pecah/all_motifs (1004)/Kricak_00963.jpg,Kricak / Watu Pecah,Kricak_Watu Pecah,all_motifs (1004),Isen Cloth 1.jpg,Pesona Canting,2022,raw (crop),28 x 28,sRGB IEC61966-2.1,VJB
1827,Kricak_00964.jpg,Batik_Lasem/motifs (isen-isen)/Kricak_Watu Pecah/all_motifs (1004)/Kricak_00964.jpg,Kricak / Watu Pecah,Kricak_Watu Pecah,all_motifs (1004),Isen Cloth 1.jpg,Pesona Canting,2022,raw (crop),28 x 28,sRGB IEC61966-2.1,VJB
1828,Kricak_00965.jpg,Batik_Lasem/motifs (isen-isen)/Kricak_Watu Pecah/all_motifs (1004)/Kricak_00965.jpg,Kricak / Watu Pecah,Kricak_Watu Pecah,all_motifs (1004),Isen Cloth 1.jpg,Pesona Canting,2022,raw (crop),28 x 28,sRGB IEC61966-2.1,VJB
1829,Kricak_00966.jpg,Batik_Lasem/motifs (isen-isen)/Kricak_Watu Pecah/all_motifs (1004)/Kricak_00966.jpg,Kricak / Watu Pecah,Kricak_Watu Pecah,all_motifs (1004),Isen Cloth 1.jpg,Pesona Canting,2022,raw (crop),28 x 28,sRGB IEC61966-2.1,VJB
1830,Kricak_00967.jpg,Batik_Lasem/motifs (isen-isen)/Kricak_Watu Pecah/all_motifs (1004)/Kricak_00967.jpg,Kricak / Watu Pecah,Kricak_Watu Pecah,all_motifs (1004),Isen Cloth 1.jpg,Pesona Canting,2022,raw (crop),28 x 28,sRGB IEC61966-2.1,VJB
1831,Kricak_00968.jpg,Batik_Lasem/motifs (isen-isen)/Kricak_Watu Pecah/all_motifs (1004)/Kricak_00968.jpg,Kricak / Watu Pecah,Kricak_Watu Pecah,all_motifs (1004),Isen Cloth 1.jpg,Pesona Canting,2022,raw (crop),28 x 28,sRGB IEC61966-2.1,VJB
1834,Kricak_00971.jpg,Batik_Lasem/motifs (isen-isen)/Kricak_Watu Pecah/all_motifs (1004)/Kricak_00971.jpg,Kricak / Watu Pecah,Kricak_Watu Pecah,all_motifs (1004),Isen Cloth 1.jpg,Pesona Canting,2022,raw (crop),28 x 28,sRGB IEC61966-2.1,VJB
1838,Kricak_00975.jpg,Batik_Lasem/motifs (isen-isen)/Kricak_Watu Pecah/all_motifs (1004)/Kricak_00975.jpg,Kricak / Watu Pecah,Kricak_Watu Pecah,all_motifs (1004),Isen Cloth 1.jpg,Pesona Canting,2022,raw (crop),28 x 28,sRGB IEC61966-2.1,VJB
1839,Kricak_00976.jpg,Batik_Lasem/motifs (isen-isen)/Kricak_Watu Pecah/all_motifs (1004)/Kricak_00976.jpg,Kricak / Watu Pecah,Kricak_Watu Pecah,all_motifs (1004),Isen Cloth 1.jpg,Pesona Canting,2022,raw (crop),28 x 28,sRGB IEC61966-2.1,VJB
1840,Kricak_00977.jpg,Batik_Lasem/motifs (isen-isen)/Kricak_Watu Pecah/all_motifs (1004)/Kricak_00977.jpg,Kricak / Watu Pecah,Kricak_Watu Pecah,all_motifs (1004),Isen Cloth 1.jpg,Pesona Canting,2022,raw (crop),28 x 28,sRGB IEC61966-2.1,VJB
1841,Kricak_00978.jpg,Batik_Lasem/motifs (isen-isen)/Kricak_Watu Pecah/all_motifs (1004)/Kricak_00978.jpg,Kricak / Watu Pecah,Kricak_Watu Pecah,all_motifs (1004),Isen Cloth 1.jpg,Pesona Canting,2022,raw (crop),28 x 28,sRGB IEC61966-2.1,VJB
1845,Kricak_00982.jpg,Batik_Lasem/motifs (isen-isen)/Kricak_Watu Pecah/all_motifs (1004)/Kricak_00982.jpg,Kricak / Watu Pecah,Kricak_Watu Pecah,all_motifs (1004),Isen Cloth 1.jpg,Pesona Canting,2022,raw (crop),28 x 28,sRGB IEC61966-2.1,VJB
1849,Kricak_00986.jpg,Batik_Lasem/motifs (isen-isen)/Kricak_Watu Pecah/all_motifs (1004)/Kricak_00986.jpg,Kricak / Watu Pecah,Kricak_Watu Pecah,all_motifs (1004),Isen Cloth 1.jpg,Pesona Canting,2022,raw (crop),28 x 28,sRGB IEC61966-2.1,VJB
1852,Kricak_00989.jpg,Batik_Lasem/motifs (isen-isen)/Kricak_Watu Pecah/all_motifs (1004)/Kricak_00989.jpg,Kricak / Watu Pecah,Kricak_Watu Pecah,all_motifs (1004),Isen Cloth 1.jpg,Pesona Canting,2022,raw (crop),28 x 28,sRGB IEC61966-2.1,VJB
1853,Kricak_00990.jpg,Batik_Lasem/motifs (isen-isen)/Kricak_Watu Pecah/all_motifs (1004)/Kricak_00990.jpg,Kricak / Watu Pecah,Kricak_Watu Pecah,all_motifs (1004),Isen Cloth 1.jpg,Pesona Canting,2022,raw (crop),28 x 28,sRGB IEC61966-2.1,VJB
1855,Kricak_00992.jpg,Batik_Lasem/motifs (isen-isen)/Kricak_Watu Pecah/all_motifs (1004)/Kricak_00992.jpg,Kricak / Watu Pecah,Kricak_Watu Pecah,all_motifs (1004),Isen Cloth 1.jpg,Pesona Canting,2022,raw (crop),28 x 28,sRGB IEC61966-2.1,VJB
1856,Kricak_00993.jpg,Batik_Lasem/motifs (isen-isen)/Kricak_Watu Pecah/all_motifs (1004)/Kricak_00993.jpg,Kricak / Watu Pecah,Kricak_Watu Pecah,all_motifs (1004),Isen Cloth 1.jpg,Pesona Canting,2022,raw (crop),28 x 28,sRGB IEC61966-2.1,VJB
1857,Kricak_00994.jpg,Batik_Lasem/motifs (isen-isen)/Kricak_Watu Pecah/all_motifs (1004)/Kricak_00994.jpg,Kricak / Watu Pecah,Kricak_Watu Pecah,all_motifs (1004),Isen Cloth 1.jpg,Pesona Canting,2022,raw (crop),28 x 28,sRGB IEC61966-2.1,VJB
1858,Kricak_00995.jpg,Batik_Lasem/motifs (isen-isen)/Kricak_Watu Pecah/all_motifs (1004)/Kricak_00995.jpg,Kricak / Watu Pecah,Kricak_Watu Pecah,all_motifs (1004),Isen Cloth 1.jpg,Pesona Canting,2022,raw (crop),28 x 28,sRGB IEC61966-2.1,VJB
1860,Kricak_00997.jpg,Batik_Lasem/motifs (isen-isen)/Kricak_Watu Pecah/all_motifs (1004)/Kricak_00997.jpg,Kricak / Watu Pecah,Kricak_Watu Pecah,all_motifs (1004),Isen Cloth 1.jpg,Pesona Canting,2022,raw (crop),28 x 28,sRGB IEC61966-2.1,VJB
1861,Kricak_00998.jpg,Batik_Lasem/motifs (isen-isen)/Kricak_Watu Pecah/all_motifs (1004)/Kricak_00998.jpg,Kricak / Watu Pecah,Kricak_Watu Pecah,all_motifs (1004),Isen Cloth 1.jpg,Pesona Canting,2022,raw (crop),28 x 28,sRGB IEC61966-2.1,VJB
1862,Kricak_00999.jpg,Batik_Lasem/motifs (isen-isen)/Kricak_Watu Pecah/all_motifs (1004)/Kricak_00999.jpg,Kricak / Watu Pecah,Kricak_Watu Pecah,all_motifs (1004),Isen Cloth 1.jpg,Pesona Canting,2022,raw (crop),28 x 28,sRGB IEC61966-2.1,VJB
1864,Kricak_01001.jpg,Batik_Lasem/motifs (isen-isen)/Kricak_Watu Pecah/all_motifs (1004)/Kricak_01001.jpg,Kricak / Watu Pecah,Kricak_Watu Pecah,all_motifs (1004),Isen Cloth 1.jpg,Pesona Canting,2022,raw (crop),28 x 28,sRGB IEC61966-2.1,VJB
1865,Kricak_01002.jpg,Batik_Lasem/motifs (isen-isen)/Kricak_Watu Pecah/all_motifs (1004)/Kricak_01002.jpg,Kricak / Watu Pecah,Kricak_Watu Pecah,all_motifs (1004),Isen Cloth 1.jpg,Pesona Canting,2022,raw (crop),28 x 28,sRGB IEC61966-2.1,VJB
1866,Kricak_01003.jpg,Batik_Lasem/motifs (isen-isen)/Kricak_Watu Pecah/all_motifs (1004)/Kricak_01003.jpg,Kricak / Watu Pecah,Kricak_Watu Pecah,all_motifs (1004),Isen Cloth 1.jpg,Pesona Canting,2022,raw (crop),28 x 28,sRGB IEC61966-2.1,VJB
1869,Latohan_00002.jpg,Batik_Lasem/motifs (isen-isen)/Latohan/all_motifs (1373)/Latohan_00002.jpg,Latohan,Latohan,all_motifs (1373),Latohan with Chinese Letter.jpg,Sekar Kencana,2022,raw (crop),142 x 142,sRGB IEC61966-2.1,VJB
1873,Latohan_00006.jpg,Batik_Lasem/motifs (isen-isen)/Latohan/all_motifs (1373)/Latohan_00006.jpg,Latohan,Latohan,all_motifs (1373),Latohan and farmer.jpg,VJ Basiroen artwork,2022,raw (crop),142 x 142,sRGB IEC61966-2.1,VJB
1874,Latohan_00007.jpg,Batik_Lasem/motifs (isen-isen)/Latohan/all_motifs (1373)/Latohan_00007.jpg,Latohan,Latohan,all_motifs (1373),Latohan and farmer.jpg,VJ Basiroen artwork,2022,raw (crop),142 x 142,sRGB IEC61966-2.1,VJB
1876,Latohan_00009.jpg,Batik_Lasem/motifs (isen-isen)/Latohan/all_motifs (1373)/Latohan_00009.jpg,Latohan,Latohan,all_motifs (1373),Latohan and farmer.jpg,VJ Basiroen artwork,2022,raw (crop),142 x 142,sRGB IEC61966-2.1,VJB
1880,Latohan_00013.jpg,Batik_Lasem/motifs (isen-isen)/Latohan/all_motifs (1373)/Latohan_00013.jpg,Latohan,Latohan,all_motifs (1373),Latohan and farmer.jpg,VJ Basiroen artwork,2022,raw (crop),142 x 142,sRGB IEC61966-2.1,VJB
1881,Latohan_00014.jpg,Batik_Lasem/motifs (isen-isen)/Latohan/all_motifs (1373)/Latohan_00014.jpg,Latohan,Latohan,all_motifs (1373),Latohan and farmer.jpg,VJ Basiroen artwork,2022,raw (crop),142 x 142,sRGB IEC61966-2.1,VJB
1885,Latohan_00018.jpg,Batik_Lasem/motifs (isen-isen)/Latohan/all_motifs (1373)/Latohan_00018.jpg,Latohan,Latohan,all_motifs (1373),Latohan and farmer.jpg,VJ Basiroen artwork,2022,raw (crop),142 x 142,sRGB IEC61966-2.1,VJB
1888,Latohan_00021.jpg,Batik_Lasem/motifs (isen-isen)/Latohan/all_motifs (1373)/Latohan_00021.jpg,Latohan,Latohan,all_motifs (1373),Latohan and farmer.jpg,VJ Basiroen artwork,2022,raw (crop),142 x 142,sRGB IEC61966-2.1,VJB
1890,Latohan_00023.jpg,Batik_Lasem/motifs (isen-isen)/Latohan/all_motifs (1373)/Latohan_00023.jpg,Latohan,Latohan,all_motifs (1373),Latohan and farmer.jpg,VJ Basiroen artwork,2022,raw (crop),142 x 142,sRGB IEC61966-2.1,VJB
1891,Latohan_00024.jpg,Batik_Lasem/motifs (isen-isen)/Latohan/all_motifs (1373)/Latohan_00024.jpg,Latohan,Latohan,all_motifs (1373),Latohan and farmer.jpg,VJ Basiroen artwork,2022,raw (crop),142 x 142,sRGB IEC61966-2.1,VJB
1899,Latohan_00032.jpg,Batik_Lasem/motifs (isen-isen)/Latohan/all_motifs (1373)/Latohan_00032.jpg,Latohan,Latohan,all_motifs (1373),Latohan and farmer.jpg,VJ Basiroen artwork,2022,raw (crop),142 x 142,sRGB IEC61966-2.1,VJB
1902,Latohan_00035.jpg,Batik_Lasem/motifs (isen-isen)/Latohan/all_motifs (1373)/Latohan_00035.jpg,Latohan,Latohan,all_motifs (1373),Latohan and farmer.jpg,VJ Basiroen artwork,2022,raw (crop),142 x 142,sRGB IEC61966-2.1,VJB
1903,Latohan_00036.jpg,Batik_Lasem/motifs (isen-isen)/Latohan/all_motifs (1373)/Latohan_00036.jpg,Latohan,Latohan,all_motifs (1373),Latohan and farmer.jpg,VJ Basiroen artwork,2022,raw (crop),142 x 142,sRGB IEC61966-2.1,VJB
1904,Latohan_00037.jpg,Batik_Lasem/motifs (isen-isen)/Latohan/all_motifs (1373)/Latohan_00037.jpg,Latohan,Latohan,all_motifs (1373),Latohan with Chinese Letter.jpg,Sekar Kencana,2022,raw (crop),142 x 142,sRGB IEC61966-2.1,VJB
1905,Latohan_00038.jpg,Batik_Lasem/motifs (isen-isen)/Latohan/all_motifs (1373)/Latohan_00038.jpg,Latohan,Latohan,all_motifs (1373),Latohan and farmer.jpg,VJ Basiroen artwork,2022,raw (crop),142 x 142,sRGB IEC61966-2.1,VJB
1907,Latohan_00040.jpg,Batik_Lasem/motifs (isen-isen)/Latohan/all_motifs (1373)/Latohan_00040.jpg,Latohan,Latohan,all_motifs (1373),Latohan and farmer.jpg,VJ Basiroen artwork,2022,raw (crop),142 x 142,sRGB IEC61966-2.1,VJB
1909,Latohan_00042.jpg,Batik_Lasem/motifs (isen-isen)/Latohan/all_motifs (1373)/Latohan_00042.jpg,Latohan,Latohan,all_motifs (1373),Latohan and farmer.jpg,VJ Basiroen artwork,2022,raw (crop),142 x 142,sRGB IEC61966-2.1,VJB
1910,Latohan_00043.jpg,Batik_Lasem/motifs (isen-isen)/Latohan/all_motifs (1373)/Latohan_00043.jpg,Latohan,Latohan,all_motifs (1373),Latohan and farmer.jpg,VJ Basiroen artwork,2022,raw (crop),142 x 142,sRGB IEC61966-2.1,VJB
1912,Latohan_00045.jpg,Batik_Lasem/motifs (isen-isen)/Latohan/all_motifs (1373)/Latohan_00045.jpg,Latohan,Latohan,all_motifs (1373),Latohan and farmer.jpg,VJ Basiroen artwork,2022,raw (crop),142 x 142,sRGB IEC61966-2.1,VJB
1914,Latohan_00047.jpg,Batik_Lasem/motifs (isen-isen)/Latohan/all_motifs (1373)/Latohan_00047.jpg,Latohan,Latohan,all_motifs (1373),Latohan and farmer.jpg,VJ Basiroen artwork,2022,raw (crop),142 x 142,sRGB IEC61966-2.1,VJB
1917,Latohan_00050.jpg,Batik_Lasem/motifs (isen-isen)/Latohan/all_motifs (1373)/Latohan_00050.jpg,Latohan,Latohan,all_motifs (1373),Latohan and farmer.jpg,VJ Basiroen artwork,2022,raw (crop),142 x 142,sRGB IEC61966-2.1,VJB
1919,Latohan_00052.jpg,Batik_Lasem/motifs (isen-isen)/Latohan/all_motifs (1373)/Latohan_00052.jpg,Latohan,Latohan,all_motifs (1373),Latohan and farmer.jpg,VJ Basiroen artwork,2022,raw (crop),142 x 142,sRGB IEC61966-2.1,VJB
1922,Latohan_00055.jpg,Batik_Lasem/motifs (isen-isen)/Latohan/all_motifs (1373)/Latohan_00055.jpg,Latohan,Latohan,all_motifs (1373),Latohan and farmer.jpg,VJ Basiroen artwork,2022,raw (crop),142 x 142,sRGB IEC61966-2.1,VJB
1926,Latohan_00059.jpg,Batik_Lasem/motifs (isen-isen)/Latohan/all_motifs (1373)/Latohan_00059.jpg,Latohan,Latohan,all_motifs (1373),Latohan with Chinese Letter.jpg,Sekar Kencana,2022,raw (crop),142 x 142,sRGB IEC61966-2.1,VJB
1927,Latohan_00060.jpg,Batik_Lasem/motifs (isen-isen)/Latohan/all_motifs (1373)/Latohan_00060.jpg,Latohan,Latohan,all_motifs (1373),Latohan and farmer.jpg,VJ Basiroen artwork,2022,raw (crop),142 x 142,sRGB IEC61966-2.1,VJB
1929,Latohan_00062.jpg,Batik_Lasem/motifs (isen-isen)/Latohan/all_motifs (1373)/Latohan_00062.jpg,Latohan,Latohan,all_motifs (1373),Latohan and farmer.jpg,VJ Basiroen artwork,2022,raw (crop),142 x 142,sRGB IEC61966-2.1,VJB
1931,Latohan_00064.jpg,Batik_Lasem/motifs (isen-isen)/Latohan/all_motifs (1373)/Latohan_00064.jpg,Latohan,Latohan,all_motifs (1373),Latohan and farmer.jpg,VJ Basiroen artwork,2022,raw (crop),142 x 142,sRGB IEC61966-2.1,VJB
1934,Latohan_00067.jpg,Batik_Lasem/motifs (isen-isen)/Latohan/all_motifs (1373)/Latohan_00067.jpg,Latohan,Latohan,all_motifs (1373),Latohan and farmer.jpg,VJ Basiroen artwork,2022,raw (crop),142 x 142,sRGB IEC61966-2.1,VJB
1936,Latohan_00069.jpg,Batik_Lasem/motifs (isen-isen)/Latohan/all_motifs (1373)/Latohan_00069.jpg,Latohan,Latohan,all_motifs (1373),Latohan and farmer.jpg,VJ Basiroen artwork,2022,raw (crop),142 x 142,sRGB IEC61966-2.1,VJB
1938,Latohan_00071.jpg,Batik_Lasem/motifs (isen-isen)/Latohan/all_motifs (1373)/Latohan_00071.jpg,Latohan,Latohan,all_motifs (1373),Latohan and farmer.jpg,VJ Basiroen artwork,2022,raw (crop),142 x 142,sRGB IEC61966-2.1,VJB
1939,Latohan_00072.jpg,Batik_Lasem/motifs (isen-isen)/Latohan/all_motifs (1373)/Latohan_00072.jpg,Latohan,Latohan,all_motifs (1373),Latohan and farmer.jpg,VJ Basiroen artwork,2022,raw (crop),142 x 142,sRGB IEC61966-2.1,VJB
1940,Latohan_00073.jpg,Batik_Lasem/motifs (isen-isen)/Latohan/all_motifs (1373)/Latohan_00073.jpg,Latohan,Latohan,all_motifs (1373),Latohan and farmer.jpg,VJ Basiroen artwork,2022,raw (crop),142 x 142,sRGB IEC61966-2.1,VJB
1945,Latohan_00078.jpg,Batik_Lasem/motifs (isen-isen)/Latohan/all_motifs (1373)/Latohan_00078.jpg,Latohan,Latohan,all_motifs (1373),Latohan and farmer.jpg,VJ Basiroen artwork,2022,raw (crop),142 x 142,sRGB IEC61966-2.1,VJB
1946,Latohan_00079.jpg,Batik_Lasem/motifs (isen-isen)/Latohan/all_motifs (1373)/Latohan_00079.jpg,Latohan,Latohan,all_motifs (1373),Latohan and farmer.jpg,VJ Basiroen artwork,2022,raw (crop),142 x 142,sRGB IEC61966-2.1,VJB
1948,Latohan_00081.jpg,Batik_Lasem/motifs (isen-isen)/Latohan/all_motifs (1373)/Latohan_00081.jpg,Latohan,Latohan,all_motifs (1373),Latohan with Chinese Letter.jpg,Sekar Kencana,2022,raw (crop),142 x 142,sRGB IEC61966-2.1,VJB
1951,Latohan_00084.jpg,Batik_Lasem/motifs (isen-isen)/Latohan/all_motifs (1373)/Latohan_00084.jpg,Latohan,Latohan,all_motifs (1373),Latohan with chrysanthemum.jpg,Pusaka Beruang,2022,raw (crop),142 x 142,sRGB IEC61966-2.1,VJB
1952,Latohan_00085.jpg,Batik_Lasem/motifs (isen-isen)/Latohan/all_motifs (1373)/Latohan_00085.jpg,Latohan,Latohan,all_motifs (1373),Latohan with chrysanthemum.jpg,Pusaka Beruang,2022,raw (crop),142 x 142,sRGB IEC61966-2.1,VJB
1953,Latohan_00086.jpg,Batik_Lasem/motifs (isen-isen)/Latohan/all_motifs (1373)/Latohan_00086.jpg,Latohan,Latohan,all_motifs (1373),Latohan with chrysanthemum.jpg,Pusaka Beruang,2022,raw (crop),142 x 142,sRGB IEC61966-2.1,VJB
1955,Latohan_00088.jpg,Batik_Lasem/motifs (isen-isen)/Latohan/all_motifs (1373)/Latohan_00088.jpg,Latohan,Latohan,all_motifs (1373),Latohan with chrysanthemum.jpg,Pusaka Beruang,2022,raw (crop),142 x 142,sRGB IEC61966-2.1,VJB
1956,Latohan_00089.jpg,Batik_Lasem/motifs (isen-isen)/Latohan/all_motifs (1373)/Latohan_00089.jpg,Latohan,Latohan,all_motifs (1373),Latohan with chrysanthemum.jpg,Pusaka Beruang,2022,raw (crop),142 x 142,sRGB IEC61966-2.1,VJB
1957,Latohan_00090.jpg,Batik_Lasem/motifs (isen-isen)/Latohan/all_motifs (1373)/Latohan_00090.jpg,Latohan,Latohan,all_motifs (1373),Latohan with chrysanthemum.jpg,Pusaka Beruang,2022,raw (crop),142 x 142,sRGB IEC61966-2.1,VJB
1963,Latohan_00096.jpg,Batik_Lasem/motifs (isen-isen)/Latohan/all_motifs (1373)/Latohan_00096.jpg,Latohan,Latohan,all_motifs (1373),Latohan with chrysanthemum.jpg,Pusaka Beruang,2022,raw (crop),142 x 142,sRGB IEC61966-2.1,VJB
1964,Latohan_00097.jpg,Batik_Lasem/motifs (isen-isen)/Latohan/all_motifs (1373)/Latohan_00097.jpg,Latohan,Latohan,all_motifs (1373),Latohan with chrysanthemum.jpg,Pusaka Beruang,2022,raw (crop),142 x 142,sRGB IEC61966-2.1,VJB
1965,Latohan_00098.jpg,Batik_Lasem/motifs (isen-isen)/Latohan/all_motifs (1373)/Latohan_00098.jpg,Latohan,Latohan,all_motifs (1373),Latohan with chrysanthemum.jpg,Pusaka Beruang,2022,raw (crop),142 x 142,sRGB IEC61966-2.1,VJB
1966,Latohan_00099.jpg,Batik_Lasem/motifs (isen-isen)/Latohan/all_motifs (1373)/Latohan_00099.jpg,Latohan,Latohan,all_motifs (1373),Latohan with chrysanthemum.jpg,Pusaka Beruang,2022,raw (crop),142 x 142,sRGB IEC61966-2.1,VJB
1970,Latohan_00103.jpg,Batik_Lasem/motifs (isen-isen)/Latohan/all_motifs (1373)/Latohan_00103.jpg,Latohan,Latohan,all_motifs (1373),Latohan with Chinese Letter.jpg,Sekar Kencana,2022,raw (crop),142 x 142,sRGB IEC61966-2.1,VJB
1973,Latohan_00106.jpg,Batik_Lasem/motifs (isen-isen)/Latohan/all_motifs (1373)/Latohan_00106.jpg,Latohan,Latohan,all_motifs (1373),Latohan with chrysanthemum.jpg,Pusaka Beruang,2022,raw (crop),142 x 142,sRGB IEC61966-2.1,VJB
1975,Latohan_00108.jpg,Batik_Lasem/motifs (isen-isen)/Latohan/all_motifs (1373)/Latohan_00108.jpg,Latohan,Latohan,all_motifs (1373),Latohan with chrysanthemum.jpg,Pusaka Beruang,2022,raw (crop),142 x 142,sRGB IEC61966-2.1,VJB
1976,Latohan_00109.jpg,Batik_Lasem/motifs (isen-isen)/Latohan/all_motifs (1373)/Latohan_00109.jpg,Latohan,Latohan,all_motifs (1373),Latohan with chrysanthemum.jpg,Pusaka Beruang,2022,raw (crop),142 x 142,sRGB IEC61966-2.1,VJB
1978,Latohan_00111.jpg,Batik_Lasem/motifs (isen-isen)/Latohan/all_motifs (1373)/Latohan_00111.jpg,Latohan,Latohan,all_motifs (1373),Latohan with chrysanthemum.jpg,Pusaka Beruang,2022,raw (crop),142 x 142,sRGB IEC61966-2.1,VJB
1979,Latohan_00112.jpg,Batik_Lasem/motifs (isen-isen)/Latohan/all_motifs (1373)/Latohan_00112.jpg,Latohan,Latohan,all_motifs (1373),Latohan with chrysanthemum.jpg,Pusaka Beruang,2022,raw (crop),142 x 142,sRGB IEC61966-2.1,VJB
1980,Latohan_00113.jpg,Batik_Lasem/motifs (isen-isen)/Latohan/all_motifs (1373)/Latohan_00113.jpg,Latohan,Latohan,all_motifs (1373),Latohan with chrysanthemum.jpg,Pusaka Beruang,2022,raw (crop),142 x 142,sRGB IEC61966-2.1,VJB
1981,Latohan_00114.jpg,Batik_Lasem/motifs (isen-isen)/Latohan/all_motifs (1373)/Latohan_00114.jpg,Latohan,Latohan,all_motifs (1373),Latohan with Chinese Letter.jpg,Sekar Kencana,2022,raw (crop),142 x 142,sRGB IEC61966-2.1,VJB
1982,Latohan_00115.jpg,Batik_Lasem/motifs (isen-isen)/Latohan/all_motifs (1373)/Latohan_00115.jpg,Latohan,Latohan,all_motifs (1373),Latohan with Chinese Letter.jpg,Sekar Kencana,2022,raw (crop),142 x 142,sRGB IEC61966-2.1,VJB
1986,Latohan_00119.jpg,Batik_Lasem/motifs (isen-isen)/Latohan/all_motifs (1373)/Latohan_00119.jpg,Latohan,Latohan,all_motifs (1373),Latohan with chrysanthemum.jpg,Pusaka Beruang,2022,raw (crop),142 x 142,sRGB IEC61966-2.1,VJB
1988,Latohan_00121.jpg,Batik_Lasem/motifs (isen-isen)/Latohan/all_motifs (1373)/Latohan_00121.jpg,Latohan,Latohan,all_motifs (1373),Latohan with chrysanthemum.jpg,Pusaka Beruang,2022,raw (crop),142 x 142,sRGB IEC61966-2.1,VJB
1989,Latohan_00122.jpg,Batik_Lasem/motifs (isen-isen)/Latohan/all_motifs (1373)/Latohan_00122.jpg,Latohan,Latohan,all_motifs (1373),Latohan with chrysanthemum.jpg,Pusaka Beruang,2022,raw (crop),142 x 142,sRGB IEC61966-2.1,VJB
1990,Latohan_00123.jpg,Batik_Lasem/motifs (isen-isen)/Latohan/all_motifs (1373)/Latohan_00123.jpg,Latohan,Latohan,all_motifs (1373),Latohan with chrysanthemum.jpg,Pusaka Beruang,2022,raw (crop),142 x 142,sRGB IEC61966-2.1,VJB
1995,Latohan_00128.jpg,Batik_Lasem/motifs (isen-isen)/Latohan/all_motifs (1373)/Latohan_00128.jpg,Latohan,Latohan,all_motifs (1373),Latohan with chrysanthemum.jpg,Pusaka Beruang,2022,raw (crop),142 x 142,sRGB IEC61966-2.1,VJB
1996,Latohan_00129.jpg,Batik_Lasem/motifs (isen-isen)/Latohan/all_motifs (1373)/Latohan_00129.jpg,Latohan,Latohan,all_motifs (1373),Latohan with chrysanthemum.jpg,Pusaka Beruang,2022,raw (crop),142 x 142,sRGB IEC61966-2.1,VJB
1998,Latohan_00131.jpg,Batik_Lasem/motifs (isen-isen)/Latohan/all_motifs (1373)/Latohan_00131.jpg,Latohan,Latohan,all_motifs (1373),Latohan with chrysanthemum.jpg,Pusaka Beruang,2022,raw (crop),142 x 142,sRGB IEC61966-2.1,VJB
1999,Latohan_00132.jpg,Batik_Lasem/motifs (isen-isen)/Latohan/all_motifs (1373)/Latohan_00132.jpg,Latohan,Latohan,all_motifs (1373),Latohan with chrysanthemum.jpg,Pusaka Beruang,2022,raw (crop),142 x 142,sRGB IEC61966-2.1,VJB
2000,Latohan_00133.jpg,Batik_Lasem/motifs (isen-isen)/Latohan/all_motifs (1373)/Latohan_00133.jpg,Latohan,Latohan,all_motifs (1373),Latohan with chrysanthemum.jpg,Pusaka Beruang,2022,raw (crop),142 x 142,sRGB IEC61966-2.1,VJB
2001,Latohan_00134.jpg,Batik_Lasem/motifs (isen-isen)/Latohan/all_motifs (1373)/Latohan_00134.jpg,Latohan,Latohan,all_motifs (1373),Latohan with chrysanthemum.jpg,Pusaka Beruang,2022,raw (crop),142 x 142,sRGB IEC61966-2.1,VJB
2003,Latohan_00136.jpg,Batik_Lasem/motifs (isen-isen)/Latohan/all_motifs (1373)/Latohan_00136.jpg,Latohan,Latohan,all_motifs (1373),Latohan with Chinese Letter.jpg,Sekar Kencana,2022,raw (crop),142 x 142,sRGB IEC61966-2.1,VJB
2006,Latohan_00139.jpg,Batik_Lasem/motifs (isen-isen)/Latohan/all_motifs (1373)/Latohan_00139.jpg,Latohan,Latohan,all_motifs (1373),Latohan with Chinese Letter.jpg,Sekar Kencana,2022,raw (crop),142 x 142,sRGB IEC61966-2.1,VJB
2007,Latohan_00140.jpg,Batik_Lasem/motifs (isen-isen)/Latohan/all_motifs (1373)/Latohan_00140.jpg,Latohan,Latohan,all_motifs (1373),Latohan with Chinese Letter.jpg,Sekar Kencana,2022,raw (crop),142 x 142,sRGB IEC61966-2.1,VJB
2009,Latohan_00142.jpg,Batik_Lasem/motifs (isen-isen)/Latohan/all_motifs (1373)/Latohan_00142.jpg,Latohan,Latohan,all_motifs (1373),Latohan with Chinese Letter.jpg,Sekar Kencana,2022,raw (crop),142 x 142,sRGB IEC61966-2.1,VJB
2011,Latohan_00144.jpg,Batik_Lasem/motifs (isen-isen)/Latohan/all_motifs (1373)/Latohan_00144.jpg,Latohan,Latohan,all_motifs (1373),Latohan with Chinese Letter.jpg,Sekar Kencana,2022,raw (crop),142 x 142,sRGB IEC61966-2.1,VJB
2012,Latohan_00145.jpg,Batik_Lasem/motifs (isen-isen)/Latohan/all_motifs (1373)/Latohan_00145.jpg,Latohan,Latohan,all_motifs (1373),Latohan with Chinese Letter.jpg,Sekar Kencana,2022,raw (crop),142 x 142,sRGB IEC61966-2.1,VJB
2015,Latohan_00148.jpg,Batik_Lasem/motifs (isen-isen)/Latohan/all_motifs (1373)/Latohan_00148.jpg,Latohan,Latohan,all_motifs (1373),Latohan with Chinese Letter.jpg,Sekar Kencana,2022,raw (crop),142 x 142,sRGB IEC61966-2.1,VJB
2016,Latohan_00149.jpg,Batik_Lasem/motifs (isen-isen)/Latohan/all_motifs (1373)/Latohan_00149.jpg,Latohan,Latohan,all_motifs (1373),Latohan with Chinese Letter.jpg,Sekar Kencana,2022,raw (crop),142 x 142,sRGB IEC61966-2.1,VJB
2017,Latohan_00150.jpg,Batik_Lasem/motifs (isen-isen)/Latohan/all_motifs (1373)/Latohan_00150.jpg,Latohan,Latohan,all_motifs (1373),Latohan with Chinese Letter.jpg,Sekar Kencana,2022,raw (crop),142 x 142,sRGB IEC61966-2.1,VJB
2018,Latohan_00151.jpg,Batik_Lasem/motifs (isen-isen)/Latohan/all_motifs (1373)/Latohan_00151.jpg,Latohan,Latohan,all_motifs (1373),Latohan with Chinese Letter.jpg,Sekar Kencana,2022,raw (crop),142 x 142,sRGB IEC61966-2.1,VJB
2019,Latohan_00152.jpg,Batik_Lasem/motifs (isen-isen)/Latohan/all_motifs (1373)/Latohan_00152.jpg,Latohan,Latohan,all_motifs (1373),Latohan with Chinese Letter.jpg,Sekar Kencana,2022,raw (crop),142 x 142,sRGB IEC61966-2.1,VJB
2021,Latohan_00154.jpg,Batik_Lasem/motifs (isen-isen)/Latohan/all_motifs (1373)/Latohan_00154.jpg,Latohan,Latohan,all_motifs (1373),Latohan with Chinese Letter.jpg,Sekar Kencana,2022,raw (crop),142 x 142,sRGB IEC61966-2.1,VJB
2023,Latohan_00156.jpg,Batik_Lasem/motifs (isen-isen)/Latohan/all_motifs (1373)/Latohan_00156.jpg,Latohan,Latohan,all_motifs (1373),Latohan with Chinese Letter.jpg,Sekar Kencana,2022,raw (crop),142 x 142,sRGB IEC61966-2.1,VJB
2026,Latohan_00159.jpg,Batik_Lasem/motifs (isen-isen)/Latohan/all_motifs (1373)/Latohan_00159.jpg,Latohan,Latohan,all_motifs (1373),Latohan with Chinese Letter.jpg,Sekar Kencana,2022,raw (crop),142 x 142,sRGB IEC61966-2.1,VJB
2027,Latohan_00160.jpg,Batik_Lasem/motifs (isen-isen)/Latohan/all_motifs (1373)/Latohan_00160.jpg,Latohan,Latohan,all_motifs (1373),Latohan with Chinese Letter.jpg,Sekar Kencana,2022,raw (crop),142 x 142,sRGB IEC61966-2.1,VJB
2028,Latohan_00161.jpg,Batik_Lasem/motifs (isen-isen)/Latohan/all_motifs (1373)/Latohan_00161.jpg,Latohan,Latohan,all_motifs (1373),Latohan with Chinese Letter.jpg,Sekar Kencana,2022,raw (crop),142 x 142,sRGB IEC61966-2.1,VJB
2030,Latohan_00163.jpg,Batik_Lasem/motifs (isen-isen)/Latohan/all_motifs (1373)/Latohan_00163.jpg,Latohan,Latohan,all_motifs (1373),Latohan with Chinese Letter.jpg,Sekar Kencana,2022,raw (crop),142 x 142,sRGB IEC61966-2.1,VJB
2032,Latohan_00165.jpg,Batik_Lasem/motifs (isen-isen)/Latohan/all_motifs (1373)/Latohan_00165.jpg,Latohan,Latohan,all_motifs (1373),Latohan with Chinese Letter.jpg,Sekar Kencana,2022,raw (crop),142 x 142,sRGB IEC61966-2.1,VJB
2033,Latohan_00166.jpg,Batik_Lasem/motifs (isen-isen)/Latohan/all_motifs (1373)/Latohan_00166.jpg,Latohan,Latohan,all_motifs (1373),Latohan with Chinese Letter.jpg,Sekar Kencana,2022,raw (crop),142 x 142,sRGB IEC61966-2.1,VJB
2034,Latohan_00167.jpg,Batik_Lasem/motifs (isen-isen)/Latohan/all_motifs (1373)/Latohan_00167.jpg,Latohan,Latohan,all_motifs (1373),Latohan with Chinese Letter.jpg,Sekar Kencana,2022,raw (crop),142 x 142,sRGB IEC61966-2.1,VJB
2035,Latohan_00168.jpg,Batik_Lasem/motifs (isen-isen)/Latohan/all_motifs (1373)/Latohan_00168.jpg,Latohan,Latohan,all_motifs (1373),Latohan with Chinese Letter.jpg,Sekar Kencana,2022,raw (crop),142 x 142,sRGB IEC61966-2.1,VJB
2038,Latohan_00171.jpg,Batik_Lasem/motifs (isen-isen)/Latohan/all_motifs (1373)/Latohan_00171.jpg,Latohan,Latohan,all_motifs (1373),Latohan with Chinese Letter.jpg,Sekar Kencana,2022,raw (crop),142 x 142,sRGB IEC61966-2.1,VJB
2039,Latohan_00172.jpg,Batik_Lasem/motifs (isen-isen)/Latohan/all_motifs (1373)/Latohan_00172.jpg,Latohan,Latohan,all_motifs (1373),Latohan with Chinese Letter.jpg,Sekar Kencana,2022,raw (crop),142 x 142,sRGB IEC61966-2.1,VJB
2040,Latohan_00173.jpg,Batik_Lasem/motifs (isen-isen)/Latohan/all_motifs (1373)/Latohan_00173.jpg,Latohan,Latohan,all_motifs (1373),Latohan with Chinese Letter.jpg,Sekar Kencana,2022,raw (crop),142 x 142,sRGB IEC61966-2.1,VJB
2041,Latohan_00174.jpg,Batik_Lasem/motifs (isen-isen)/Latohan/all_motifs (1373)/Latohan_00174.jpg,Latohan,Latohan,all_motifs (1373),Pagi-Sore Temple and Bamboo.jpg,Pesona Canting,2022,raw (crop),142 x 142,sRGB IEC61966-2.1,VJB
2042,Latohan_00175.jpg,Batik_Lasem/motifs (isen-isen)/Latohan/all_motifs (1373)/Latohan_00175.jpg,Latohan,Latohan,all_motifs (1373),Latohan with Chinese Letter.jpg,Sekar Kencana,2022,raw (crop),142 x 142,sRGB IEC61966-2.1,VJB
2044,Latohan_00177.jpg,Batik_Lasem/motifs (isen-isen)/Latohan/all_motifs (1373)/Latohan_00177.jpg,Latohan,Latohan,all_motifs (1373),Latohan with Chinese Letter.jpg,Sekar Kencana,2022,raw (crop),142 x 142,sRGB IEC61966-2.1,VJB
2046,Latohan_00179.jpg,Batik_Lasem/motifs (isen-isen)/Latohan/all_motifs (1373)/Latohan_00179.jpg,Latohan,Latohan,all_motifs (1373),Latohan with Chinese Letter.jpg,Sekar Kencana,2022,raw (crop),142 x 142,sRGB IEC61966-2.1,VJB
2049,Latohan_00182.jpg,Batik_Lasem/motifs (isen-isen)/Latohan/all_motifs (1373)/Latohan_00182.jpg,Latohan,Latohan,all_motifs (1373),Latohan with Chinese Letter.jpg,Sekar Kencana,2022,raw (crop),142 x 142,sRGB IEC61966-2.1,VJB
2050,Latohan_00183.jpg,Batik_Lasem/motifs (isen-isen)/Latohan/all_motifs (1373)/Latohan_00183.jpg,Latohan,Latohan,all_motifs (1373),Latohan with Chinese Letter.jpg,Sekar Kencana,2022,raw (crop),142 x 142,sRGB IEC61966-2.1,VJB
2051,Latohan_00184.jpg,Batik_Lasem/motifs (isen-isen)/Latohan/all_motifs (1373)/Latohan_00184.jpg,Latohan,Latohan,all_motifs (1373),Cap Go Meh with Pagi-Sore Background.jpg,Pesona Canting,2022,raw (crop),142 x 142,sRGB IEC61966-2.1,VJB
2052,Latohan_00185.jpg,Batik_Lasem/motifs (isen-isen)/Latohan/all_motifs (1373)/Latohan_00185.jpg,Latohan,Latohan,all_motifs (1373),Latohan with Chinese Letter.jpg,Sekar Kencana,2022,raw (crop),142 x 142,sRGB IEC61966-2.1,VJB
2054,Latohan_00187.jpg,Batik_Lasem/motifs (isen-isen)/Latohan/all_motifs (1373)/Latohan_00187.jpg,Latohan,Latohan,all_motifs (1373),Latohan with Chinese Letter.jpg,Sekar Kencana,2022,raw (crop),142 x 142,sRGB IEC61966-2.1,VJB
2056,Latohan_00189.jpg,Batik_Lasem/motifs (isen-isen)/Latohan/all_motifs (1373)/Latohan_00189.jpg,Latohan,Latohan,all_motifs (1373),Pagi-Sore Temple and Bamboo.jpg,Pesona Canting,2022,raw (crop),142 x 142,sRGB IEC61966-2.1,VJB
2058,Latohan_00191.jpg,Batik_Lasem/motifs (isen-isen)/Latohan/all_motifs (1373)/Latohan_00191.jpg,Latohan,Latohan,all_motifs (1373),Cap Go Meh with Pagi-Sore Background.jpg,Pesona Canting,2022,raw (crop),142 x 142,sRGB IEC61966-2.1,VJB
2059,Latohan_00192.jpg,Batik_Lasem/motifs (isen-isen)/Latohan/all_motifs (1373)/Latohan_00192.jpg,Latohan,Latohan,all_motifs (1373),Latohan with Chinese Letter.jpg,Sekar Kencana,2022,raw (crop),142 x 142,sRGB IEC61966-2.1,VJB
2061,Latohan_00194.jpg,Batik_Lasem/motifs (isen-isen)/Latohan/all_motifs (1373)/Latohan_00194.jpg,Latohan,Latohan,all_motifs (1373),Cap Go Meh with Pagi-Sore Background.jpg,Pesona Canting,2022,raw (crop),142 x 142,sRGB IEC61966-2.1,VJB
2065,Latohan_00198.jpg,Batik_Lasem/motifs (isen-isen)/Latohan/all_motifs (1373)/Latohan_00198.jpg,Latohan,Latohan,all_motifs (1373),Pagi-Sore Temple and Bamboo.jpg,Pesona Canting,2022,raw (crop),142 x 142,sRGB IEC61966-2.1,VJB
2071,Latohan_00204.jpg,Batik_Lasem/motifs (isen-isen)/Latohan/all_motifs (1373)/Latohan_00204.jpg,Latohan,Latohan,all_motifs (1373),Pagi-Sore Temple and Bamboo.jpg,Pesona Canting,2022,raw (crop),142 x 142,sRGB IEC61966-2.1,VJB
2073,Latohan_00206.jpg,Batik_Lasem/motifs (isen-isen)/Latohan/all_motifs (1373)/Latohan_00206.jpg,Latohan,Latohan,all_motifs (1373),Pagi-Sore Temple and Bamboo.jpg,Pesona Canting,2022,raw (crop),142 x 142,sRGB IEC61966-2.1,VJB
2076,Latohan_00209.jpg,Batik_Lasem/motifs (isen-isen)/Latohan/all_motifs (1373)/Latohan_00209.jpg,Latohan,Latohan,all_motifs (1373),Cap Go Meh with Pagi-Sore Background.jpg,Pesona Canting,2022,raw (crop),142 x 142,sRGB IEC61966-2.1,VJB
2077,Latohan_00210.jpg,Batik_Lasem/motifs (isen-isen)/Latohan/all_motifs (1373)/Latohan_00210.jpg,Latohan,Latohan,all_motifs (1373),Pagi-Sore Temple and Bamboo.jpg,Pesona Canting,2022,raw (crop),142 x 142,sRGB IEC61966-2.1,VJB
2078,Latohan_00211.jpg,Batik_Lasem/motifs (isen-isen)/Latohan/all_motifs (1373)/Latohan_00211.jpg,Latohan,Latohan,all_motifs (1373),Pagi-Sore Temple and Bamboo.jpg,Pesona Canting,2022,raw (crop),142 x 142,sRGB IEC61966-2.1,VJB
2079,Latohan_00212.jpg,Batik_Lasem/motifs (isen-isen)/Latohan/all_motifs (1373)/Latohan_00212.jpg,Latohan,Latohan,all_motifs (1373),Pagi-Sore Temple and Bamboo.jpg,Pesona Canting,2022,raw (crop),142 x 142,sRGB IEC61966-2.1,VJB
2083,Latohan_00216.jpg,Batik_Lasem/motifs (isen-isen)/Latohan/all_motifs (1373)/Latohan_00216.jpg,Latohan,Latohan,all_motifs (1373),Pagi-Sore Temple and Bamboo.jpg,Pesona Canting,2022,raw (crop),142 x 142,sRGB IEC61966-2.1,VJB
2084,Latohan_00217.jpg,Batik_Lasem/motifs (isen-isen)/Latohan/all_motifs (1373)/Latohan_00217.jpg,Latohan,Latohan,all_motifs (1373),Pagi-Sore Temple and Bamboo.jpg,Pesona Canting,2022,raw (crop),142 x 142,sRGB IEC61966-2.1,VJB
2085,Latohan_00218.jpg,Batik_Lasem/motifs (isen-isen)/Latohan/all_motifs (1373)/Latohan_00218.jpg,Latohan,Latohan,all_motifs (1373),Cap Go Meh with Pagi-Sore Background.jpg,Pesona Canting,2022,raw (crop),142 x 142,sRGB IEC61966-2.1,VJB
2086,Latohan_00219.jpg,Batik_Lasem/motifs (isen-isen)/Latohan/all_motifs (1373)/Latohan_00219.jpg,Latohan,Latohan,all_motifs (1373),Cap Go Meh with Pagi-Sore Background.jpg,Pesona Canting,2022,raw (crop),142 x 142,sRGB IEC61966-2.1,VJB
2090,Latohan_00223.jpg,Batik_Lasem/motifs (isen-isen)/Latohan/all_motifs (1373)/Latohan_00223.jpg,Latohan,Latohan,all_motifs (1373),Cap Go Meh with Pagi-Sore Background.jpg,Pesona Canting,2022,raw (crop),142 x 142,sRGB IEC61966-2.1,VJB
2093,Latohan_00226.jpg,Batik_Lasem/motifs (isen-isen)/Latohan/all_motifs (1373)/Latohan_00226.jpg,Latohan,Latohan,all_motifs (1373),Latohan with Chinese Letter.jpg,Sekar Kencana,2022,raw (crop),142 x 142,sRGB IEC61966-2.1,VJB
2095,Latohan_00228.jpg,Batik_Lasem/motifs (isen-isen)/Latohan/all_motifs (1373)/Latohan_00228.jpg,Latohan,Latohan,all_motifs (1373),Latohan with Chinese Letter.jpg,Sekar Kencana,2022,raw (crop),142 x 142,sRGB IEC61966-2.1,VJB
2096,Latohan_00229.jpg,Batik_Lasem/motifs (isen-isen)/Latohan/all_motifs (1373)/Latohan_00229.jpg,Latohan,Latohan,all_motifs (1373),Latohan with Chinese Letter.jpg,Sekar Kencana,2022,raw (crop),142 x 142,sRGB IEC61966-2.1,VJB
2097,Latohan_00230.jpg,Batik_Lasem/motifs (isen-isen)/Latohan/all_motifs (1373)/Latohan_00230.jpg,Latohan,Latohan,all_motifs (1373),Latohan with Chinese Letter.jpg,Sekar Kencana,2022,raw (crop),142 x 142,sRGB IEC61966-2.1,VJB
2098,Latohan_00231.jpg,Batik_Lasem/motifs (isen-isen)/Latohan/all_motifs (1373)/Latohan_00231.jpg,Latohan,Latohan,all_motifs (1373),Latohan with Chinese Letter.jpg,Sekar Kencana,2022,raw (crop),142 x 142,sRGB IEC61966-2.1,VJB
2099,Latohan_00232.jpg,Batik_Lasem/motifs (isen-isen)/Latohan/all_motifs (1373)/Latohan_00232.jpg,Latohan,Latohan,all_motifs (1373),Latohan with Chinese Letter.jpg,Sekar Kencana,2022,raw (crop),142 x 142,sRGB IEC61966-2.1,VJB
2102,Latohan_00235.jpg,Batik_Lasem/motifs (isen-isen)/Latohan/all_motifs (1373)/Latohan_00235.jpg,Latohan,Latohan,all_motifs (1373),Latohan with Chinese Letter.jpg,Sekar Kencana,2022,raw (crop),142 x 142,sRGB IEC61966-2.1,VJB
2103,Latohan_00236.jpg,Batik_Lasem/motifs (isen-isen)/Latohan/all_motifs (1373)/Latohan_00236.jpg,Latohan,Latohan,all_motifs (1373),Pagi-Sore Temple and Bamboo.jpg,Pesona Canting,2022,raw (crop),142 x 142,sRGB IEC61966-2.1,VJB
2104,Latohan_00237.jpg,Batik_Lasem/motifs (isen-isen)/Latohan/all_motifs (1373)/Latohan_00237.jpg,Latohan,Latohan,all_motifs (1373),Pagi-Sore Temple and Bamboo.jpg,Pesona Canting,2022,raw (crop),142 x 142,sRGB IEC61966-2.1,VJB
2105,Latohan_00238.jpg,Batik_Lasem/motifs (isen-isen)/Latohan/all_motifs (1373)/Latohan_00238.jpg,Latohan,Latohan,all_motifs (1373),Latohan with Chinese Letter.jpg,Sekar Kencana,2022,raw (crop),142 x 142,sRGB IEC61966-2.1,VJB
2109,Latohan_00242.jpg,Batik_Lasem/motifs (isen-isen)/Latohan/all_motifs (1373)/Latohan_00242.jpg,Latohan,Latohan,all_motifs (1373),Pagi-Sore Temple and Bamboo.jpg,Pesona Canting,2022,raw (crop),142 x 142,sRGB IEC61966-2.1,VJB
2115,Latohan_00248.jpg,Batik_Lasem/motifs (isen-isen)/Latohan/all_motifs (1373)/Latohan_00248.jpg,Latohan,Latohan,all_motifs (1373),Latohan with Chinese Letter.jpg,Sekar Kencana,2022,raw (crop),142 x 142,sRGB IEC61966-2.1,VJB
2117,Latohan_00250.jpg,Batik_Lasem/motifs (isen-isen)/Latohan/all_motifs (1373)/Latohan_00250.jpg,Latohan,Latohan,all_motifs (1373),Latohan with Chinese Letter.jpg,Sekar Kencana,2022,raw (crop),142 x 142,sRGB IEC61966-2.1,VJB
2118,Latohan_00251.jpg,Batik_Lasem/motifs (isen-isen)/Latohan/all_motifs (1373)/Latohan_00251.jpg,Latohan,Latohan,all_motifs (1373),Pagi-Sore Temple and Bamboo.jpg,Pesona Canting,2022,raw (crop),142 x 142,sRGB IEC61966-2.1,VJB
2120,Latohan_00253.jpg,Batik_Lasem/motifs (isen-isen)/Latohan/all_motifs (1373)/Latohan_00253.jpg,Latohan,Latohan,all_motifs (1373),Pagi-Sore Temple and Bamboo.jpg,Pesona Canting,2022,raw (crop),142 x 142,sRGB IEC61966-2.1,VJB
2122,Latohan_00255.jpg,Batik_Lasem/motifs (isen-isen)/Latohan/all_motifs (1373)/Latohan_00255.jpg,Latohan,Latohan,all_motifs (1373),Pagi-Sore Temple and Bamboo.jpg,Pesona Canting,2022,raw (crop),142 x 142,sRGB IEC61966-2.1,VJB
2124,Latohan_00257.jpg,Batik_Lasem/motifs (isen-isen)/Latohan/all_motifs (1373)/Latohan_00257.jpg,Latohan,Latohan,all_motifs (1373),Pagi-Sore Temple and Bamboo.jpg,Pesona Canting,2022,raw (crop),142 x 142,sRGB IEC61966-2.1,VJB
2125,Latohan_00258.jpg,Batik_Lasem/motifs (isen-isen)/Latohan/all_motifs (1373)/Latohan_00258.jpg,Latohan,Latohan,all_motifs (1373),Latohan with Chinese Letter.jpg,Sekar Kencana,2022,raw (crop),142 x 142,sRGB IEC61966-2.1,VJB
2126,Latohan_00259.jpg,Batik_Lasem/motifs (isen-isen)/Latohan/all_motifs (1373)/Latohan_00259.jpg,Latohan,Latohan,all_motifs (1373),Latohan with Chinese Letter.jpg,Sekar Kencana,2022,raw (crop),142 x 142,sRGB IEC61966-2.1,VJB
2130,Latohan_00263.jpg,Batik_Lasem/motifs (isen-isen)/Latohan/all_motifs (1373)/Latohan_00263.jpg,Latohan,Latohan,all_motifs (1373),Isen Cloth 5.jpg,KUB Srikandi,2022,raw (crop),28 x 28,sRGB IEC61966-2.1,VJB
2133,Latohan_00266.jpg,Batik_Lasem/motifs (isen-isen)/Latohan/all_motifs (1373)/Latohan_00266.jpg,Latohan,Latohan,all_motifs (1373),Isen Cloth 5.jpg,KUB Srikandi,2022,raw (crop),28 x 28,sRGB IEC61966-2.1,VJB
2136,Latohan_00269.jpg,Batik_Lasem/motifs (isen-isen)/Latohan/all_motifs (1373)/Latohan_00269.jpg,Latohan,Latohan,all_motifs (1373),Isen Cloth 5.jpg,KUB Srikandi,2022,raw (crop),142 x 142,sRGB IEC61966-2.1,VJB
2137,Latohan_00270.jpg,Batik_Lasem/motifs (isen-isen)/Latohan/all_motifs (1373)/Latohan_00270.jpg,Latohan,Latohan,all_motifs (1373),Isen Cloth 5.jpg,KUB Srikandi,2022,raw (crop),28 x 28,sRGB IEC61966-2.1,VJB
2140,Latohan_00273.jpg,Batik_Lasem/motifs (isen-isen)/Latohan/all_motifs (1373)/Latohan_00273.jpg,Latohan,Latohan,all_motifs (1373),Isen Cloth 5.jpg,KUB Srikandi,2022,raw (crop),28 x 28,sRGB IEC61966-2.1,VJB
2141,Latohan_00274.jpg,Batik_Lasem/motifs (isen-isen)/Latohan/all_motifs (1373)/Latohan_00274.jpg,Latohan,Latohan,all_motifs (1373),Isen Cloth 5.jpg,KUB Srikandi,2022,raw (crop),28 x 28,sRGB IEC61966-2.1,VJB
2143,Latohan_00276.jpg,Batik_Lasem/motifs (isen-isen)/Latohan/all_motifs (1373)/Latohan_00276.jpg,Latohan,Latohan,all_motifs (1373),Isen Cloth 5.jpg,KUB Srikandi,2022,raw (crop),28 x 28,sRGB IEC61966-2.1,VJB
2144,Latohan_00277.jpg,Batik_Lasem/motifs (isen-isen)/Latohan/all_motifs (1373)/Latohan_00277.jpg,Latohan,Latohan,all_motifs (1373),Isen Cloth 5.jpg,KUB Srikandi,2022,raw (crop),28 x 28,sRGB IEC61966-2.1,VJB
2145,Latohan_00278.jpg,Batik_Lasem/motifs (isen-isen)/Latohan/all_motifs (1373)/Latohan_00278.jpg,Latohan,Latohan,all_motifs (1373),Isen Cloth 5.jpg,KUB Srikandi,2022,raw (crop),28 x 28,sRGB IEC61966-2.1,VJB
2149,Latohan_00282.jpg,Batik_Lasem/motifs (isen-isen)/Latohan/all_motifs (1373)/Latohan_00282.jpg,Latohan,Latohan,all_motifs (1373),Isen Cloth 5.jpg,KUB Srikandi,2022,raw (crop),28 x 28,sRGB IEC61966-2.1,VJB
2151,Latohan_00284.jpg,Batik_Lasem/motifs (isen-isen)/Latohan/all_motifs (1373)/Latohan_00284.jpg,Latohan,Latohan,all_motifs (1373),Isen Cloth 5.jpg,KUB Srikandi,2022,raw (crop),28 x 28,sRGB IEC61966-2.1,VJB
2153,Latohan_00286.jpg,Batik_Lasem/motifs (isen-isen)/Latohan/all_motifs (1373)/Latohan_00286.jpg,Latohan,Latohan,all_motifs (1373),Isen Cloth 5.jpg,KUB Srikandi,2022,raw (crop),28 x 28,sRGB IEC61966-2.1,VJB
2154,Latohan_00287.jpg,Batik_Lasem/motifs (isen-isen)/Latohan/all_motifs (1373)/Latohan_00287.jpg,Latohan,Latohan,all_motifs (1373),Isen Cloth 5.jpg,KUB Srikandi,2022,raw (crop),28 x 28,sRGB IEC61966-2.1,VJB
2155,Latohan_00288.jpg,Batik_Lasem/motifs (isen-isen)/Latohan/all_motifs (1373)/Latohan_00288.jpg,Latohan,Latohan,all_motifs (1373),Isen Cloth 5.jpg,KUB Srikandi,2022,raw (crop),28 x 28,sRGB IEC61966-2.1,VJB
2156,Latohan_00289.jpg,Batik_Lasem/motifs (isen-isen)/Latohan/all_motifs (1373)/Latohan_00289.jpg,Latohan,Latohan,all_motifs (1373),Isen Cloth 5.jpg,KUB Srikandi,2022,raw (crop),28 x 28,sRGB IEC61966-2.1,VJB
2158,Latohan_00291.jpg,Batik_Lasem/motifs (isen-isen)/Latohan/all_motifs (1373)/Latohan_00291.jpg,Latohan,Latohan,all_motifs (1373),Latohan with Chinese Letter.jpg,Sekar Kencana,2022,raw (crop),142 x 142,sRGB IEC61966-2.1,VJB
2159,Latohan_00292.jpg,Batik_Lasem/motifs (isen-isen)/Latohan/all_motifs (1373)/Latohan_00292.jpg,Latohan,Latohan,all_motifs (1373),Latohan and farmer.jpg,VJ Basiroen artwork,2022,raw (crop),28 x 28,sRGB IEC61966-2.1,VJB
2160,Latohan_00293.jpg,Batik_Lasem/motifs (isen-isen)/Latohan/all_motifs (1373)/Latohan_00293.jpg,Latohan,Latohan,all_motifs (1373),Latohan and farmer.jpg,VJ Basiroen artwork,2022,raw (crop),28 x 28,sRGB IEC61966-2.1,VJB
2161,Latohan_00294.jpg,Batik_Lasem/motifs (isen-isen)/Latohan/all_motifs (1373)/Latohan_00294.jpg,Latohan,Latohan,all_motifs (1373),Latohan and farmer.jpg,VJ Basiroen artwork,2022,raw (crop),28 x 28,sRGB IEC61966-2.1,VJB
2163,Latohan_00296.jpg,Batik_Lasem/motifs (isen-isen)/Latohan/all_motifs (1373)/Latohan_00296.jpg,Latohan,Latohan,all_motifs (1373),Latohan and farmer.jpg,VJ Basiroen artwork,2022,raw (crop),28 x 28,sRGB IEC61966-2.1,VJB
2164,Latohan_00297.jpg,Batik_Lasem/motifs (isen-isen)/Latohan/all_motifs (1373)/Latohan_00297.jpg,Latohan,Latohan,all_motifs (1373),Latohan and farmer.jpg,VJ Basiroen artwork,2022,raw (crop),28 x 28,sRGB IEC61966-2.1,VJB
2166,Latohan_00299.jpg,Batik_Lasem/motifs (isen-isen)/Latohan/all_motifs (1373)/Latohan_00299.jpg,Latohan,Latohan,all_motifs (1373),Latohan and farmer.jpg,VJ Basiroen artwork,2022,raw (crop),28 x 28,sRGB IEC61966-2.1,VJB
2168,Latohan_00301.jpg,Batik_Lasem/motifs (isen-isen)/Latohan/all_motifs (1373)/Latohan_00301.jpg,Latohan,Latohan,all_motifs (1373),Latohan with Chinese Letter.jpg,Sekar Kencana,2022,raw (crop),142 x 142,sRGB IEC61966-2.1,VJB
2169,Latohan_00302.jpg,Batik_Lasem/motifs (isen-isen)/Latohan/all_motifs (1373)/Latohan_00302.jpg,Latohan,Latohan,all_motifs (1373),Latohan and farmer.jpg,VJ Basiroen artwork,2022,raw (crop),28 x 28,sRGB IEC61966-2.1,VJB
2170,Latohan_00303.jpg,Batik_Lasem/motifs (isen-isen)/Latohan/all_motifs (1373)/Latohan_00303.jpg,Latohan,Latohan,all_motifs (1373),Latohan and farmer.jpg,VJ Basiroen artwork,2022,raw (crop),28 x 28,sRGB IEC61966-2.1,VJB
2171,Latohan_00304.jpg,Batik_Lasem/motifs (isen-isen)/Latohan/all_motifs (1373)/Latohan_00304.jpg,Latohan,Latohan,all_motifs (1373),Latohan and farmer.jpg,VJ Basiroen artwork,2022,raw (crop),28 x 28,sRGB IEC61966-2.1,VJB
2172,Latohan_00305.jpg,Batik_Lasem/motifs (isen-isen)/Latohan/all_motifs (1373)/Latohan_00305.jpg,Latohan,Latohan,all_motifs (1373),Latohan and farmer.jpg,VJ Basiroen artwork,2022,raw (crop),28 x 28,sRGB IEC61966-2.1,VJB
2173,Latohan_00306.jpg,Batik_Lasem/motifs (isen-isen)/Latohan/all_motifs (1373)/Latohan_00306.jpg,Latohan,Latohan,all_motifs (1373),Latohan and farmer.jpg,VJ Basiroen artwork,2022,raw (crop),28 x 28,sRGB IEC61966-2.1,VJB
2174,Latohan_00307.jpg,Batik_Lasem/motifs (isen-isen)/Latohan/all_motifs (1373)/Latohan_00307.jpg,Latohan,Latohan,all_motifs (1373),Latohan and farmer.jpg,VJ Basiroen artwork,2022,raw (crop),28 x 28,sRGB IEC61966-2.1,VJB
2176,Latohan_00309.jpg,Batik_Lasem/motifs (isen-isen)/Latohan/all_motifs (1373)/Latohan_00309.jpg,Latohan,Latohan,all_motifs (1373),Latohan and farmer.jpg,VJ Basiroen artwork,2022,raw (crop),28 x 28,sRGB IEC61966-2.1,VJB
2180,Latohan_00313.jpg,Batik_Lasem/motifs (isen-isen)/Latohan/all_motifs (1373)/Latohan_00313.jpg,Latohan,Latohan,all_motifs (1373),Latohan and farmer.jpg,VJ Basiroen artwork,2022,raw (crop),28 x 28,sRGB IEC61966-2.1,VJB
2181,Latohan_00314.jpg,Batik_Lasem/motifs (isen-isen)/Latohan/all_motifs (1373)/Latohan_00314.jpg,Latohan,Latohan,all_motifs (1373),Latohan and farmer.jpg,VJ Basiroen artwork,2022,raw (crop),28 x 28,sRGB IEC61966-2.1,VJB
2183,Latohan_00316.jpg,Batik_Lasem/motifs (isen-isen)/Latohan/all_motifs (1373)/Latohan_00316.jpg,Latohan,Latohan,all_motifs (1373),Latohan and farmer.jpg,VJ Basiroen artwork,2022,raw (crop),28 x 28,sRGB IEC61966-2.1,VJB
2187,Latohan_00320.jpg,Batik_Lasem/motifs (isen-isen)/Latohan/all_motifs (1373)/Latohan_00320.jpg,Latohan,Latohan,all_motifs (1373),Latohan and farmer.jpg,VJ Basiroen artwork,2022,raw (crop),28 x 28,sRGB IEC61966-2.1,VJB
2189,Latohan_00322.jpg,Batik_Lasem/motifs (isen-isen)/Latohan/all_motifs (1373)/Latohan_00322.jpg,Latohan,Latohan,all_motifs (1373),Latohan with Chinese Letter.jpg,VJ Basiroen artwork,2022,raw (crop),142 x 142,sRGB IEC61966-2.1,VJB
2191,Latohan_00324.jpg,Batik_Lasem/motifs (isen-isen)/Latohan/all_motifs (1373)/Latohan_00324.jpg,Latohan,Latohan,all_motifs (1373),Latohan and farmer.jpg,VJ Basiroen artwork,2022,raw (crop),28 x 28,sRGB IEC61966-2.1,VJB
2192,Latohan_00325.jpg,Batik_Lasem/motifs (isen-isen)/Latohan/all_motifs (1373)/Latohan_00325.jpg,Latohan,Latohan,all_motifs (1373),Latohan and farmer.jpg,VJ Basiroen artwork,2022,raw (crop),28 x 28,sRGB IEC61966-2.1,VJB
2196,Latohan_00329.jpg,Batik_Lasem/motifs (isen-isen)/Latohan/all_motifs (1373)/Latohan_00329.jpg,Latohan,Latohan,all_motifs (1373),Latohan and farmer.jpg,VJ Basiroen artwork,2022,raw (crop),28 x 28,sRGB IEC61966-2.1,VJB
2197,Latohan_00330.jpg,Batik_Lasem/motifs (isen-isen)/Latohan/all_motifs (1373)/Latohan_00330.jpg,Latohan,Latohan,all_motifs (1373),Latohan and farmer.jpg,VJ Basiroen artwork,2022,raw (crop),28 x 28,sRGB IEC61966-2.1,VJB
2199,Latohan_00332.jpg,Batik_Lasem/motifs (isen-isen)/Latohan/all_motifs (1373)/Latohan_00332.jpg,Latohan,Latohan,all_motifs (1373),Latohan and farmer.jpg,VJ Basiroen artwork,2022,raw (crop),28 x 28,sRGB IEC61966-2.1,VJB
2200,Latohan_00333.jpg,Batik_Lasem/motifs (isen-isen)/Latohan/all_motifs (1373)/Latohan_00333.jpg,Latohan,Latohan,all_motifs (1373),Latohan with Chinese Letter.jpg,VJ Basiroen artwork,2022,raw (crop),142 x 142,sRGB IEC61966-2.1,VJB
2202,Latohan_00335.jpg,Batik_Lasem/motifs (isen-isen)/Latohan/all_motifs (1373)/Latohan_00335.jpg,Latohan,Latohan,all_motifs (1373),Latohan and farmer.jpg,VJ Basiroen artwork,2022,raw (crop),28 x 28,sRGB IEC61966-2.1,VJB
2205,Latohan_00338.jpg,Batik_Lasem/motifs (isen-isen)/Latohan/all_motifs (1373)/Latohan_00338.jpg,Latohan,Latohan,all_motifs (1373),Latohan and farmer.jpg,VJ Basiroen artwork,2022,raw (crop),28 x 28,sRGB IEC61966-2.1,VJB
2209,Latohan_00342.jpg,Batik_Lasem/motifs (isen-isen)/Latohan/all_motifs (1373)/Latohan_00342.jpg,Latohan,Latohan,all_motifs (1373),Isen Cloth 5.jpg,KUB Srikandi,2022,raw (crop),28 x 28,sRGB IEC61966-2.1,VJB
2210,Latohan_00343.jpg,Batik_Lasem/motifs (isen-isen)/Latohan/all_motifs (1373)/Latohan_00343.jpg,Latohan,Latohan,all_motifs (1373),Latohan and farmer.jpg,VJ Basiroen artwork,2022,raw (crop),28 x 28,sRGB IEC61966-2.1,VJB
2212,Latohan_00345.jpg,Batik_Lasem/motifs (isen-isen)/Latohan/all_motifs (1373)/Latohan_00345.jpg,Latohan,Latohan,all_motifs (1373),Latohan and farmer.jpg,VJ Basiroen artwork,2022,raw (crop),28 x 28,sRGB IEC61966-2.1,VJB
2213,Latohan_00346.jpg,Batik_Lasem/motifs (isen-isen)/Latohan/all_motifs (1373)/Latohan_00346.jpg,Latohan,Latohan,all_motifs (1373),Latohan and farmer.jpg,VJ Basiroen artwork,2022,raw (crop),28 x 28,sRGB IEC61966-2.1,VJB
2215,Latohan_00348.jpg,Batik_Lasem/motifs (isen-isen)/Latohan/all_motifs (1373)/Latohan_00348.jpg,Latohan,Latohan,all_motifs (1373),Latohan and farmer.jpg,VJ Basiroen artwork,2022,raw (crop),28 x 28,sRGB IEC61966-2.1,VJB
2216,Latohan_00349.jpg,Batik_Lasem/motifs (isen-isen)/Latohan/all_motifs (1373)/Latohan_00349.jpg,Latohan,Latohan,all_motifs (1373),Latohan and farmer.jpg,VJ Basiroen artwork,2022,raw (crop),28 x 28,sRGB IEC61966-2.1,VJB
2217,Latohan_00350.jpg,Batik_Lasem/motifs (isen-isen)/Latohan/all_motifs (1373)/Latohan_00350.jpg,Latohan,Latohan,all_motifs (1373),Latohan and farmer.jpg,VJ Basiroen artwork,2022,raw (crop),28 x 28,sRGB IEC61966-2.1,VJB
2218,Latohan_00351.jpg,Batik_Lasem/motifs (isen-isen)/Latohan/all_motifs (1373)/Latohan_00351.jpg,Latohan,Latohan,all_motifs (1373),Latohan and farmer.jpg,VJ Basiroen artwork,2022,raw (crop),28 x 28,sRGB IEC61966-2.1,VJB
2220,Latohan_00353.jpg,Batik_Lasem/motifs (isen-isen)/Latohan/all_motifs (1373)/Latohan_00353.jpg,Latohan,Latohan,all_motifs (1373),Latohan and farmer.jpg,VJ Basiroen artwork,2022,raw (crop),28 x 28,sRGB IEC61966-2.1,VJB
2221,Latohan_00354.jpg,Batik_Lasem/motifs (isen-isen)/Latohan/all_motifs (1373)/Latohan_00354.jpg,Latohan,Latohan,all_motifs (1373),Latohan and farmer.jpg,VJ Basiroen artwork,2022,raw (crop),28 x 28,sRGB IEC61966-2.1,VJB
2223,Latohan_00356.jpg,Batik_Lasem/motifs (isen-isen)/Latohan/all_motifs (1373)/Latohan_00356.jpg,Latohan,Latohan,all_motifs (1373),Latohan and farmer.jpg,VJ Basiroen artwork,2022,raw (crop),28 x 28,sRGB IEC61966-2.1,VJB
2224,Latohan_00357.jpg,Batik_Lasem/motifs (isen-isen)/Latohan/all_motifs (1373)/Latohan_00357.jpg,Latohan,Latohan,all_motifs (1373),Latohan and farmer.jpg,VJ Basiroen artwork,2022,raw (crop),28 x 28,sRGB IEC61966-2.1,VJB
2226,Latohan_00359.jpg,Batik_Lasem/motifs (isen-isen)/Latohan/all_motifs (1373)/Latohan_00359.jpg,Latohan,Latohan,all_motifs (1373),Latohan and farmer.jpg,VJ Basiroen artwork,2022,raw (crop),28 x 28,sRGB IEC61966-2.1,VJB
2228,Latohan_00361.jpg,Batik_Lasem/motifs (isen-isen)/Latohan/all_motifs (1373)/Latohan_00361.jpg,Latohan,Latohan,all_motifs (1373),Latohan and farmer.jpg,VJ Basiroen artwork,2022,raw (crop),28 x 28,sRGB IEC61966-2.1,VJB
2230,Latohan_00363.jpg,Batik_Lasem/motifs (isen-isen)/Latohan/all_motifs (1373)/Latohan_00363.jpg,Latohan,Latohan,all_motifs (1373),Latohan and farmer.jpg,VJ Basiroen artwork,2022,raw (crop),28 x 28,sRGB IEC61966-2.1,VJB
2233,Latohan_00366.jpg,Batik_Lasem/motifs (isen-isen)/Latohan/all_motifs (1373)/Latohan_00366.jpg,Latohan,Latohan,all_motifs (1373),Latohan with Chinese Letter.jpg,Sekar Kencana,2022,raw (crop),142 x 142,sRGB IEC61966-2.1,VJB
2234,Latohan_00367.jpg,Batik_Lasem/motifs (isen-isen)/Latohan/all_motifs (1373)/Latohan_00367.jpg,Latohan,Latohan,all_motifs (1373),Latohan with Chinese Letter.jpg,Sekar Kencana,2022,raw (crop),142 x 142,sRGB IEC61966-2.1,VJB
2237,Latohan_00370.jpg,Batik_Lasem/motifs (isen-isen)/Latohan/all_motifs (1373)/Latohan_00370.jpg,Latohan,Latohan,all_motifs (1373),Latohan and farmer.jpg,VJ Basiroen artwork,2022,raw (crop),28 x 28,sRGB IEC61966-2.1,VJB
2238,Latohan_00371.jpg,Batik_Lasem/motifs (isen-isen)/Latohan/all_motifs (1373)/Latohan_00371.jpg,Latohan,Latohan,all_motifs (1373),Latohan and farmer.jpg,VJ Basiroen artwork,2022,raw (crop),28 x 28,sRGB IEC61966-2.1,VJB
2240,Latohan_00373.jpg,Batik_Lasem/motifs (isen-isen)/Latohan/all_motifs (1373)/Latohan_00373.jpg,Latohan,Latohan,all_motifs (1373),Latohan and farmer.jpg,VJ Basiroen artwork,2022,raw (crop),28 x 28,sRGB IEC61966-2.1,VJB
2243,Latohan_00376.jpg,Batik_Lasem/motifs (isen-isen)/Latohan/all_motifs (1373)/Latohan_00376.jpg,Latohan,Latohan,all_motifs (1373),Latohan and farmer.jpg,VJ Basiroen artwork,2022,raw (crop),28 x 28,sRGB IEC61966-2.1,VJB
2245,Latohan_00378.jpg,Batik_Lasem/motifs (isen-isen)/Latohan/all_motifs (1373)/Latohan_00378.jpg,Latohan,Latohan,all_motifs (1373),Latohan with Chinese Letter.jpg,Sekar Kencana,2022,raw (crop),142 x 142,sRGB IEC61966-2.1,VJB
2246,Latohan_00379.jpg,Batik_Lasem/motifs (isen-isen)/Latohan/all_motifs (1373)/Latohan_00379.jpg,Latohan,Latohan,all_motifs (1373),Latohan and farmer.jpg,VJ Basiroen artwork,2022,raw (crop),28 x 28,sRGB IEC61966-2.1,VJB
2247,Latohan_00380.jpg,Batik_Lasem/motifs (isen-isen)/Latohan/all_motifs (1373)/Latohan_00380.jpg,Latohan,Latohan,all_motifs (1373),Latohan and farmer.jpg,VJ Basiroen artwork,2022,raw (crop),28 x 28,sRGB IEC61966-2.1,VJB
2249,Latohan_00382.jpg,Batik_Lasem/motifs (isen-isen)/Latohan/all_motifs (1373)/Latohan_00382.jpg,Latohan,Latohan,all_motifs (1373),Latohan and farmer.jpg,VJ Basiroen artwork,2022,raw (crop),28 x 28,sRGB IEC61966-2.1,VJB
2253,Latohan_00386.jpg,Batik_Lasem/motifs (isen-isen)/Latohan/all_motifs (1373)/Latohan_00386.jpg,Latohan,Latohan,all_motifs (1373),Latohan and farmer.jpg,VJ Basiroen artwork,2022,raw (crop),28 x 28,sRGB IEC61966-2.1,VJB
2255,Latohan_00388.jpg,Batik_Lasem/motifs (isen-isen)/Latohan/all_motifs (1373)/Latohan_00388.jpg,Latohan,Latohan,all_motifs (1373),Latohan and farmer.jpg,VJ Basiroen artwork,2022,raw (crop),28 x 28,sRGB IEC61966-2.1,VJB
2256,Latohan_00389.jpg,Batik_Lasem/motifs (isen-isen)/Latohan/all_motifs (1373)/Latohan_00389.jpg,Latohan,Latohan,all_motifs (1373),Latohan with Chinese Letter.jpg,Sekar Kencana,2022,raw (crop),142 x 142,sRGB IEC61966-2.1,VJB
2259,Latohan_00392.jpg,Batik_Lasem/motifs (isen-isen)/Latohan/all_motifs (1373)/Latohan_00392.jpg,Latohan,Latohan,all_motifs (1373),Latohan and farmer.jpg,VJ Basiroen artwork,2022,raw (crop),28 x 28,sRGB IEC61966-2.1,VJB
2260,Latohan_00393.jpg,Batik_Lasem/motifs (isen-isen)/Latohan/all_motifs (1373)/Latohan_00393.jpg,Latohan,Latohan,all_motifs (1373),Latohan and farmer.jpg,VJ Basiroen artwork,2022,raw (crop),28 x 28,sRGB IEC61966-2.1,VJB
2261,Latohan_00394.jpg,Batik_Lasem/motifs (isen-isen)/Latohan/all_motifs (1373)/Latohan_00394.jpg,Latohan,Latohan,all_motifs (1373),Latohan and farmer.jpg,VJ Basiroen artwork,2022,raw (crop),28 x 28,sRGB IEC61966-2.1,VJB
2263,Latohan_00396.jpg,Batik_Lasem/motifs (isen-isen)/Latohan/all_motifs (1373)/Latohan_00396.jpg,Latohan,Latohan,all_motifs (1373),Latohan and farmer.jpg,VJ Basiroen artwork,2022,raw (crop),28 x 28,sRGB IEC61966-2.1,VJB
2267,Latohan_00400.jpg,Batik_Lasem/motifs (isen-isen)/Latohan/all_motifs (1373)/Latohan_00400.jpg,Latohan,Latohan,all_motifs (1373),Latohan with Chinese Letter.jpg,Sekar Kencana,2022,raw (crop),142 x 142,sRGB IEC61966-2.1,VJB
2268,Latohan_00401.jpg,Batik_Lasem/motifs (isen-isen)/Latohan/all_motifs (1373)/Latohan_00401.jpg,Latohan,Latohan,all_motifs (1373),Latohan and farmer.jpg,VJ Basiroen artwork,2022,raw (crop),28 x 28,sRGB IEC61966-2.1,VJB
2269,Latohan_00402.jpg,Batik_Lasem/motifs (isen-isen)/Latohan/all_motifs (1373)/Latohan_00402.jpg,Latohan,Latohan,all_motifs (1373),Latohan and farmer.jpg,VJ Basiroen artwork,2022,raw (crop),28 x 28,sRGB IEC61966-2.1,VJB
2270,Latohan_00403.jpg,Batik_Lasem/motifs (isen-isen)/Latohan/all_motifs (1373)/Latohan_00403.jpg,Latohan,Latohan,all_motifs (1373),Latohan and farmer.jpg,VJ Basiroen artwork,2022,raw (crop),28 x 28,sRGB IEC61966-2.1,VJB
2273,Latohan_00406.jpg,Batik_Lasem/motifs (isen-isen)/Latohan/all_motifs (1373)/Latohan_00406.jpg,Latohan,Latohan,all_motifs (1373),Latohan and farmer.jpg,VJ Basiroen artwork,2022,raw (crop),28 x 28,sRGB IEC61966-2.1,VJB
2274,Latohan_00407.jpg,Batik_Lasem/motifs (isen-isen)/Latohan/all_motifs (1373)/Latohan_00407.jpg,Latohan,Latohan,all_motifs (1373),Latohan and farmer.jpg,VJ Basiroen artwork,2022,raw (crop),28 x 28,sRGB IEC61966-2.1,VJB
2275,Latohan_00408.jpg,Batik_Lasem/motifs (isen-isen)/Latohan/all_motifs (1373)/Latohan_00408.jpg,Latohan,Latohan,all_motifs (1373),Latohan and farmer.jpg,VJ Basiroen artwork,2022,raw (crop),28 x 28,sRGB IEC61966-2.1,VJB
2277,Latohan_00410.jpg,Batik_Lasem/motifs (isen-isen)/Latohan/all_motifs (1373)/Latohan_00410.jpg,Latohan,Latohan,all_motifs (1373),Latohan and farmer.jpg,VJ Basiroen artwork,2022,raw (crop),28 x 28,sRGB IEC61966-2.1,VJB
2278,Latohan_00411.jpg,Batik_Lasem/motifs (isen-isen)/Latohan/all_motifs (1373)/Latohan_00411.jpg,Latohan,Latohan,all_motifs (1373),Latohan with Chinese Letter.jpg,Sekar Kencana,2022,raw (crop),142 x 142,sRGB IEC61966-2.1,VJB
2281,Latohan_00414.jpg,Batik_Lasem/motifs (isen-isen)/Latohan/all_motifs (1373)/Latohan_00414.jpg,Latohan,Latohan,all_motifs (1373),Latohan and farmer.jpg,VJ Basiroen artwork,2022,raw (crop),28 x 28,sRGB IEC61966-2.1,VJB
2282,Latohan_00415.jpg,Batik_Lasem/motifs (isen-isen)/Latohan/all_motifs (1373)/Latohan_00415.jpg,Latohan,Latohan,all_motifs (1373),Latohan and farmer.jpg,VJ Basiroen artwork,2022,raw (crop),28 x 28,sRGB IEC61966-2.1,VJB
2284,Latohan_00417.jpg,Batik_Lasem/motifs (isen-isen)/Latohan/all_motifs (1373)/Latohan_00417.jpg,Latohan,Latohan,all_motifs (1373),Latohan and farmer.jpg,VJ Basiroen artwork,2022,raw (crop),28 x 28,sRGB IEC61966-2.1,VJB
2285,Latohan_00418.jpg,Batik_Lasem/motifs (isen-isen)/Latohan/all_motifs (1373)/Latohan_00418.jpg,Latohan,Latohan,all_motifs (1373),Latohan and farmer.jpg,VJ Basiroen artwork,2022,raw (crop),28 x 28,sRGB IEC61966-2.1,VJB
2286,Latohan_00419.jpg,Batik_Lasem/motifs (isen-isen)/Latohan/all_motifs (1373)/Latohan_00419.jpg,Latohan,Latohan,all_motifs (1373),Latohan and farmer.jpg,VJ Basiroen artwork,2022,raw (crop),28 x 28,sRGB IEC61966-2.1,VJB
2287,Latohan_00420.jpg,Batik_Lasem/motifs (isen-isen)/Latohan/all_motifs (1373)/Latohan_00420.jpg,Latohan,Latohan,all_motifs (1373),Latohan and farmer.jpg,VJ Basiroen artwork,2022,raw (crop),28 x 28,sRGB IEC61966-2.1,VJB
2288,Latohan_00421.jpg,Batik_Lasem/motifs (isen-isen)/Latohan/all_motifs (1373)/Latohan_00421.jpg,Latohan,Latohan,all_motifs (1373),Latohan and farmer.jpg,VJ Basiroen artwork,2022,raw (crop),28 x 28,sRGB IEC61966-2.1,VJB
2289,Latohan_00422.jpg,Batik_Lasem/motifs (isen-isen)/Latohan/all_motifs (1373)/Latohan_00422.jpg,Latohan,Latohan,all_motifs (1373),Latohan with Chinese Letter.jpg,Sekar Kencana,2022,raw (crop),142 x 142,sRGB IEC61966-2.1,VJB
2291,Latohan_00424.jpg,Batik_Lasem/motifs (isen-isen)/Latohan/all_motifs (1373)/Latohan_00424.jpg,Latohan,Latohan,all_motifs (1373),Latohan and farmer.jpg,VJ Basiroen artwork,2022,raw (crop),28 x 28,sRGB IEC61966-2.1,VJB
2293,Latohan_00426.jpg,Batik_Lasem/motifs (isen-isen)/Latohan/all_motifs (1373)/Latohan_00426.jpg,Latohan,Latohan,all_motifs (1373),Latohan and farmer.jpg,VJ Basiroen artwork,2022,raw (crop),28 x 28,sRGB IEC61966-2.1,VJB
2295,Latohan_00428.jpg,Batik_Lasem/motifs (isen-isen)/Latohan/all_motifs (1373)/Latohan_00428.jpg,Latohan,Latohan,all_motifs (1373),Latohan and farmer.jpg,VJ Basiroen artwork,2022,raw (crop),28 x 28,sRGB IEC61966-2.1,VJB
2297,Latohan_00430.jpg,Batik_Lasem/motifs (isen-isen)/Latohan/all_motifs (1373)/Latohan_00430.jpg,Latohan,Latohan,all_motifs (1373),Latohan and farmer.jpg,VJ Basiroen artwork,2022,raw (crop),28 x 28,sRGB IEC61966-2.1,VJB
2303,Latohan_00436.jpg,Batik_Lasem/motifs (isen-isen)/Latohan/all_motifs (1373)/Latohan_00436.jpg,Latohan,Latohan,all_motifs (1373),Latohan and farmer.jpg,VJ Basiroen artwork,2022,raw (crop),28 x 28,sRGB IEC61966-2.1,VJB
2306,Latohan_00439.jpg,Batik_Lasem/motifs (isen-isen)/Latohan/all_motifs (1373)/Latohan_00439.jpg,Latohan,Latohan,all_motifs (1373),Latohan and farmer.jpg,VJ Basiroen artwork,2022,raw (crop),28 x 28,sRGB IEC61966-2.1,VJB
2307,Latohan_00440.jpg,Batik_Lasem/motifs (isen-isen)/Latohan/all_motifs (1373)/Latohan_00440.jpg,Latohan,Latohan,all_motifs (1373),Latohan and farmer.jpg,VJ Basiroen artwork,2022,raw (crop),28 x 28,sRGB IEC61966-2.1,VJB
2309,Latohan_00442.jpg,Batik_Lasem/motifs (isen-isen)/Latohan/all_motifs (1373)/Latohan_00442.jpg,Latohan,Latohan,all_motifs (1373),Latohan and farmer.jpg,VJ Basiroen artwork,2022,raw (crop),28 x 28,sRGB IEC61966-2.1,VJB
2310,Latohan_00443.jpg,Batik_Lasem/motifs (isen-isen)/Latohan/all_motifs (1373)/Latohan_00443.jpg,Latohan,Latohan,all_motifs (1373),Latohan with Chinese Letter.jpg,Sekar Kencana,2022,raw (crop),142 x 142,sRGB IEC61966-2.1,VJB
2311,Latohan_00444.jpg,Batik_Lasem/motifs (isen-isen)/Latohan/all_motifs (1373)/Latohan_00444.jpg,Latohan,Latohan,all_motifs (1373),Latohan and farmer.jpg,VJ Basiroen artwork,2022,raw (crop),28 x 28,sRGB IEC61966-2.1,VJB
2316,Latohan_00449.jpg,Batik_Lasem/motifs (isen-isen)/Latohan/all_motifs (1373)/Latohan_00449.jpg,Latohan,Latohan,all_motifs (1373),Latohan and farmer.jpg,VJ Basiroen artwork,2022,raw (crop),28 x 28,sRGB IEC61966-2.1,VJB
2318,Latohan_00451.jpg,Batik_Lasem/motifs (isen-isen)/Latohan/all_motifs (1373)/Latohan_00451.jpg,Latohan,Latohan,all_motifs (1373),Latohan and farmer.jpg,VJ Basiroen artwork,2022,raw (crop),28 x 28,sRGB IEC61966-2.1,VJB
2323,Latohan_00456.jpg,Batik_Lasem/motifs (isen-isen)/Latohan/all_motifs (1373)/Latohan_00456.jpg,Latohan,Latohan,all_motifs (1373),Latohan and farmer.jpg,VJ Basiroen artwork,2022,raw (crop),28 x 28,sRGB IEC61966-2.1,VJB
2324,Latohan_00457.jpg,Batik_Lasem/motifs (isen-isen)/Latohan/all_motifs (1373)/Latohan_00457.jpg,Latohan,Latohan,all_motifs (1373),Latohan and farmer.jpg,VJ Basiroen artwork,2022,raw (crop),28 x 28,sRGB IEC61966-2.1,VJB
2326,Latohan_00459.jpg,Batik_Lasem/motifs (isen-isen)/Latohan/all_motifs (1373)/Latohan_00459.jpg,Latohan,Latohan,all_motifs (1373),Latohan and farmer.jpg,VJ Basiroen artwork,2022,raw (crop),28 x 28,sRGB IEC61966-2.1,VJB
2327,Latohan_00460.jpg,Batik_Lasem/motifs (isen-isen)/Latohan/all_motifs (1373)/Latohan_00460.jpg,Latohan,Latohan,all_motifs (1373),Latohan and farmer.jpg,VJ Basiroen artwork,2022,raw (crop),28 x 28,sRGB IEC61966-2.1,VJB
2328,Latohan_00461.jpg,Batik_Lasem/motifs (isen-isen)/Latohan/all_motifs (1373)/Latohan_00461.jpg,Latohan,Latohan,all_motifs (1373),Latohan and farmer.jpg,VJ Basiroen artwork,2022,raw (crop),28 x 28,sRGB IEC61966-2.1,VJB
2330,Latohan_00463.jpg,Batik_Lasem/motifs (isen-isen)/Latohan/all_motifs (1373)/Latohan_00463.jpg,Latohan,Latohan,all_motifs (1373),Latohan with Chinese Letter.jpg,Sekar Kencana,2022,raw (crop),142 x 142,sRGB IEC61966-2.1,VJB
2331,Latohan_00464.jpg,Batik_Lasem/motifs (isen-isen)/Latohan/all_motifs (1373)/Latohan_00464.jpg,Latohan,Latohan,all_motifs (1373),Latohan and farmer.jpg,VJ Basiroen artwork,2022,raw (crop),28 x 28,sRGB IEC61966-2.1,VJB
2333,Latohan_00466.jpg,Batik_Lasem/motifs (isen-isen)/Latohan/all_motifs (1373)/Latohan_00466.jpg,Latohan,Latohan,all_motifs (1373),Latohan and farmer.jpg,VJ Basiroen artwork,2022,raw (crop),28 x 28,sRGB IEC61966-2.1,VJB
2335,Latohan_00468.jpg,Batik_Lasem/motifs (isen-isen)/Latohan/all_motifs (1373)/Latohan_00468.jpg,Latohan,Latohan,all_motifs (1373),Latohan and farmer.jpg,VJ Basiroen artwork,2022,raw (crop),28 x 28,sRGB IEC61966-2.1,VJB
2338,Latohan_00471.jpg,Batik_Lasem/motifs (isen-isen)/Latohan/all_motifs (1373)/Latohan_00471.jpg,Latohan,Latohan,all_motifs (1373),Latohan and farmer.jpg,VJ Basiroen artwork,2022,raw (crop),28 x 28,sRGB IEC61966-2.1,VJB
2345,Latohan_00478.jpg,Batik_Lasem/motifs (isen-isen)/Latohan/all_motifs (1373)/Latohan_00478.jpg,Latohan,Latohan,all_motifs (1373),Pagi-Sore Temple and Bamboo.jpg,Pesona Canting,2022,raw (crop),142 x 142,sRGB IEC61966-2.1,VJB
2346,Latohan_00479.jpg,Batik_Lasem/motifs (isen-isen)/Latohan/all_motifs (1373)/Latohan_00479.jpg,Latohan,Latohan,all_motifs (1373),Pagi-Sore Temple and Bamboo.jpg,Pesona Canting,2022,raw (crop),142 x 142,sRGB IEC61966-2.1,VJB
2350,Latohan_00483.jpg,Batik_Lasem/motifs (isen-isen)/Latohan/all_motifs (1373)/Latohan_00483.jpg,Latohan,Latohan,all_motifs (1373),Pagi-Sore Temple and Bamboo.jpg,Pesona Canting,2022,raw (crop),142 x 142,sRGB IEC61966-2.1,VJB
2352,Latohan_00485.jpg,Batik_Lasem/motifs (isen-isen)/Latohan/all_motifs (1373)/Latohan_00485.jpg,Latohan,Latohan,all_motifs (1373),Latohan with Chinese Letter.jpg,Sekar Kencana,2022,raw (crop),142 x 142,sRGB IEC61966-2.1,VJB
2353,Latohan_00486.jpg,Batik_Lasem/motifs (isen-isen)/Latohan/all_motifs (1373)/Latohan_00486.jpg,Latohan,Latohan,all_motifs (1373),Pagi-Sore Temple and Bamboo.jpg,Pesona Canting,2022,raw (crop),142 x 142,sRGB IEC61966-2.1,VJB
2354,Latohan_00487.jpg,Batik_Lasem/motifs (isen-isen)/Latohan/all_motifs (1373)/Latohan_00487.jpg,Latohan,Latohan,all_motifs (1373),Isen Cloth 5.jpg,KUB Srikandi,2022,raw (crop),28 x 28,sRGB IEC61966-2.1,VJB
2358,Latohan_00491.jpg,Batik_Lasem/motifs (isen-isen)/Latohan/all_motifs (1373)/Latohan_00491.jpg,Latohan,Latohan,all_motifs (1373),Isen Cloth 5.jpg,KUB Srikandi,2022,raw (crop),28 x 28,sRGB IEC61966-2.1,VJB
2361,Latohan_00494.jpg,Batik_Lasem/motifs (isen-isen)/Latohan/all_motifs (1373)/Latohan_00494.jpg,Latohan,Latohan,all_motifs (1373),Isen Cloth 5.jpg,KUB Srikandi,2022,raw (crop),28 x 28,sRGB IEC61966-2.1,VJB
2363,Latohan_00496.jpg,Batik_Lasem/motifs (isen-isen)/Latohan/all_motifs (1373)/Latohan_00496.jpg,Latohan,Latohan,all_motifs (1373),Isen Cloth 5.jpg,KUB Srikandi,2022,raw (crop),28 x 28,sRGB IEC61966-2.1,VJB
2365,Latohan_00498.jpg,Batik_Lasem/motifs (isen-isen)/Latohan/all_motifs (1373)/Latohan_00498.jpg,Latohan,Latohan,all_motifs (1373),Isen Cloth 5.jpg,KUB Srikandi,2022,raw (crop),28 x 28,sRGB IEC61966-2.1,VJB
2368,Latohan_00501.jpg,Batik_Lasem/motifs (isen-isen)/Latohan/all_motifs (1373)/Latohan_00501.jpg,Latohan,Latohan,all_motifs (1373),Isen Cloth 5.jpg,KUB Srikandi,2022,raw (crop),28 x 28,sRGB IEC61966-2.1,VJB
2369,Latohan_00502.jpg,Batik_Lasem/motifs (isen-isen)/Latohan/all_motifs (1373)/Latohan_00502.jpg,Latohan,Latohan,all_motifs (1373),Isen Cloth 5.jpg,KUB Srikandi,2022,raw (crop),28 x 28,sRGB IEC61966-2.1,VJB
2376,Latohan_00509.jpg,Batik_Lasem/motifs (isen-isen)/Latohan/all_motifs (1373)/Latohan_00509.jpg,Latohan,Latohan,all_motifs (1373),Isen Cloth 5.jpg,KUB Srikandi,2022,raw (crop),28 x 28,sRGB IEC61966-2.1,VJB
2377,Latohan_00510.jpg,Batik_Lasem/motifs (isen-isen)/Latohan/all_motifs (1373)/Latohan_00510.jpg,Latohan,Latohan,all_motifs (1373),Isen Cloth 5.jpg,KUB Srikandi,2022,raw (crop),28 x 28,sRGB IEC61966-2.1,VJB
2381,Latohan_00514.jpg,Batik_Lasem/motifs (isen-isen)/Latohan/all_motifs (1373)/Latohan_00514.jpg,Latohan,Latohan,all_motifs (1373),Isen Cloth 5.jpg,KUB Srikandi,2022,raw (crop),28 x 28,sRGB IEC61966-2.1,VJB
2382,Latohan_00515.jpg,Batik_Lasem/motifs (isen-isen)/Latohan/all_motifs (1373)/Latohan_00515.jpg,Latohan,Latohan,all_motifs (1373),Isen Cloth 5.jpg,KUB Srikandi,2022,raw (crop),28 x 28,sRGB IEC61966-2.1,VJB
2384,Latohan_00517.jpg,Batik_Lasem/motifs (isen-isen)/Latohan/all_motifs (1373)/Latohan_00517.jpg,Latohan,Latohan,all_motifs (1373),Isen Cloth 5.jpg,KUB Srikandi,2022,raw (crop),28 x 28,sRGB IEC61966-2.1,VJB
2385,Latohan_00518.jpg,Batik_Lasem/motifs (isen-isen)/Latohan/all_motifs (1373)/Latohan_00518.jpg,Latohan,Latohan,all_motifs (1373),Pagi-Sore Temple and Bamboo.jpg,Pesona Canting,2022,raw (crop),142 x 142,sRGB IEC61966-2.1,VJB
2386,Latohan_00519.jpg,Batik_Lasem/motifs (isen-isen)/Latohan/all_motifs (1373)/Latohan_00519.jpg,Latohan,Latohan,all_motifs (1373),Isen Cloth 5.jpg,KUB Srikandi,2022,raw (crop),28 x 28,sRGB IEC61966-2.1,VJB
2389,Latohan_00522.jpg,Batik_Lasem/motifs (isen-isen)/Latohan/all_motifs (1373)/Latohan_00522.jpg,Latohan,Latohan,all_motifs (1373),Isen Cloth 5.jpg,KUB Srikandi,2022,raw (crop),28 x 28,sRGB IEC61966-2.1,VJB
2392,Latohan_00525.jpg,Batik_Lasem/motifs (isen-isen)/Latohan/all_motifs (1373)/Latohan_00525.jpg,Latohan,Latohan,all_motifs (1373),Isen Cloth 5.jpg,KUB Srikandi,2022,raw (crop),28 x 28,sRGB IEC61966-2.1,VJB
2393,Latohan_00526.jpg,Batik_Lasem/motifs (isen-isen)/Latohan/all_motifs (1373)/Latohan_00526.jpg,Latohan,Latohan,all_motifs (1373),Isen Cloth 5.jpg,KUB Srikandi,2022,raw (crop),28 x 28,sRGB IEC61966-2.1,VJB
2396,Latohan_00529.jpg,Batik_Lasem/motifs (isen-isen)/Latohan/all_motifs (1373)/Latohan_00529.jpg,Latohan,Latohan,all_motifs (1373),Isen Cloth 5.jpg,KUB Srikandi,2022,raw (crop),28 x 28,sRGB IEC61966-2.1,VJB
2399,Latohan_00532.jpg,Batik_Lasem/motifs (isen-isen)/Latohan/all_motifs (1373)/Latohan_00532.jpg,Latohan,Latohan,all_motifs (1373),Isen Cloth 5.jpg,KUB Srikandi,2022,raw (crop),28 x 28,sRGB IEC61966-2.1,VJB
2400,Latohan_00533.jpg,Batik_Lasem/motifs (isen-isen)/Latohan/all_motifs (1373)/Latohan_00533.jpg,Latohan,Latohan,all_motifs (1373),Isen Cloth 5.jpg,KUB Srikandi,2022,raw (crop),28 x 28,sRGB IEC61966-2.1,VJB
2402,Latohan_00535.jpg,Batik_Lasem/motifs (isen-isen)/Latohan/all_motifs (1373)/Latohan_00535.jpg,Latohan,Latohan,all_motifs (1373),Isen Cloth 5.jpg,KUB Srikandi,2022,raw (crop),28 x 28,sRGB IEC61966-2.1,VJB
2404,Latohan_00537.jpg,Batik_Lasem/motifs (isen-isen)/Latohan/all_motifs (1373)/Latohan_00537.jpg,Latohan,Latohan,all_motifs (1373),Isen Cloth 5.jpg,KUB Srikandi,2022,raw (crop),28 x 28,sRGB IEC61966-2.1,VJB
2406,Latohan_00539.jpg,Batik_Lasem/motifs (isen-isen)/Latohan/all_motifs (1373)/Latohan_00539.jpg,Latohan,Latohan,all_motifs (1373),Latohan with Chinese Letter.jpg,Sekar Kencana,2022,raw (crop),142 x 142,sRGB IEC61966-2.1,VJB
2409,Latohan_00542.jpg,Batik_Lasem/motifs (isen-isen)/Latohan/all_motifs (1373)/Latohan_00542.jpg,Latohan,Latohan,all_motifs (1373),Isen Cloth 5.jpg,KUB Srikandi,2022,raw (crop),28 x 28,sRGB IEC61966-2.1,VJB
2410,Latohan_00543.jpg,Batik_Lasem/motifs (isen-isen)/Latohan/all_motifs (1373)/Latohan_00543.jpg,Latohan,Latohan,all_motifs (1373),Isen Cloth 5.jpg,KUB Srikandi,2022,raw (crop),28 x 28,sRGB IEC61966-2.1,VJB
2411,Latohan_00544.jpg,Batik_Lasem/motifs (isen-isen)/Latohan/all_motifs (1373)/Latohan_00544.jpg,Latohan,Latohan,all_motifs (1373),Isen Cloth 5.jpg,KUB Srikandi,2022,raw (crop),28 x 28,sRGB IEC61966-2.1,VJB
2414,Latohan_00547.jpg,Batik_Lasem/motifs (isen-isen)/Latohan/all_motifs (1373)/Latohan_00547.jpg,Latohan,Latohan,all_motifs (1373),Isen Cloth 5.jpg,KUB Srikandi,2022,raw (crop),28 x 28,sRGB IEC61966-2.1,VJB
2418,Latohan_00551.jpg,Batik_Lasem/motifs (isen-isen)/Latohan/all_motifs (1373)/Latohan_00551.jpg,Latohan,Latohan,all_motifs (1373),Isen Cloth 5.jpg,KUB Srikandi,2022,raw (crop),28 x 28,sRGB IEC61966-2.1,VJB
2420,Latohan_00553.jpg,Batik_Lasem/motifs (isen-isen)/Latohan/all_motifs (1373)/Latohan_00553.jpg,Latohan,Latohan,all_motifs (1373),Isen Cloth 5.jpg,KUB Srikandi,2022,raw (crop),28 x 28,sRGB IEC61966-2.1,VJB
2421,Latohan_00554.jpg,Batik_Lasem/motifs (isen-isen)/Latohan/all_motifs (1373)/Latohan_00554.jpg,Latohan,Latohan,all_motifs (1373),Isen Cloth 5.jpg,KUB Srikandi,2022,raw (crop),28 x 28,sRGB IEC61966-2.1,VJB
2422,Latohan_00555.jpg,Batik_Lasem/motifs (isen-isen)/Latohan/all_motifs (1373)/Latohan_00555.jpg,Latohan,Latohan,all_motifs (1373),Isen Cloth 5.jpg,KUB Srikandi,2022,raw (crop),28 x 28,sRGB IEC61966-2.1,VJB
2429,Latohan_00562.jpg,Batik_Lasem/motifs (isen-isen)/Latohan/all_motifs (1373)/Latohan_00562.jpg,Latohan,Latohan,all_motifs (1373),Isen Cloth 5.jpg,KUB Srikandi,2022,raw (crop),28 x 28,sRGB IEC61966-2.1,VJB
2430,Latohan_00563.jpg,Batik_Lasem/motifs (isen-isen)/Latohan/all_motifs (1373)/Latohan_00563.jpg,Latohan,Latohan,all_motifs (1373),Isen Cloth 5.jpg,KUB Srikandi,2022,raw (crop),28 x 28,sRGB IEC61966-2.1,VJB
2432,Latohan_00565.jpg,Batik_Lasem/motifs (isen-isen)/Latohan/all_motifs (1373)/Latohan_00565.jpg,Latohan,Latohan,all_motifs (1373),Isen Cloth 5.jpg,KUB Srikandi,2022,raw (crop),28 x 28,sRGB IEC61966-2.1,VJB
2433,Latohan_00566.jpg,Batik_Lasem/motifs (isen-isen)/Latohan/all_motifs (1373)/Latohan_00566.jpg,Latohan,Latohan,all_motifs (1373),Isen Cloth 5.jpg,KUB Srikandi,2022,raw (crop),28 x 28,sRGB IEC61966-2.1,VJB
2436,Latohan_00569.jpg,Batik_Lasem/motifs (isen-isen)/Latohan/all_motifs (1373)/Latohan_00569.jpg,Latohan,Latohan,all_motifs (1373),Isen Cloth 5.jpg,KUB Srikandi,2022,raw (crop),28 x 28,sRGB IEC61966-2.1,VJB
2437,Latohan_00570.jpg,Batik_Lasem/motifs (isen-isen)/Latohan/all_motifs (1373)/Latohan_00570.jpg,Latohan,Latohan,all_motifs (1373),Isen Cloth 5.jpg,KUB Srikandi,2022,raw (crop),28 x 28,sRGB IEC61966-2.1,VJB
2438,Latohan_00571.jpg,Batik_Lasem/motifs (isen-isen)/Latohan/all_motifs (1373)/Latohan_00571.jpg,Latohan,Latohan,all_motifs (1373),Latohan with Chinese Letter.jpg,Sekar Kencana,2022,raw (crop),142 x 142,sRGB IEC61966-2.1,VJB
2439,Latohan_00572.jpg,Batik_Lasem/motifs (isen-isen)/Latohan/all_motifs (1373)/Latohan_00572.jpg,Latohan,Latohan,all_motifs (1373),Isen Cloth 5.jpg,KUB Srikandi,2022,raw (crop),28 x 28,sRGB IEC61966-2.1,VJB
2440,Latohan_00573.jpg,Batik_Lasem/motifs (isen-isen)/Latohan/all_motifs (1373)/Latohan_00573.jpg,Latohan,Latohan,all_motifs (1373),Isen Cloth 5.jpg,KUB Srikandi,2022,raw (crop),28 x 28,sRGB IEC61966-2.1,VJB
2441,Latohan_00574.jpg,Batik_Lasem/motifs (isen-isen)/Latohan/all_motifs (1373)/Latohan_00574.jpg,Latohan,Latohan,all_motifs (1373),Isen Cloth 5.jpg,KUB Srikandi,2022,raw (crop),28 x 28,sRGB IEC61966-2.1,VJB
2442,Latohan_00575.jpg,Batik_Lasem/motifs (isen-isen)/Latohan/all_motifs (1373)/Latohan_00575.jpg,Latohan,Latohan,all_motifs (1373),Isen Cloth 5.jpg,KUB Srikandi,2022,raw (crop),28 x 28,sRGB IEC61966-2.1,VJB
2445,Latohan_00578.jpg,Batik_Lasem/motifs (isen-isen)/Latohan/all_motifs (1373)/Latohan_00578.jpg,Latohan,Latohan,all_motifs (1373),Isen Cloth 5.jpg,KUB Srikandi,2022,raw (crop),28 x 28,sRGB IEC61966-2.1,VJB
2449,Latohan_00582.jpg,Batik_Lasem/motifs (isen-isen)/Latohan/all_motifs (1373)/Latohan_00582.jpg,Latohan,Latohan,all_motifs (1373),Pagi-Sore Temple and Bamboo.jpg,Pesona Canting,2022,raw (crop),142 x 142,sRGB IEC61966-2.1,VJB
2450,Latohan_00583.jpg,Batik_Lasem/motifs (isen-isen)/Latohan/all_motifs (1373)/Latohan_00583.jpg,Latohan,Latohan,all_motifs (1373),Isen Cloth 5.jpg,KUB Srikandi,2022,raw (crop),28 x 28,sRGB IEC61966-2.1,VJB
2453,Latohan_00586.jpg,Batik_Lasem/motifs (isen-isen)/Latohan/all_motifs (1373)/Latohan_00586.jpg,Latohan,Latohan,all_motifs (1373),Isen Cloth 5.jpg,KUB Srikandi,2022,raw (crop),28 x 28,sRGB IEC61966-2.1,VJB
2457,Latohan_00590.jpg,Batik_Lasem/motifs (isen-isen)/Latohan/all_motifs (1373)/Latohan_00590.jpg,Latohan,Latohan,all_motifs (1373),Isen Cloth 5.jpg,KUB Srikandi,2022,raw (crop),28 x 28,sRGB IEC61966-2.1,VJB
2458,Latohan_00591.jpg,Batik_Lasem/motifs (isen-isen)/Latohan/all_motifs (1373)/Latohan_00591.jpg,Latohan,Latohan,all_motifs (1373),Isen Cloth 5.jpg,KUB Srikandi,2022,raw (crop),28 x 28,sRGB IEC61966-2.1,VJB
2459,Latohan_00592.jpg,Batik_Lasem/motifs (isen-isen)/Latohan/all_motifs (1373)/Latohan_00592.jpg,Latohan,Latohan,all_motifs (1373),Latohan and farmer.jpg,VJ Basiroen artwork,2022,raw (crop),28 x 28,sRGB IEC61966-2.1,VJB
2463,Latohan_00596.jpg,Batik_Lasem/motifs (isen-isen)/Latohan/all_motifs (1373)/Latohan_00596.jpg,Latohan,Latohan,all_motifs (1373),Latohan and farmer.jpg,VJ Basiroen artwork,2022,raw (crop),28 x 28,sRGB IEC61966-2.1,VJB
2465,Latohan_00598.jpg,Batik_Lasem/motifs (isen-isen)/Latohan/all_motifs (1373)/Latohan_00598.jpg,Latohan,Latohan,all_motifs (1373),The Twelve Zodiacs with Red Tambal Background.jpg,Pesona Canting,2022,raw (crop),28 x 28,sRGB IEC61966-2.1,VJB
2466,Latohan_00599.jpg,Batik_Lasem/motifs (isen-isen)/Latohan/all_motifs (1373)/Latohan_00599.jpg,Latohan,Latohan,all_motifs (1373),Latohan and farmer.jpg,VJ Basiroen artwork,2022,raw (crop),28 x 28,sRGB IEC61966-2.1,VJB
2467,Latohan_00600.jpg,Batik_Lasem/motifs (isen-isen)/Latohan/all_motifs (1373)/Latohan_00600.jpg,Latohan,Latohan,all_motifs (1373),Latohan and farmer.jpg,VJ Basiroen artwork,2022,raw (crop),28 x 28,sRGB IEC61966-2.1,VJB
2469,Latohan_00602.jpg,Batik_Lasem/motifs (isen-isen)/Latohan/all_motifs (1373)/Latohan_00602.jpg,Latohan,Latohan,all_motifs (1373),Latohan and farmer.jpg,VJ Basiroen artwork,2022,raw (crop),28 x 28,sRGB IEC61966-2.1,VJB
2471,Latohan_00604.jpg,Batik_Lasem/motifs (isen-isen)/Latohan/all_motifs (1373)/Latohan_00604.jpg,Latohan,Latohan,all_motifs (1373),The Twelve Zodiacs with Red Tambal Background.jpg,Pesona Canting,2022,raw (crop),28 x 28,sRGB IEC61966-2.1,VJB
2472,Latohan_00605.jpg,Batik_Lasem/motifs (isen-isen)/Latohan/all_motifs (1373)/Latohan_00605.jpg,Latohan,Latohan,all_motifs (1373),The Twelve Zodiacs with Red Tambal Background.jpg,Pesona Canting,2022,raw (crop),28 x 28,sRGB IEC61966-2.1,VJB
2474,Latohan_00607.jpg,Batik_Lasem/motifs (isen-isen)/Latohan/all_motifs (1373)/Latohan_00607.jpg,Latohan,Latohan,all_motifs (1373),Latohan and farmer.jpg,VJ Basiroen artwork,2022,raw (crop),28 x 28,sRGB IEC61966-2.1,VJB
2476,Latohan_00609.jpg,Batik_Lasem/motifs (isen-isen)/Latohan/all_motifs (1373)/Latohan_00609.jpg,Latohan,Latohan,all_motifs (1373),The Twelve Zodiacs with Red Tambal Background.jpg,Pesona Canting,2022,raw (crop),28 x 28,sRGB IEC61966-2.1,VJB
2479,Latohan_00612.jpg,Batik_Lasem/motifs (isen-isen)/Latohan/all_motifs (1373)/Latohan_00612.jpg,Latohan,Latohan,all_motifs (1373),Latohan and farmer.jpg,VJ Basiroen artwork,2022,raw (crop),28 x 28,sRGB IEC61966-2.1,VJB
2481,Latohan_00614.jpg,Batik_Lasem/motifs (isen-isen)/Latohan/all_motifs (1373)/Latohan_00614.jpg,Latohan,Latohan,all_motifs (1373),Latohan and farmer.jpg,VJ Basiroen artwork,2022,raw (crop),28 x 28,sRGB IEC61966-2.1,VJB
2485,Latohan_00618.jpg,Batik_Lasem/motifs (isen-isen)/Latohan/all_motifs (1373)/Latohan_00618.jpg,Latohan,Latohan,all_motifs (1373),Latohan and farmer.jpg,VJ Basiroen artwork,2022,raw (crop),28 x 28,sRGB IEC61966-2.1,VJB
2486,Latohan_00619.jpg,Batik_Lasem/motifs (isen-isen)/Latohan/all_motifs (1373)/Latohan_00619.jpg,Latohan,Latohan,all_motifs (1373),Latohan and farmer.jpg,VJ Basiroen artwork,2022,raw (crop),28 x 28,sRGB IEC61966-2.1,VJB
2487,Latohan_00620.jpg,Batik_Lasem/motifs (isen-isen)/Latohan/all_motifs (1373)/Latohan_00620.jpg,Latohan,Latohan,all_motifs (1373),Latohan and farmer.jpg,VJ Basiroen artwork,2022,raw (crop),28 x 28,sRGB IEC61966-2.1,VJB
2488,Latohan_00621.jpg,Batik_Lasem/motifs (isen-isen)/Latohan/all_motifs (1373)/Latohan_00621.jpg,Latohan,Latohan,all_motifs (1373),Latohan and farmer.jpg,VJ Basiroen artwork,2022,raw (crop),28 x 28,sRGB IEC61966-2.1,VJB
2490,Latohan_00623.jpg,Batik_Lasem/motifs (isen-isen)/Latohan/all_motifs (1373)/Latohan_00623.jpg,Latohan,Latohan,all_motifs (1373),Latohan and farmer.jpg,VJ Basiroen artwork,2022,raw (crop),28 x 28,sRGB IEC61966-2.1,VJB
2491,Latohan_00624.jpg,Batik_Lasem/motifs (isen-isen)/Latohan/all_motifs (1373)/Latohan_00624.jpg,Latohan,Latohan,all_motifs (1373),The Twelve Zodiacs with Red Tambal Background.jpg,Pesona Canting,2022,raw (crop),28 x 28,sRGB IEC61966-2.1,VJB
2492,Latohan_00625.jpg,Batik_Lasem/motifs (isen-isen)/Latohan/all_motifs (1373)/Latohan_00625.jpg,Latohan,Latohan,all_motifs (1373),Seaweed or latoh.jpg,VJ Basiroen artwork,2022,raw (crop),28 x 28,sRGB IEC61966-2.1,VJB
2493,Latohan_00626.jpg,Batik_Lasem/motifs (isen-isen)/Latohan/all_motifs (1373)/Latohan_00626.jpg,Latohan,Latohan,all_motifs (1373),Seaweed or latoh.jpg,VJ Basiroen artwork,2022,raw (crop),28 x 28,sRGB IEC61966-2.1,VJB
2498,Latohan_00631.jpg,Batik_Lasem/motifs (isen-isen)/Latohan/all_motifs (1373)/Latohan_00631.jpg,Latohan,Latohan,all_motifs (1373),Seaweed or latoh.jpg,VJ Basiroen artwork,2022,raw (crop),28 x 28,sRGB IEC61966-2.1,VJB
2499,Latohan_00632.jpg,Batik_Lasem/motifs (isen-isen)/Latohan/all_motifs (1373)/Latohan_00632.jpg,Latohan,Latohan,all_motifs (1373),Seaweed or latoh.jpg,VJ Basiroen artwork,2022,raw (crop),28 x 28,sRGB IEC61966-2.1,VJB
2500,Latohan_00633.jpg,Batik_Lasem/motifs (isen-isen)/Latohan/all_motifs (1373)/Latohan_00633.jpg,Latohan,Latohan,all_motifs (1373),Seaweed or latoh.jpg,VJ Basiroen artwork,2022,raw (crop),28 x 28,sRGB IEC61966-2.1,VJB
2502,Latohan_00635.jpg,Batik_Lasem/motifs (isen-isen)/Latohan/all_motifs (1373)/Latohan_00635.jpg,Latohan,Latohan,all_motifs (1373),Seaweed or latoh.jpg,VJ Basiroen artwork,2022,raw (crop),28 x 28,sRGB IEC61966-2.1,VJB
2511,Latohan_00644.jpg,Batik_Lasem/motifs (isen-isen)/Latohan/all_motifs (1373)/Latohan_00644.jpg,Latohan,Latohan,all_motifs (1373),Seaweed or latoh.jpg,VJ Basiroen artwork,2022,raw (crop),28 x 28,sRGB IEC61966-2.1,VJB
2512,Latohan_00645.jpg,Batik_Lasem/motifs (isen-isen)/Latohan/all_motifs (1373)/Latohan_00645.jpg,Latohan,Latohan,all_motifs (1373),Seaweed or latoh.jpg,VJ Basiroen artwork,2022,raw (crop),28 x 28,sRGB IEC61966-2.1,VJB
2519,Latohan_00652.jpg,Batik_Lasem/motifs (isen-isen)/Latohan/all_motifs (1373)/Latohan_00652.jpg,Latohan,Latohan,all_motifs (1373),The Twelve Zodiacs with Red Tambal Background.jpg,Pesona Canting,2022,raw (crop),28 x 28,sRGB IEC61966-2.1,VJB
2520,Latohan_00653.jpg,Batik_Lasem/motifs (isen-isen)/Latohan/all_motifs (1373)/Latohan_00653.jpg,Latohan,Latohan,all_motifs (1373),The Twelve Zodiacs with Red Tambal Background.jpg,Pesona Canting,2022,raw (crop),28 x 28,sRGB IEC61966-2.1,VJB
2521,Latohan_00654.jpg,Batik_Lasem/motifs (isen-isen)/Latohan/all_motifs (1373)/Latohan_00654.jpg,Latohan,Latohan,all_motifs (1373),The Twelve Zodiacs with Red Tambal Background.jpg,Pesona Canting,2022,raw (crop),28 x 28,sRGB IEC61966-2.1,VJB
2523,Latohan_00656.jpg,Batik_Lasem/motifs (isen-isen)/Latohan/all_motifs (1373)/Latohan_00656.jpg,Latohan,Latohan,all_motifs (1373),The Twelve Zodiacs with Red Tambal Background.jpg,Pesona Canting,2022,raw (crop),28 x 28,sRGB IEC61966-2.1,VJB
2526,Latohan_00659.jpg,Batik_Lasem/motifs (isen-isen)/Latohan/all_motifs (1373)/Latohan_00659.jpg,Latohan,Latohan,all_motifs (1373),The Twelve Zodiacs with Red Tambal Background.jpg,Pesona Canting,2022,raw (crop),28 x 28,sRGB IEC61966-2.1,VJB
2528,Latohan_00661.jpg,Batik_Lasem/motifs (isen-isen)/Latohan/all_motifs (1373)/Latohan_00661.jpg,Latohan,Latohan,all_motifs (1373),The Twelve Zodiacs with Red Tambal Background.jpg,Pesona Canting,2022,raw (crop),28 x 28,sRGB IEC61966-2.1,VJB
2530,Latohan_00663.jpg,Batik_Lasem/motifs (isen-isen)/Latohan/all_motifs (1373)/Latohan_00663.jpg,Latohan,Latohan,all_motifs (1373),The Twelve Zodiacs with Red Tambal Background.jpg,Pesona Canting,2022,raw (crop),28 x 28,sRGB IEC61966-2.1,VJB
2537,Latohan_00670.jpg,Batik_Lasem/motifs (isen-isen)/Latohan/all_motifs (1373)/Latohan_00670.jpg,Latohan,Latohan,all_motifs (1373),The Twelve Zodiacs with Red Tambal Background.jpg,Pesona Canting,2022,raw (crop),28 x 28,sRGB IEC61966-2.1,VJB
2538,Latohan_00671.jpg,Batik_Lasem/motifs (isen-isen)/Latohan/all_motifs (1373)/Latohan_00671.jpg,Latohan,Latohan,all_motifs (1373),The Twelve Zodiacs with Red Tambal Background.jpg,Pesona Canting,2022,raw (crop),28 x 28,sRGB IEC61966-2.1,VJB
2539,Latohan_00672.jpg,Batik_Lasem/motifs (isen-isen)/Latohan/all_motifs (1373)/Latohan_00672.jpg,Latohan,Latohan,all_motifs (1373),The Twelve Zodiacs with Red Tambal Background.jpg,Pesona Canting,2022,raw (crop),28 x 28,sRGB IEC61966-2.1,VJB
2540,Latohan_00673.jpg,Batik_Lasem/motifs (isen-isen)/Latohan/all_motifs (1373)/Latohan_00673.jpg,Latohan,Latohan,all_motifs (1373),The Twelve Zodiacs with Red Tambal Background.jpg,Pesona Canting,2022,raw (crop),28 x 28,sRGB IEC61966-2.1,VJB
2541,Latohan_00674.jpg,Batik_Lasem/motifs (isen-isen)/Latohan/all_motifs (1373)/Latohan_00674.jpg,Latohan,Latohan,all_motifs (1373),Seaweed or latoh.jpg,VJ Basiroen artwork,2022,raw (crop),28 x 28,sRGB IEC61966-2.1,VJB
2545,Latohan_00678.jpg,Batik_Lasem/motifs (isen-isen)/Latohan/all_motifs (1373)/Latohan_00678.jpg,Latohan,Latohan,all_motifs (1373),Seaweed or latoh.jpg,VJ Basiroen artwork,2022,raw (crop),28 x 28,sRGB IEC61966-2.1,VJB
2549,Latohan_00682.jpg,Batik_Lasem/motifs (isen-isen)/Latohan/all_motifs (1373)/Latohan_00682.jpg,Latohan,Latohan,all_motifs (1373),Seaweed or latoh.jpg,VJ Basiroen artwork,2022,raw (crop),28 x 28,sRGB IEC61966-2.1,VJB
2550,Latohan_00683.jpg,Batik_Lasem/motifs (isen-isen)/Latohan/all_motifs (1373)/Latohan_00683.jpg,Latohan,Latohan,all_motifs (1373),Seaweed or latoh.jpg,VJ Basiroen artwork,2022,raw (crop),28 x 28,sRGB IEC61966-2.1,VJB
2554,Latohan_00687.jpg,Batik_Lasem/motifs (isen-isen)/Latohan/all_motifs (1373)/Latohan_00687.jpg,Latohan,Latohan,all_motifs (1373),Seaweed or latoh.jpg,VJ Basiroen artwork,2022,raw (crop),28 x 28,sRGB IEC61966-2.1,VJB
2555,Latohan_00688.jpg,Batik_Lasem/motifs (isen-isen)/Latohan/all_motifs (1373)/Latohan_00688.jpg,Latohan,Latohan,all_motifs (1373),The Twelve Zodiacs with Red Tambal Background.jpg,Pesona Canting,2022,raw (crop),28 x 28,sRGB IEC61966-2.1,VJB
2556,Latohan_00689.jpg,Batik_Lasem/motifs (isen-isen)/Latohan/all_motifs (1373)/Latohan_00689.jpg,Latohan,Latohan,all_motifs (1373),The Twelve Zodiacs with Red Tambal Background.jpg,Pesona Canting,2022,raw (crop),28 x 28,sRGB IEC61966-2.1,VJB
2557,Latohan_00690.jpg,Batik_Lasem/motifs (isen-isen)/Latohan/all_motifs (1373)/Latohan_00690.jpg,Latohan,Latohan,all_motifs (1373),Isen Cloth 5.jpg,KUB Srikandi,2022,raw (crop),28 x 28,sRGB IEC61966-2.1,VJB
2558,Latohan_00691.jpg,Batik_Lasem/motifs (isen-isen)/Latohan/all_motifs (1373)/Latohan_00691.jpg,Latohan,Latohan,all_motifs (1373),Isen Cloth 5.jpg,KUB Srikandi,2022,raw (crop),28 x 28,sRGB IEC61966-2.1,VJB
2559,Latohan_00692.jpg,Batik_Lasem/motifs (isen-isen)/Latohan/all_motifs (1373)/Latohan_00692.jpg,Latohan,Latohan,all_motifs (1373),Isen Cloth 5.jpg,KUB Srikandi,2022,raw (crop),28 x 28,sRGB IEC61966-2.1,VJB
2560,Latohan_00693.jpg,Batik_Lasem/motifs (isen-isen)/Latohan/all_motifs (1373)/Latohan_00693.jpg,Latohan,Latohan,all_motifs (1373),Isen Cloth 5.jpg,KUB Srikandi,2022,raw (crop),28 x 28,sRGB IEC61966-2.1,VJB
2561,Latohan_00694.jpg,Batik_Lasem/motifs (isen-isen)/Latohan/all_motifs (1373)/Latohan_00694.jpg,Latohan,Latohan,all_motifs (1373),Isen Cloth 5.jpg,KUB Srikandi,2022,raw (crop),28 x 28,sRGB IEC61966-2.1,VJB
2562,Latohan_00695.jpg,Batik_Lasem/motifs (isen-isen)/Latohan/all_motifs (1373)/Latohan_00695.jpg,Latohan,Latohan,all_motifs (1373),Isen Cloth 5.jpg,KUB Srikandi,2022,raw (crop),28 x 28,sRGB IEC61966-2.1,VJB
2563,Latohan_00696.jpg,Batik_Lasem/motifs (isen-isen)/Latohan/all_motifs (1373)/Latohan_00696.jpg,Latohan,Latohan,all_motifs (1373),Isen Cloth 5.jpg,KUB Srikandi,2022,raw (crop),28 x 28,sRGB IEC61966-2.1,VJB
2566,Latohan_00699.jpg,Batik_Lasem/motifs (isen-isen)/Latohan/all_motifs (1373)/Latohan_00699.jpg,Latohan,Latohan,all_motifs (1373),Isen Cloth 5.jpg,KUB Srikandi,2022,raw (crop),28 x 28,sRGB IEC61966-2.1,VJB
2568,Latohan_00701.jpg,Batik_Lasem/motifs (isen-isen)/Latohan/all_motifs (1373)/Latohan_00701.jpg,Latohan,Latohan,all_motifs (1373),Isen Cloth 5.jpg,KUB Srikandi,2022,raw (crop),28 x 28,sRGB IEC61966-2.1,VJB
2569,Latohan_00702.jpg,Batik_Lasem/motifs (isen-isen)/Latohan/all_motifs (1373)/Latohan_00702.jpg,Latohan,Latohan,all_motifs (1373),Isen Cloth 5.jpg,KUB Srikandi,2022,raw (crop),28 x 28,sRGB IEC61966-2.1,VJB
2570,Latohan_00703.jpg,Batik_Lasem/motifs (isen-isen)/Latohan/all_motifs (1373)/Latohan_00703.jpg,Latohan,Latohan,all_motifs (1373),Isen Cloth 5.jpg,KUB Srikandi,2022,raw (crop),28 x 28,sRGB IEC61966-2.1,VJB
2572,Latohan_00705.jpg,Batik_Lasem/motifs (isen-isen)/Latohan/all_motifs (1373)/Latohan_00705.jpg,Latohan,Latohan,all_motifs (1373),Isen Cloth 5.jpg,KUB Srikandi,2022,raw (crop),28 x 28,sRGB IEC61966-2.1,VJB
2573,Latohan_00706.jpg,Batik_Lasem/motifs (isen-isen)/Latohan/all_motifs (1373)/Latohan_00706.jpg,Latohan,Latohan,all_motifs (1373),Isen Cloth 5.jpg,KUB Srikandi,2022,raw (crop),28 x 28,sRGB IEC61966-2.1,VJB
2581,Latohan_00714.jpg,Batik_Lasem/motifs (isen-isen)/Latohan/all_motifs (1373)/Latohan_00714.jpg,Latohan,Latohan,all_motifs (1373),Isen Cloth 5.jpg,KUB Srikandi,2022,raw (crop),28 x 28,sRGB IEC61966-2.1,VJB
2582,Latohan_00715.jpg,Batik_Lasem/motifs (isen-isen)/Latohan/all_motifs (1373)/Latohan_00715.jpg,Latohan,Latohan,all_motifs (1373),Isen Cloth 5.jpg,KUB Srikandi,2022,raw (crop),28 x 28,sRGB IEC61966-2.1,VJB
2584,Latohan_00717.jpg,Batik_Lasem/motifs (isen-isen)/Latohan/all_motifs (1373)/Latohan_00717.jpg,Latohan,Latohan,all_motifs (1373),Isen Cloth 5.jpg,KUB Srikandi,2022,raw (crop),28 x 28,sRGB IEC61966-2.1,VJB
2586,Latohan_00719.jpg,Batik_Lasem/motifs (isen-isen)/Latohan/all_motifs (1373)/Latohan_00719.jpg,Latohan,Latohan,all_motifs (1373),Seaweed or latoh.jpg,VJ Basiroen artwork,2022,raw (crop),28 x 28,sRGB IEC61966-2.1,VJB
2587,Latohan_00720.jpg,Batik_Lasem/motifs (isen-isen)/Latohan/all_motifs (1373)/Latohan_00720.jpg,Latohan,Latohan,all_motifs (1373),The Twelve Zodiacs with Red Tambal Background.jpg,Pesona Canting,2022,raw (crop),28 x 28,sRGB IEC61966-2.1,VJB
2588,Latohan_00721.jpg,Batik_Lasem/motifs (isen-isen)/Latohan/all_motifs (1373)/Latohan_00721.jpg,Latohan,Latohan,all_motifs (1373),The Twelve Zodiacs with Red Tambal Background.jpg,Pesona Canting,2022,raw (crop),28 x 28,sRGB IEC61966-2.1,VJB
2592,Latohan_00725.jpg,Batik_Lasem/motifs (isen-isen)/Latohan/all_motifs (1373)/Latohan_00725.jpg,Latohan,Latohan,all_motifs (1373),The Twelve Zodiacs with Red Tambal Background.jpg,Pesona Canting,2022,raw (crop),28 x 28,sRGB IEC61966-2.1,VJB
2593,Latohan_00726.jpg,Batik_Lasem/motifs (isen-isen)/Latohan/all_motifs (1373)/Latohan_00726.jpg,Latohan,Latohan,all_motifs (1373),The Twelve Zodiacs with Red Tambal Background.jpg,Pesona Canting,2022,raw (crop),28 x 28,sRGB IEC61966-2.1,VJB
2597,Latohan_00730.jpg,Batik_Lasem/motifs (isen-isen)/Latohan/all_motifs (1373)/Latohan_00730.jpg,Latohan,Latohan,all_motifs (1373),Seaweed or latoh.jpg,VJ Basiroen artwork,2022,raw (crop),28 x 28,sRGB IEC61966-2.1,VJB
2598,Latohan_00731.jpg,Batik_Lasem/motifs (isen-isen)/Latohan/all_motifs (1373)/Latohan_00731.jpg,Latohan,Latohan,all_motifs (1373),The Twelve Zodiacs with Red Tambal Background.jpg,Pesona Canting,2022,raw (crop),28 x 28,sRGB IEC61966-2.1,VJB
2599,Latohan_00732.jpg,Batik_Lasem/motifs (isen-isen)/Latohan/all_motifs (1373)/Latohan_00732.jpg,Latohan,Latohan,all_motifs (1373),The Twelve Zodiacs with Red Tambal Background.jpg,Pesona Canting,2022,raw (crop),28 x 28,sRGB IEC61966-2.1,VJB
2602,Latohan_00735.jpg,Batik_Lasem/motifs (isen-isen)/Latohan/all_motifs (1373)/Latohan_00735.jpg,Latohan,Latohan,all_motifs (1373),The Twelve Zodiacs with Red Tambal Background.jpg,Pesona Canting,2022,raw (crop),28 x 28,sRGB IEC61966-2.1,VJB
2603,Latohan_00736.jpg,Batik_Lasem/motifs (isen-isen)/Latohan/all_motifs (1373)/Latohan_00736.jpg,Latohan,Latohan,all_motifs (1373),The Twelve Zodiacs with Red Tambal Background.jpg,Pesona Canting,2022,raw (crop),28 x 28,sRGB IEC61966-2.1,VJB
2605,Latohan_00738.jpg,Batik_Lasem/motifs (isen-isen)/Latohan/all_motifs (1373)/Latohan_00738.jpg,Latohan,Latohan,all_motifs (1373),The Twelve Zodiacs with Red Tambal Background.jpg,Pesona Canting,2022,raw (crop),28 x 28,sRGB IEC61966-2.1,VJB
2607,Latohan_00740.jpg,Batik_Lasem/motifs (isen-isen)/Latohan/all_motifs (1373)/Latohan_00740.jpg,Latohan,Latohan,all_motifs (1373),Seaweed or latoh.jpg,VJ Basiroen artwork,2022,raw (crop),28 x 28,sRGB IEC61966-2.1,VJB
2609,Latohan_00742.jpg,Batik_Lasem/motifs (isen-isen)/Latohan/all_motifs (1373)/Latohan_00742.jpg,Latohan,Latohan,all_motifs (1373),The Twelve Zodiacs with Red Tambal Background.jpg,Pesona Canting,2022,raw (crop),28 x 28,sRGB IEC61966-2.1,VJB
2616,Latohan_00749.jpg,Batik_Lasem/motifs (isen-isen)/Latohan/all_motifs (1373)/Latohan_00749.jpg,Latohan,Latohan,all_motifs (1373),The Twelve Zodiacs with Red Tambal Background.jpg,Pesona Canting,2022,raw (crop),28 x 28,sRGB IEC61966-2.1,VJB
2617,Latohan_00750.jpg,Batik_Lasem/motifs (isen-isen)/Latohan/all_motifs (1373)/Latohan_00750.jpg,Latohan,Latohan,all_motifs (1373),The Twelve Zodiacs with Red Tambal Background.jpg,Pesona Canting,2022,raw (crop),28 x 28,sRGB IEC61966-2.1,VJB
2619,Latohan_00752.jpg,Batik_Lasem/motifs (isen-isen)/Latohan/all_motifs (1373)/Latohan_00752.jpg,Latohan,Latohan,all_motifs (1373),The Twelve Zodiacs with Red Tambal Background.jpg,Pesona Canting,2022,raw (crop),28 x 28,sRGB IEC61966-2.1,VJB
2622,Latohan_00755.jpg,Batik_Lasem/motifs (isen-isen)/Latohan/all_motifs (1373)/Latohan_00755.jpg,Latohan,Latohan,all_motifs (1373),The Twelve Zodiacs with Red Tambal Background.jpg,Pesona Canting,2022,raw (crop),28 x 28,sRGB IEC61966-2.1,VJB
2625,Latohan_00758.jpg,Batik_Lasem/motifs (isen-isen)/Latohan/all_motifs (1373)/Latohan_00758.jpg,Latohan,Latohan,all_motifs (1373),The Twelve Zodiacs with Red Tambal Background.jpg,Pesona Canting,2022,raw (crop),28 x 28,sRGB IEC61966-2.1,VJB
2628,Latohan_00761.jpg,Batik_Lasem/motifs (isen-isen)/Latohan/all_motifs (1373)/Latohan_00761.jpg,Latohan,Latohan,all_motifs (1373),Seaweed or latoh.jpg,VJ Basiroen artwork,2022,raw (crop),28 x 28,sRGB IEC61966-2.1,VJB
2629,Latohan_00762.jpg,Batik_Lasem/motifs (isen-isen)/Latohan/all_motifs (1373)/Latohan_00762.jpg,Latohan,Latohan,all_motifs (1373),The Twelve Zodiacs with Red Tambal Background.jpg,Pesona Canting,2022,raw (crop),28 x 28,sRGB IEC61966-2.1,VJB
2630,Latohan_00763.jpg,Batik_Lasem/motifs (isen-isen)/Latohan/all_motifs (1373)/Latohan_00763.jpg,Latohan,Latohan,all_motifs (1373),The Twelve Zodiacs with Red Tambal Background.jpg,Pesona Canting,2022,raw (crop),28 x 28,sRGB IEC61966-2.1,VJB
2632,Latohan_00765.jpg,Batik_Lasem/motifs (isen-isen)/Latohan/all_motifs (1373)/Latohan_00765.jpg,Latohan,Latohan,all_motifs (1373),The Twelve Zodiacs with Red Tambal Background.jpg,Pesona Canting,2022,raw (crop),28 x 28,sRGB IEC61966-2.1,VJB
2634,Latohan_00767.jpg,Batik_Lasem/motifs (isen-isen)/Latohan/all_motifs (1373)/Latohan_00767.jpg,Latohan,Latohan,all_motifs (1373),The Twelve Zodiacs with Red Tambal Background.jpg,Pesona Canting,2022,raw (crop),28 x 28,sRGB IEC61966-2.1,VJB
2635,Latohan_00768.jpg,Batik_Lasem/motifs (isen-isen)/Latohan/all_motifs (1373)/Latohan_00768.jpg,Latohan,Latohan,all_motifs (1373),The Twelve Zodiacs with Red Tambal Background.jpg,Pesona Canting,2022,raw (crop),28 x 28,sRGB IEC61966-2.1,VJB
2638,Latohan_00771.jpg,Batik_Lasem/motifs (isen-isen)/Latohan/all_motifs (1373)/Latohan_00771.jpg,Latohan,Latohan,all_motifs (1373),Seaweed or latoh.jpg,VJ Basiroen artwork,2022,raw (crop),28 x 28,sRGB IEC61966-2.1,VJB
2641,Latohan_00774.jpg,Batik_Lasem/motifs (isen-isen)/Latohan/all_motifs (1373)/Latohan_00774.jpg,Latohan,Latohan,all_motifs (1373),The Twelve Zodiacs with Red Tambal Background.jpg,Pesona Canting,2022,raw (crop),28 x 28,sRGB IEC61966-2.1,VJB
2642,Latohan_00775.jpg,Batik_Lasem/motifs (isen-isen)/Latohan/all_motifs (1373)/Latohan_00775.jpg,Latohan,Latohan,all_motifs (1373),The Twelve Zodiacs with Red Tambal Background.jpg,Pesona Canting,2022,raw (crop),28 x 28,sRGB IEC61966-2.1,VJB
2643,Latohan_00776.jpg,Batik_Lasem/motifs (isen-isen)/Latohan/all_motifs (1373)/Latohan_00776.jpg,Latohan,Latohan,all_motifs (1373),The Twelve Zodiacs with Red Tambal Background.jpg,Pesona Canting,2022,raw (crop),28 x 28,sRGB IEC61966-2.1,VJB
2644,Latohan_00777.jpg,Batik_Lasem/motifs (isen-isen)/Latohan/all_motifs (1373)/Latohan_00777.jpg,Latohan,Latohan,all_motifs (1373),The Twelve Zodiacs with Red Tambal Background.jpg,Pesona Canting,2022,raw (crop),28 x 28,sRGB IEC61966-2.1,VJB
2645,Latohan_00778.jpg,Batik_Lasem/motifs (isen-isen)/Latohan/all_motifs (1373)/Latohan_00778.jpg,Latohan,Latohan,all_motifs (1373),The Twelve Zodiacs with Red Tambal Background.jpg,Pesona Canting,2022,raw (crop),28 x 28,sRGB IEC61966-2.1,VJB
2650,Latohan_00783.jpg,Batik_Lasem/motifs (isen-isen)/Latohan/all_motifs (1373)/Latohan_00783.jpg,Latohan,Latohan,all_motifs (1373),The Twelve Zodiacs with Red Tambal Background.jpg,Pesona Canting,2022,raw (crop),28 x 28,sRGB IEC61966-2.1,VJB
2653,Latohan_00786.jpg,Batik_Lasem/motifs (isen-isen)/Latohan/all_motifs (1373)/Latohan_00786.jpg,Latohan,Latohan,all_motifs (1373),The Twelve Zodiacs with Red Tambal Background.jpg,Pesona Canting,2022,raw (crop),28 x 28,sRGB IEC61966-2.1,VJB
2655,Latohan_00788.jpg,Batik_Lasem/motifs (isen-isen)/Latohan/all_motifs (1373)/Latohan_00788.jpg,Latohan,Latohan,all_motifs (1373),The Twelve Zodiacs with Red Tambal Background.jpg,Pesona Canting,2022,raw (crop),28 x 28,sRGB IEC61966-2.1,VJB
2656,Latohan_00789.jpg,Batik_Lasem/motifs (isen-isen)/Latohan/all_motifs (1373)/Latohan_00789.jpg,Latohan,Latohan,all_motifs (1373),The Twelve Zodiacs with Red Tambal Background.jpg,Pesona Canting,2022,raw (crop),28 x 28,sRGB IEC61966-2.1,VJB
2657,Latohan_00790.jpg,Batik_Lasem/motifs (isen-isen)/Latohan/all_motifs (1373)/Latohan_00790.jpg,Latohan,Latohan,all_motifs (1373),The Twelve Zodiacs with Red Tambal Background.jpg,Pesona Canting,2022,raw (crop),28 x 28,sRGB IEC61966-2.1,VJB
2660,Latohan_00793.jpg,Batik_Lasem/motifs (isen-isen)/Latohan/all_motifs (1373)/Latohan_00793.jpg,Latohan,Latohan,all_motifs (1373),Seaweed or latoh.jpg,VJ Basiroen artwork,2022,raw (crop),28 x 28,sRGB IEC61966-2.1,VJB
2661,Latohan_00794.jpg,Batik_Lasem/motifs (isen-isen)/Latohan/all_motifs (1373)/Latohan_00794.jpg,Latohan,Latohan,all_motifs (1373),Seaweed or latoh.jpg,VJ Basiroen artwork,2022,raw (crop),28 x 28,sRGB IEC61966-2.1,VJB
2665,Latohan_00798.jpg,Batik_Lasem/motifs (isen-isen)/Latohan/all_motifs (1373)/Latohan_00798.jpg,Latohan,Latohan,all_motifs (1373),The Twelve Zodiacs with Red Tambal Background.jpg,Pesona Canting,2022,raw (crop),28 x 28,sRGB IEC61966-2.1,VJB
2666,Latohan_00799.jpg,Batik_Lasem/motifs (isen-isen)/Latohan/all_motifs (1373)/Latohan_00799.jpg,Latohan,Latohan,all_motifs (1373),Farmer and Fisherman with Latohan Background.jpg,Pesona Canting,2022,raw (crop),28 x 28,sRGB IEC61966-2.1,VJB
2667,Latohan_00800.jpg,Batik_Lasem/motifs (isen-isen)/Latohan/all_motifs (1373)/Latohan_00800.jpg,Latohan,Latohan,all_motifs (1373),Farmer and Fisherman with Latohan Background.jpg,Pesona Canting,2022,raw (crop),28 x 28,sRGB IEC61966-2.1,VJB
2670,Latohan_00803.jpg,Batik_Lasem/motifs (isen-isen)/Latohan/all_motifs (1373)/Latohan_00803.jpg,Latohan,Latohan,all_motifs (1373),Farmer and Fisherman with Latohan Background.jpg,Pesona Canting,2022,raw (crop),28 x 28,sRGB IEC61966-2.1,VJB
2671,Latohan_00804.jpg,Batik_Lasem/motifs (isen-isen)/Latohan/all_motifs (1373)/Latohan_00804.jpg,Latohan,Latohan,all_motifs (1373),Farmer and Fisherman with Latohan Background.jpg,Pesona Canting,2022,raw (crop),28 x 28,sRGB IEC61966-2.1,VJB
2674,Latohan_00807.jpg,Batik_Lasem/motifs (isen-isen)/Latohan/all_motifs (1373)/Latohan_00807.jpg,Latohan,Latohan,all_motifs (1373),Farmer and Fisherman with Latohan Background.jpg,Pesona Canting,2022,raw (crop),28 x 28,sRGB IEC61966-2.1,VJB
2675,Latohan_00808.jpg,Batik_Lasem/motifs (isen-isen)/Latohan/all_motifs (1373)/Latohan_00808.jpg,Latohan,Latohan,all_motifs (1373),Farmer and Fisherman with Latohan Background.jpg,Pesona Canting,2022,raw (crop),28 x 28,sRGB IEC61966-2.1,VJB
2676,Latohan_00809.jpg,Batik_Lasem/motifs (isen-isen)/Latohan/all_motifs (1373)/Latohan_00809.jpg,Latohan,Latohan,all_motifs (1373),Farmer and Fisherman with Latohan Background.jpg,Pesona Canting,2022,raw (crop),28 x 28,sRGB IEC61966-2.1,VJB
2680,Latohan_00813.jpg,Batik_Lasem/motifs (isen-isen)/Latohan/all_motifs (1373)/Latohan_00813.jpg,Latohan,Latohan,all_motifs (1373),Farmer and Fisherman with Latohan Background.jpg,Pesona Canting,2022,raw (crop),28 x 28,sRGB IEC61966-2.1,VJB
2681,Latohan_00814.jpg,Batik_Lasem/motifs (isen-isen)/Latohan/all_motifs (1373)/Latohan_00814.jpg,Latohan,Latohan,all_motifs (1373),Farmer and Fisherman with Latohan Background.jpg,Pesona Canting,2022,raw (crop),28 x 28,sRGB IEC61966-2.1,VJB
2682,Latohan_00815.jpg,Batik_Lasem/motifs (isen-isen)/Latohan/all_motifs (1373)/Latohan_00815.jpg,Latohan,Latohan,all_motifs (1373),Farmer and Fisherman with Latohan Background.jpg,Pesona Canting,2022,raw (crop),28 x 28,sRGB IEC61966-2.1,VJB
2689,Latohan_00822.jpg,Batik_Lasem/motifs (isen-isen)/Latohan/all_motifs (1373)/Latohan_00822.jpg,Latohan,Latohan,all_motifs (1373),Farmer and Fisherman with Latohan Background.jpg,Pesona Canting,2022,raw (crop),28 x 28,sRGB IEC61966-2.1,VJB
2690,Latohan_00823.jpg,Batik_Lasem/motifs (isen-isen)/Latohan/all_motifs (1373)/Latohan_00823.jpg,Latohan,Latohan,all_motifs (1373),Farmer and Fisherman with Latohan Background.jpg,Pesona Canting,2022,raw (crop),28 x 28,sRGB IEC61966-2.1,VJB
2691,Latohan_00824.jpg,Batik_Lasem/motifs (isen-isen)/Latohan/all_motifs (1373)/Latohan_00824.jpg,Latohan,Latohan,all_motifs (1373),Farmer and Fisherman with Latohan Background.jpg,Pesona Canting,2022,raw (crop),28 x 28,sRGB IEC61966-2.1,VJB
2692,Latohan_00825.jpg,Batik_Lasem/motifs (isen-isen)/Latohan/all_motifs (1373)/Latohan_00825.jpg,Latohan,Latohan,all_motifs (1373),Farmer and Fisherman with Latohan Background.jpg,Pesona Canting,2022,raw (crop),28 x 28,sRGB IEC61966-2.1,VJB
2695,Latohan_00828.jpg,Batik_Lasem/motifs (isen-isen)/Latohan/all_motifs (1373)/Latohan_00828.jpg,Latohan,Latohan,all_motifs (1373),The Twelve Zodiacs with Red Tambal Background.jpg,Pesona Canting,2022,raw (crop),28 x 28,sRGB IEC61966-2.1,VJB
2696,Latohan_00829.jpg,Batik_Lasem/motifs (isen-isen)/Latohan/all_motifs (1373)/Latohan_00829.jpg,Latohan,Latohan,all_motifs (1373),The Twelve Zodiacs with Red Tambal Background.jpg,Pesona Canting,2022,raw (crop),28 x 28,sRGB IEC61966-2.1,VJB
2699,Latohan_00832.jpg,Batik_Lasem/motifs (isen-isen)/Latohan/all_motifs (1373)/Latohan_00832.jpg,Latohan,Latohan,all_motifs (1373),Isen Cloth 4.jpg,KUB Srikandi,2022,raw (crop),28 x 28,sRGB IEC61966-2.1,VJB
2700,Latohan_00833.jpg,Batik_Lasem/motifs (isen-isen)/Latohan/all_motifs (1373)/Latohan_00833.jpg,Latohan,Latohan,all_motifs (1373),The Twelve Zodiacs with Red Tambal Background.jpg,Pesona Canting,2022,raw (crop),28 x 28,sRGB IEC61966-2.1,VJB
2702,Latohan_00835.jpg,Batik_Lasem/motifs (isen-isen)/Latohan/all_motifs (1373)/Latohan_00835.jpg,Latohan,Latohan,all_motifs (1373),The Twelve Zodiacs with Red Tambal Background.jpg,Pesona Canting,2022,raw (crop),28 x 28,sRGB IEC61966-2.1,VJB
2704,Latohan_00837.jpg,Batik_Lasem/motifs (isen-isen)/Latohan/all_motifs (1373)/Latohan_00837.jpg,Latohan,Latohan,all_motifs (1373),The Twelve Zodiacs with Red Tambal Background.jpg,Pesona Canting,2022,raw (crop),28 x 28,sRGB IEC61966-2.1,VJB
2709,Latohan_00842.jpg,Batik_Lasem/motifs (isen-isen)/Latohan/all_motifs (1373)/Latohan_00842.jpg,Latohan,Latohan,all_motifs (1373),Latohan and farmer.jpg,VJ Basiroen artwork,2022,raw (crop),28 x 28,sRGB IEC61966-2.1,VJB
2711,Latohan_00844.jpg,Batik_Lasem/motifs (isen-isen)/Latohan/all_motifs (1373)/Latohan_00844.jpg,Latohan,Latohan,all_motifs (1373),Latohan and farmer.jpg,VJ Basiroen artwork,2022,raw (crop),28 x 28,sRGB IEC61966-2.1,VJB
2713,Latohan_00846.jpg,Batik_Lasem/motifs (isen-isen)/Latohan/all_motifs (1373)/Latohan_00846.jpg,Latohan,Latohan,all_motifs (1373),Latohan and farmer.jpg,VJ Basiroen artwork,2022,raw (crop),28 x 28,sRGB IEC61966-2.1,VJB
2715,Latohan_00848.jpg,Batik_Lasem/motifs (isen-isen)/Latohan/all_motifs (1373)/Latohan_00848.jpg,Latohan,Latohan,all_motifs (1373),The Twelve Zodiacs with Red Tambal Background.jpg,Pesona Canting,2022,raw (crop),28 x 28,sRGB IEC61966-2.1,VJB
2716,Latohan_00849.jpg,Batik_Lasem/motifs (isen-isen)/Latohan/all_motifs (1373)/Latohan_00849.jpg,Latohan,Latohan,all_motifs (1373),Latohan and farmer.jpg,VJ Basiroen artwork,2022,raw (crop),28 x 28,sRGB IEC61966-2.1,VJB
2717,Latohan_00850.jpg,Batik_Lasem/motifs (isen-isen)/Latohan/all_motifs (1373)/Latohan_00850.jpg,Latohan,Latohan,all_motifs (1373),The Twelve Zodiacs with Red Tambal Background.jpg,Pesona Canting,2022,raw (crop),28 x 28,sRGB IEC61966-2.1,VJB
2718,Latohan_00851.jpg,Batik_Lasem/motifs (isen-isen)/Latohan/all_motifs (1373)/Latohan_00851.jpg,Latohan,Latohan,all_motifs (1373),The Twelve Zodiacs with Red Tambal Background.jpg,Pesona Canting,2022,raw (crop),28 x 28,sRGB IEC61966-2.1,VJB
2719,Latohan_00852.jpg,Batik_Lasem/motifs (isen-isen)/Latohan/all_motifs (1373)/Latohan_00852.jpg,Latohan,Latohan,all_motifs (1373),Latohan and farmer.jpg,VJ Basiroen artwork,2022,raw (crop),28 x 28,sRGB IEC61966-2.1,VJB
2720,Latohan_00853.jpg,Batik_Lasem/motifs (isen-isen)/Latohan/all_motifs (1373)/Latohan_00853.jpg,Latohan,Latohan,all_motifs (1373),Latohan and farmer.jpg,VJ Basiroen artwork,2022,raw (crop),28 x 28,sRGB IEC61966-2.1,VJB
2721,Latohan_00854.jpg,Batik_Lasem/motifs (isen-isen)/Latohan/all_motifs (1373)/Latohan_00854.jpg,Latohan,Latohan,all_motifs (1373),Latohan and farmer.jpg,VJ Basiroen artwork,2022,raw (crop),28 x 28,sRGB IEC61966-2.1,VJB
2727,Latohan_00860.jpg,Batik_Lasem/motifs (isen-isen)/Latohan/all_motifs (1373)/Latohan_00860.jpg,Latohan,Latohan,all_motifs (1373),Latohan and farmer.jpg,VJ Basiroen artwork,2022,raw (crop),28 x 28,sRGB IEC61966-2.1,VJB
2730,Latohan_00863.jpg,Batik_Lasem/motifs (isen-isen)/Latohan/all_motifs (1373)/Latohan_00863.jpg,Latohan,Latohan,all_motifs (1373),Latohan and farmer.jpg,VJ Basiroen artwork,2022,raw (crop),28 x 28,sRGB IEC61966-2.1,VJB
2733,Latohan_00866.jpg,Batik_Lasem/motifs (isen-isen)/Latohan/all_motifs (1373)/Latohan_00866.jpg,Latohan,Latohan,all_motifs (1373),Latohan and farmer.jpg,VJ Basiroen artwork,2022,raw (crop),28 x 28,sRGB IEC61966-2.1,VJB
2737,Latohan_00870.jpg,Batik_Lasem/motifs (isen-isen)/Latohan/all_motifs (1373)/Latohan_00870.jpg,Latohan,Latohan,all_motifs (1373),Latohan and farmer.jpg,VJ Basiroen artwork,2022,raw (crop),28 x 28,sRGB IEC61966-2.1,VJB
2738,Latohan_00871.jpg,Batik_Lasem/motifs (isen-isen)/Latohan/all_motifs (1373)/Latohan_00871.jpg,Latohan,Latohan,all_motifs (1373),Latohan and farmer.jpg,VJ Basiroen artwork,2022,raw (crop),28 x 28,sRGB IEC61966-2.1,VJB
2739,Latohan_00872.jpg,Batik_Lasem/motifs (isen-isen)/Latohan/all_motifs (1373)/Latohan_00872.jpg,Latohan,Latohan,all_motifs (1373),Latohan and farmer.jpg,VJ Basiroen artwork,2022,raw (crop),28 x 28,sRGB IEC61966-2.1,VJB
2740,Latohan_00873.jpg,Batik_Lasem/motifs (isen-isen)/Latohan/all_motifs (1373)/Latohan_00873.jpg,Latohan,Latohan,all_motifs (1373),Latohan and farmer.jpg,VJ Basiroen artwork,2022,raw (crop),28 x 28,sRGB IEC61966-2.1,VJB
2742,Latohan_00875.jpg,Batik_Lasem/motifs (isen-isen)/Latohan/all_motifs (1373)/Latohan_00875.jpg,Latohan,Latohan,all_motifs (1373),Latohan and farmer.jpg,VJ Basiroen artwork,2022,raw (crop),28 x 28,sRGB IEC61966-2.1,VJB
2747,Latohan_00880.jpg,Batik_Lasem/motifs (isen-isen)/Latohan/all_motifs (1373)/Latohan_00880.jpg,Latohan,Latohan,all_motifs (1373),Isen Cloth 5.jpg,KUB Srikandi,2022,raw (crop),28 x 28,sRGB IEC61966-2.1,VJB
2749,Latohan_00882.jpg,Batik_Lasem/motifs (isen-isen)/Latohan/all_motifs (1373)/Latohan_00882.jpg,Latohan,Latohan,all_motifs (1373),Isen Cloth 5.jpg,KUB Srikandi,2022,raw (crop),28 x 28,sRGB IEC61966-2.1,VJB
2751,Latohan_00884.jpg,Batik_Lasem/motifs (isen-isen)/Latohan/all_motifs (1373)/Latohan_00884.jpg,Latohan,Latohan,all_motifs (1373),Isen Cloth 5.jpg,KUB Srikandi,2022,raw (crop),28 x 28,sRGB IEC61966-2.1,VJB
2752,Latohan_00885.jpg,Batik_Lasem/motifs (isen-isen)/Latohan/all_motifs (1373)/Latohan_00885.jpg,Latohan,Latohan,all_motifs (1373),Isen Cloth 5.jpg,KUB Srikandi,2022,raw (crop),28 x 28,sRGB IEC61966-2.1,VJB
2753,Latohan_00886.jpg,Batik_Lasem/motifs (isen-isen)/Latohan/all_motifs (1373)/Latohan_00886.jpg,Latohan,Latohan,all_motifs (1373),Isen Cloth 5.jpg,KUB Srikandi,2022,raw (crop),28 x 28,sRGB IEC61966-2.1,VJB
2754,Latohan_00887.jpg,Batik_Lasem/motifs (isen-isen)/Latohan/all_motifs (1373)/Latohan_00887.jpg,Latohan,Latohan,all_motifs (1373),Isen Cloth 5.jpg,KUB Srikandi,2022,raw (crop),28 x 28,sRGB IEC61966-2.1,VJB
2757,Latohan_00890.jpg,Batik_Lasem/motifs (isen-isen)/Latohan/all_motifs (1373)/Latohan_00890.jpg,Latohan,Latohan,all_motifs (1373),Isen Cloth 5.jpg,KUB Srikandi,2022,raw (crop),28 x 28,sRGB IEC61966-2.1,VJB
2758,Latohan_00891.jpg,Batik_Lasem/motifs (isen-isen)/Latohan/all_motifs (1373)/Latohan_00891.jpg,Latohan,Latohan,all_motifs (1373),Isen Cloth 5.jpg,KUB Srikandi,2022,raw (crop),28 x 28,sRGB IEC61966-2.1,VJB
2760,Latohan_00893.jpg,Batik_Lasem/motifs (isen-isen)/Latohan/all_motifs (1373)/Latohan_00893.jpg,Latohan,Latohan,all_motifs (1373),Isen Cloth 5.jpg,KUB Srikandi,2022,raw (crop),28 x 28,sRGB IEC61966-2.1,VJB
2761,Latohan_00894.jpg,Batik_Lasem/motifs (isen-isen)/Latohan/all_motifs (1373)/Latohan_00894.jpg,Latohan,Latohan,all_motifs (1373),Isen Cloth 5.jpg,KUB Srikandi,2022,raw (crop),28 x 28,sRGB IEC61966-2.1,VJB
2762,Latohan_00895.jpg,Batik_Lasem/motifs (isen-isen)/Latohan/all_motifs (1373)/Latohan_00895.jpg,Latohan,Latohan,all_motifs (1373),Isen Cloth 5.jpg,KUB Srikandi,2022,raw (crop),28 x 28,sRGB IEC61966-2.1,VJB
2765,Latohan_00898.jpg,Batik_Lasem/motifs (isen-isen)/Latohan/all_motifs (1373)/Latohan_00898.jpg,Latohan,Latohan,all_motifs (1373),Isen Cloth 5.jpg,KUB Srikandi,2022,raw (crop),28 x 28,sRGB IEC61966-2.1,VJB
2767,Latohan_00900.jpg,Batik_Lasem/motifs (isen-isen)/Latohan/all_motifs (1373)/Latohan_00900.jpg,Latohan,Latohan,all_motifs (1373),Seaweed or latoh.jpg,VJ Basiroen artwork,2022,raw (crop),28 x 28,sRGB IEC61966-2.1,VJB
2769,Latohan_00902.jpg,Batik_Lasem/motifs (isen-isen)/Latohan/all_motifs (1373)/Latohan_00902.jpg,Latohan,Latohan,all_motifs (1373),Isen Cloth 5.jpg,KUB Srikandi,2022,raw (crop),28 x 28,sRGB IEC61966-2.1,VJB
2771,Latohan_00904.jpg,Batik_Lasem/motifs (isen-isen)/Latohan/all_motifs (1373)/Latohan_00904.jpg,Latohan,Latohan,all_motifs (1373),The Twelve Zodiacs with Red Tambal Background.jpg,Pesona Canting,2022,raw (crop),28 x 28,sRGB IEC61966-2.1,VJB
2774,Latohan_00907.jpg,Batik_Lasem/motifs (isen-isen)/Latohan/all_motifs (1373)/Latohan_00907.jpg,Latohan,Latohan,all_motifs (1373),The Twelve Zodiacs with Red Tambal Background.jpg,Pesona Canting,2022,raw (crop),28 x 28,sRGB IEC61966-2.1,VJB
2777,Latohan_00910.jpg,Batik_Lasem/motifs (isen-isen)/Latohan/all_motifs (1373)/Latohan_00910.jpg,Latohan,Latohan,all_motifs (1373),The Twelve Zodiacs with Red Tambal Background.jpg,Pesona Canting,2022,raw (crop),28 x 28,sRGB IEC61966-2.1,VJB
2780,Latohan_00913.jpg,Batik_Lasem/motifs (isen-isen)/Latohan/all_motifs (1373)/Latohan_00913.jpg,Latohan,Latohan,all_motifs (1373),The Twelve Zodiacs with Red Tambal Background.jpg,Pesona Canting,2022,raw (crop),28 x 28,sRGB IEC61966-2.1,VJB
2781,Latohan_00914.jpg,Batik_Lasem/motifs (isen-isen)/Latohan/all_motifs (1373)/Latohan_00914.jpg,Latohan,Latohan,all_motifs (1373),The Twelve Zodiacs with Red Tambal Background.jpg,Pesona Canting,2022,raw (crop),28 x 28,sRGB IEC61966-2.1,VJB
2782,Latohan_00915.jpg,Batik_Lasem/motifs (isen-isen)/Latohan/all_motifs (1373)/Latohan_00915.jpg,Latohan,Latohan,all_motifs (1373),The Twelve Zodiacs with Red Tambal Background.jpg,Pesona Canting,2022,raw (crop),28 x 28,sRGB IEC61966-2.1,VJB
2787,Latohan_00920.jpg,Batik_Lasem/motifs (isen-isen)/Latohan/all_motifs (1373)/Latohan_00920.jpg,Latohan,Latohan,all_motifs (1373),The Twelve Zodiacs with Red Tambal Background.jpg,Pesona Canting,2022,raw (crop),28 x 28,sRGB IEC61966-2.1,VJB
2789,Latohan_00922.jpg,Batik_Lasem/motifs (isen-isen)/Latohan/all_motifs (1373)/Latohan_00922.jpg,Latohan,Latohan,all_motifs (1373),The Twelve Zodiacs with Red Tambal Background.jpg,Pesona Canting,2022,raw (crop),28 x 28,sRGB IEC61966-2.1,VJB
2791,Latohan_00924.jpg,Batik_Lasem/motifs (isen-isen)/Latohan/all_motifs (1373)/Latohan_00924.jpg,Latohan,Latohan,all_motifs (1373),The Twelve Zodiacs with Red Tambal Background.jpg,Pesona Canting,2022,raw (crop),28 x 28,sRGB IEC61966-2.1,VJB
2792,Latohan_00925.jpg,Batik_Lasem/motifs (isen-isen)/Latohan/all_motifs (1373)/Latohan_00925.jpg,Latohan,Latohan,all_motifs (1373),The Twelve Zodiacs with Red Tambal Background.jpg,Pesona Canting,2022,raw (crop),28 x 28,sRGB IEC61966-2.1,VJB
2793,Latohan_00926.jpg,Batik_Lasem/motifs (isen-isen)/Latohan/all_motifs (1373)/Latohan_00926.jpg,Latohan,Latohan,all_motifs (1373),The Twelve Zodiacs with Red Tambal Background.jpg,Pesona Canting,2022,raw (crop),28 x 28,sRGB IEC61966-2.1,VJB
2794,Latohan_00927.jpg,Batik_Lasem/motifs (isen-isen)/Latohan/all_motifs (1373)/Latohan_00927.jpg,Latohan,Latohan,all_motifs (1373),The Twelve Zodiacs with Red Tambal Background.jpg,Pesona Canting,2022,raw (crop),28 x 28,sRGB IEC61966-2.1,VJB
2795,Latohan_00928.jpg,Batik_Lasem/motifs (isen-isen)/Latohan/all_motifs (1373)/Latohan_00928.jpg,Latohan,Latohan,all_motifs (1373),The Twelve Zodiacs with Red Tambal Background.jpg,Pesona Canting,2022,raw (crop),28 x 28,sRGB IEC61966-2.1,VJB
2796,Latohan_00929.jpg,Batik_Lasem/motifs (isen-isen)/Latohan/all_motifs (1373)/Latohan_00929.jpg,Latohan,Latohan,all_motifs (1373),The Twelve Zodiacs with Red Tambal Background.jpg,Pesona Canting,2022,raw (crop),28 x 28,sRGB IEC61966-2.1,VJB
2799,Latohan_00932.jpg,Batik_Lasem/motifs (isen-isen)/Latohan/all_motifs (1373)/Latohan_00932.jpg,Latohan,Latohan,all_motifs (1373),The Twelve Zodiacs with Red Tambal Background.jpg,Pesona Canting,2022,raw (crop),28 x 28,sRGB IEC61966-2.1,VJB
2802,Latohan_00935.jpg,Batik_Lasem/motifs (isen-isen)/Latohan/all_motifs (1373)/Latohan_00935.jpg,Latohan,Latohan,all_motifs (1373),The Twelve Zodiacs with Red Tambal Background.jpg,Pesona Canting,2022,raw (crop),28 x 28,sRGB IEC61966-2.1,VJB
2803,Latohan_00936.jpg,Batik_Lasem/motifs (isen-isen)/Latohan/all_motifs (1373)/Latohan_00936.jpg,Latohan,Latohan,all_motifs (1373),The Twelve Zodiacs with Red Tambal Background.jpg,Pesona Canting,2022,raw (crop),28 x 28,sRGB IEC61966-2.1,VJB
2804,Latohan_00937.jpg,Batik_Lasem/motifs (isen-isen)/Latohan/all_motifs (1373)/Latohan_00937.jpg,Latohan,Latohan,all_motifs (1373),The Twelve Zodiacs with Red Tambal Background.jpg,Pesona Canting,2022,raw (crop),28 x 28,sRGB IEC61966-2.1,VJB
2806,Latohan_00939.jpg,Batik_Lasem/motifs (isen-isen)/Latohan/all_motifs (1373)/Latohan_00939.jpg,Latohan,Latohan,all_motifs (1373),The Twelve Zodiacs with Red Tambal Background.jpg,Pesona Canting,2022,raw (crop),28 x 28,sRGB IEC61966-2.1,VJB
2807,Latohan_00940.jpg,Batik_Lasem/motifs (isen-isen)/Latohan/all_motifs (1373)/Latohan_00940.jpg,Latohan,Latohan,all_motifs (1373),The Twelve Zodiacs with Red Tambal Background.jpg,Pesona Canting,2022,raw (crop),28 x 28,sRGB IEC61966-2.1,VJB
2809,Latohan_00942.jpg,Batik_Lasem/motifs (isen-isen)/Latohan/all_motifs (1373)/Latohan_00942.jpg,Latohan,Latohan,all_motifs (1373),The Twelve Zodiacs with Red Tambal Background.jpg,Pesona Canting,2022,raw (crop),28 x 28,sRGB IEC61966-2.1,VJB
2810,Latohan_00943.jpg,Batik_Lasem/motifs (isen-isen)/Latohan/all_motifs (1373)/Latohan_00943.jpg,Latohan,Latohan,all_motifs (1373),The Twelve Zodiacs with Red Tambal Background.jpg,Pesona Canting,2022,raw (crop),28 x 28,sRGB IEC61966-2.1,VJB
2812,Latohan_00945.jpg,Batik_Lasem/motifs (isen-isen)/Latohan/all_motifs (1373)/Latohan_00945.jpg,Latohan,Latohan,all_motifs (1373),The Twelve Zodiacs with Red Tambal Background.jpg,Pesona Canting,2022,raw (crop),28 x 28,sRGB IEC61966-2.1,VJB
2814,Latohan_00947.jpg,Batik_Lasem/motifs (isen-isen)/Latohan/all_motifs (1373)/Latohan_00947.jpg,Latohan,Latohan,all_motifs (1373),The Twelve Zodiacs with Red Tambal Background.jpg,Pesona Canting,2022,raw (crop),28 x 28,sRGB IEC61966-2.1,VJB
2815,Latohan_00948.jpg,Batik_Lasem/motifs (isen-isen)/Latohan/all_motifs (1373)/Latohan_00948.jpg,Latohan,Latohan,all_motifs (1373),The Twelve Zodiacs with Red Tambal Background.jpg,Pesona Canting,2022,raw (crop),28 x 28,sRGB IEC61966-2.1,VJB
2816,Latohan_00949.jpg,Batik_Lasem/motifs (isen-isen)/Latohan/all_motifs (1373)/Latohan_00949.jpg,Latohan,Latohan,all_motifs (1373),The Twelve Zodiacs with Red Tambal Background.jpg,Pesona Canting,2022,raw (crop),28 x 28,sRGB IEC61966-2.1,VJB
2818,Latohan_00951.jpg,Batik_Lasem/motifs (isen-isen)/Latohan/all_motifs (1373)/Latohan_00951.jpg,Latohan,Latohan,all_motifs (1373),The Twelve Zodiacs with Red Tambal Background.jpg,Pesona Canting,2022,raw (crop),28 x 28,sRGB IEC61966-2.1,VJB
2820,Latohan_00953.jpg,Batik_Lasem/motifs (isen-isen)/Latohan/all_motifs (1373)/Latohan_00953.jpg,Latohan,Latohan,all_motifs (1373),The Twelve Zodiacs with Red Tambal Background.jpg,Pesona Canting,2022,raw (crop),28 x 28,sRGB IEC61966-2.1,VJB
2821,Latohan_00954.jpg,Batik_Lasem/motifs (isen-isen)/Latohan/all_motifs (1373)/Latohan_00954.jpg,Latohan,Latohan,all_motifs (1373),The Twelve Zodiacs with Red Tambal Background.jpg,Pesona Canting,2022,raw (crop),28 x 28,sRGB IEC61966-2.1,VJB
2824,Latohan_00957.jpg,Batik_Lasem/motifs (isen-isen)/Latohan/all_motifs (1373)/Latohan_00957.jpg,Latohan,Latohan,all_motifs (1373),The Twelve Zodiacs with Red Tambal Background.jpg,Pesona Canting,2022,raw (crop),28 x 28,sRGB IEC61966-2.1,VJB
2830,Latohan_00963.jpg,Batik_Lasem/motifs (isen-isen)/Latohan/all_motifs (1373)/Latohan_00963.jpg,Latohan,Latohan,all_motifs (1373),Seaweed or latoh.jpg,VJ Basiroen artwork,2022,raw (crop),28 x 28,sRGB IEC61966-2.1,VJB
2831,Latohan_00964.jpg,Batik_Lasem/motifs (isen-isen)/Latohan/all_motifs (1373)/Latohan_00964.jpg,Latohan,Latohan,all_motifs (1373),Seaweed or latoh.jpg,VJ Basiroen artwork,2022,raw (crop),28 x 28,sRGB IEC61966-2.1,VJB
2833,Latohan_00966.jpg,Batik_Lasem/motifs (isen-isen)/Latohan/all_motifs (1373)/Latohan_00966.jpg,Latohan,Latohan,all_motifs (1373),Seaweed or latoh.jpg,VJ Basiroen artwork,2022,raw (crop),28 x 28,sRGB IEC61966-2.1,VJB
2834,Latohan_00967.jpg,Batik_Lasem/motifs (isen-isen)/Latohan/all_motifs (1373)/Latohan_00967.jpg,Latohan,Latohan,all_motifs (1373),Seaweed or latoh.jpg,VJ Basiroen artwork,2022,raw (crop),28 x 28,sRGB IEC61966-2.1,VJB
2837,Latohan_00970.jpg,Batik_Lasem/motifs (isen-isen)/Latohan/all_motifs (1373)/Latohan_00970.jpg,Latohan,Latohan,all_motifs (1373),Seaweed or latoh.jpg,VJ Basiroen artwork,2022,raw (crop),28 x 28,sRGB IEC61966-2.1,VJB
2838,Latohan_00971.jpg,Batik_Lasem/motifs (isen-isen)/Latohan/all_motifs (1373)/Latohan_00971.jpg,Latohan,Latohan,all_motifs (1373),Seaweed or latoh.jpg,VJ Basiroen artwork,2022,raw (crop),28 x 28,sRGB IEC61966-2.1,VJB
2839,Latohan_00972.jpg,Batik_Lasem/motifs (isen-isen)/Latohan/all_motifs (1373)/Latohan_00972.jpg,Latohan,Latohan,all_motifs (1373),Seaweed or latoh.jpg,VJ Basiroen artwork,2022,raw (crop),28 x 28,sRGB IEC61966-2.1,VJB
2843,Latohan_00976.jpg,Batik_Lasem/motifs (isen-isen)/Latohan/all_motifs (1373)/Latohan_00976.jpg,Latohan,Latohan,all_motifs (1373),Seaweed or latoh.jpg,VJ Basiroen artwork,2022,raw (crop),28 x 28,sRGB IEC61966-2.1,VJB
2845,Latohan_00978.jpg,Batik_Lasem/motifs (isen-isen)/Latohan/all_motifs (1373)/Latohan_00978.jpg,Latohan,Latohan,all_motifs (1373),Seaweed or latoh.jpg,VJ Basiroen artwork,2022,raw (crop),28 x 28,sRGB IEC61966-2.1,VJB
2846,Latohan_00979.jpg,Batik_Lasem/motifs (isen-isen)/Latohan/all_motifs (1373)/Latohan_00979.jpg,Latohan,Latohan,all_motifs (1373),Seaweed or latoh.jpg,VJ Basiroen artwork,2022,raw (crop),28 x 28,sRGB IEC61966-2.1,VJB
2847,Latohan_00980.jpg,Batik_Lasem/motifs (isen-isen)/Latohan/all_motifs (1373)/Latohan_00980.jpg,Latohan,Latohan,all_motifs (1373),Seaweed or latoh.jpg,VJ Basiroen artwork,2022,raw (crop),28 x 28,sRGB IEC61966-2.1,VJB
2848,Latohan_00981.jpg,Batik_Lasem/motifs (isen-isen)/Latohan/all_motifs (1373)/Latohan_00981.jpg,Latohan,Latohan,all_motifs (1373),Seaweed or latoh.jpg,VJ Basiroen artwork,2022,raw (crop),28 x 28,sRGB IEC61966-2.1,VJB
2849,Latohan_00982.jpg,Batik_Lasem/motifs (isen-isen)/Latohan/all_motifs (1373)/Latohan_00982.jpg,Latohan,Latohan,all_motifs (1373),Seaweed or latoh.jpg,VJ Basiroen artwork,2022,raw (crop),28 x 28,sRGB IEC61966-2.1,VJB
2850,Latohan_00983.jpg,Batik_Lasem/motifs (isen-isen)/Latohan/all_motifs (1373)/Latohan_00983.jpg,Latohan,Latohan,all_motifs (1373),Seaweed or latoh.jpg,VJ Basiroen artwork,2022,raw (crop),28 x 28,sRGB IEC61966-2.1,VJB
2851,Latohan_00984.jpg,Batik_Lasem/motifs (isen-isen)/Latohan/all_motifs (1373)/Latohan_00984.jpg,Latohan,Latohan,all_motifs (1373),Seaweed or latoh.jpg,VJ Basiroen artwork,2022,raw (crop),28 x 28,sRGB IEC61966-2.1,VJB
2852,Latohan_00985.jpg,Batik_Lasem/motifs (isen-isen)/Latohan/all_motifs (1373)/Latohan_00985.jpg,Latohan,Latohan,all_motifs (1373),Seaweed or latoh.jpg,VJ Basiroen artwork,2022,raw (crop),28 x 28,sRGB IEC61966-2.1,VJB
2854,Latohan_00987.jpg,Batik_Lasem/motifs (isen-isen)/Latohan/all_motifs (1373)/Latohan_00987.jpg,Latohan,Latohan,all_motifs (1373),Seaweed or latoh.jpg,VJ Basiroen artwork,2022,raw (crop),28 x 28,sRGB IEC61966-2.1,VJB
2856,Latohan_00989.jpg,Batik_Lasem/motifs (isen-isen)/Latohan/all_motifs (1373)/Latohan_00989.jpg,Latohan,Latohan,all_motifs (1373),Seaweed or latoh.jpg,VJ Basiroen artwork,2022,raw (crop),28 x 28,sRGB IEC61966-2.1,VJB
2857,Latohan_00990.jpg,Batik_Lasem/motifs (isen-isen)/Latohan/all_motifs (1373)/Latohan_00990.jpg,Latohan,Latohan,all_motifs (1373),Seaweed or latoh.jpg,VJ Basiroen artwork,2022,raw (crop),28 x 28,sRGB IEC61966-2.1,VJB
2861,Latohan_00994.jpg,Batik_Lasem/motifs (isen-isen)/Latohan/all_motifs (1373)/Latohan_00994.jpg,Latohan,Latohan,all_motifs (1373),Seaweed or latoh.jpg,VJ Basiroen artwork,2022,raw (crop),28 x 28,sRGB IEC61966-2.1,VJB
2866,Latohan_00999.jpg,Batik_Lasem/motifs (isen-isen)/Latohan/all_motifs (1373)/Latohan_00999.jpg,Latohan,Latohan,all_motifs (1373),Seaweed or latoh.jpg,VJ Basiroen artwork,2022,raw (crop),28 x 28,sRGB IEC61966-2.1,VJB
2867,Latohan_01000.jpg,Batik_Lasem/motifs (isen-isen)/Latohan/all_motifs (1373)/Latohan_01000.jpg,Latohan,Latohan,all_motifs (1373),Seaweed or latoh.jpg,VJ Basiroen artwork,2022,raw (crop),28 x 28,sRGB IEC61966-2.1,VJB
2870,Latohan_01003.jpg,Batik_Lasem/motifs (isen-isen)/Latohan/all_motifs (1373)/Latohan_01003.jpg,Latohan,Latohan,all_motifs (1373),Seaweed or latoh.jpg,VJ Basiroen artwork,2022,raw (crop),28 x 28,sRGB IEC61966-2.1,VJB
2871,Latohan_01004.jpg,Batik_Lasem/motifs (isen-isen)/Latohan/all_motifs (1373)/Latohan_01004.jpg,Latohan,Latohan,all_motifs (1373),Seaweed or latoh.jpg,VJ Basiroen artwork,2022,raw (crop),28 x 28,sRGB IEC61966-2.1,VJB
2873,Latohan_01006.jpg,Batik_Lasem/motifs (isen-isen)/Latohan/all_motifs (1373)/Latohan_01006.jpg,Latohan,Latohan,all_motifs (1373),Seaweed or latoh.jpg,VJ Basiroen artwork,2022,raw (crop),28 x 28,sRGB IEC61966-2.1,VJB
2875,Latohan_01008.jpg,Batik_Lasem/motifs (isen-isen)/Latohan/all_motifs (1373)/Latohan_01008.jpg,Latohan,Latohan,all_motifs (1373),Seaweed or latoh.jpg,VJ Basiroen artwork,2022,raw (crop),28 x 28,sRGB IEC61966-2.1,VJB
2876,Latohan_01009.jpg,Batik_Lasem/motifs (isen-isen)/Latohan/all_motifs (1373)/Latohan_01009.jpg,Latohan,Latohan,all_motifs (1373),Seaweed or latoh.jpg,VJ Basiroen artwork,2022,raw (crop),28 x 28,sRGB IEC61966-2.1,VJB
2877,Latohan_01010.jpg,Batik_Lasem/motifs (isen-isen)/Latohan/all_motifs (1373)/Latohan_01010.jpg,Latohan,Latohan,all_motifs (1373),Seaweed or latoh.jpg,VJ Basiroen artwork,2022,raw (crop),28 x 28,sRGB IEC61966-2.1,VJB
2881,Latohan_01014.jpg,Batik_Lasem/motifs (isen-isen)/Latohan/all_motifs (1373)/Latohan_01014.jpg,Latohan,Latohan,all_motifs (1373),Isen Cloth 5.jpg,KUB Srikandi,2022,raw (crop),28 x 28,sRGB IEC61966-2.1,VJB
2884,Latohan_01017.jpg,Batik_Lasem/motifs (isen-isen)/Latohan/all_motifs (1373)/Latohan_01017.jpg,Latohan,Latohan,all_motifs (1373),Isen Cloth 5.jpg,KUB Srikandi,2022,raw (crop),28 x 28,sRGB IEC61966-2.1,VJB
2885,Latohan_01018.jpg,Batik_Lasem/motifs (isen-isen)/Latohan/all_motifs (1373)/Latohan_01018.jpg,Latohan,Latohan,all_motifs (1373),Isen Cloth 5.jpg,KUB Srikandi,2022,raw (crop),28 x 28,sRGB IEC61966-2.1,VJB
2889,Latohan_01022.jpg,Batik_Lasem/motifs (isen-isen)/Latohan/all_motifs (1373)/Latohan_01022.jpg,Latohan,Latohan,all_motifs (1373),Isen Cloth 5.jpg,KUB Srikandi,2022,raw (crop),28 x 28,sRGB IEC61966-2.1,VJB
2891,Latohan_01024.jpg,Batik_Lasem/motifs (isen-isen)/Latohan/all_motifs (1373)/Latohan_01024.jpg,Latohan,Latohan,all_motifs (1373),Isen Cloth 5.jpg,KUB Srikandi,2022,raw (crop),28 x 28,sRGB IEC61966-2.1,VJB
2895,Latohan_01028.jpg,Batik_Lasem/motifs (isen-isen)/Latohan/all_motifs (1373)/Latohan_01028.jpg,Latohan,Latohan,all_motifs (1373),Isen Cloth 5.jpg,KUB Srikandi,2022,raw (crop),28 x 28,sRGB IEC61966-2.1,VJB
2896,Latohan_01029.jpg,Batik_Lasem/motifs (isen-isen)/Latohan/all_motifs (1373)/Latohan_01029.jpg,Latohan,Latohan,all_motifs (1373),Isen Cloth 5.jpg,KUB Srikandi,2022,raw (crop),28 x 28,sRGB IEC61966-2.1,VJB
2897,Latohan_01030.jpg,Batik_Lasem/motifs (isen-isen)/Latohan/all_motifs (1373)/Latohan_01030.jpg,Latohan,Latohan,all_motifs (1373),Isen Cloth 5.jpg,KUB Srikandi,2022,raw (crop),28 x 28,sRGB IEC61966-2.1,VJB
2898,Latohan_01031.jpg,Batik_Lasem/motifs (isen-isen)/Latohan/all_motifs (1373)/Latohan_01031.jpg,Latohan,Latohan,all_motifs (1373),Isen Cloth 5.jpg,KUB Srikandi,2022,raw (crop),28 x 28,sRGB IEC61966-2.1,VJB
2899,Latohan_01032.jpg,Batik_Lasem/motifs (isen-isen)/Latohan/all_motifs (1373)/Latohan_01032.jpg,Latohan,Latohan,all_motifs (1373),Isen Cloth 5.jpg,KUB Srikandi,2022,raw (crop),28 x 28,sRGB IEC61966-2.1,VJB
2900,Latohan_01033.jpg,Batik_Lasem/motifs (isen-isen)/Latohan/all_motifs (1373)/Latohan_01033.jpg,Latohan,Latohan,all_motifs (1373),Isen Cloth 5.jpg,KUB Srikandi,2022,raw (crop),28 x 28,sRGB IEC61966-2.1,VJB
2905,Latohan_01038.jpg,Batik_Lasem/motifs (isen-isen)/Latohan/all_motifs (1373)/Latohan_01038.jpg,Latohan,Latohan,all_motifs (1373),Isen Cloth 5.jpg,KUB Srikandi,2022,raw (crop),28 x 28,sRGB IEC61966-2.1,VJB
2908,Latohan_01041.jpg,Batik_Lasem/motifs (isen-isen)/Latohan/all_motifs (1373)/Latohan_01041.jpg,Latohan,Latohan,all_motifs (1373),Isen Cloth 5.jpg,KUB Srikandi,2022,raw (crop),28 x 28,sRGB IEC61966-2.1,VJB
2912,Latohan_01045.jpg,Batik_Lasem/motifs (isen-isen)/Latohan/all_motifs (1373)/Latohan_01045.jpg,Latohan,Latohan,all_motifs (1373),Isen Cloth 5.jpg,KUB Srikandi,2022,raw (crop),28 x 28,sRGB IEC61966-2.1,VJB
2913,Latohan_01046.jpg,Batik_Lasem/motifs (isen-isen)/Latohan/all_motifs (1373)/Latohan_01046.jpg,Latohan,Latohan,all_motifs (1373),Isen Cloth 5.jpg,KUB Srikandi,2022,raw (crop),28 x 28,sRGB IEC61966-2.1,VJB
2914,Latohan_01047.jpg,Batik_Lasem/motifs (isen-isen)/Latohan/all_motifs (1373)/Latohan_01047.jpg,Latohan,Latohan,all_motifs (1373),Isen Cloth 5.jpg,KUB Srikandi,2022,raw (crop),28 x 28,sRGB IEC61966-2.1,VJB
2917,Latohan_01050.jpg,Batik_Lasem/motifs (isen-isen)/Latohan/all_motifs (1373)/Latohan_01050.jpg,Latohan,Latohan,all_motifs (1373),Isen Cloth 5.jpg,KUB Srikandi,2022,raw (crop),28 x 28,sRGB IEC61966-2.1,VJB
2920,Latohan_01053.jpg,Batik_Lasem/motifs (isen-isen)/Latohan/all_motifs (1373)/Latohan_01053.jpg,Latohan,Latohan,all_motifs (1373),Isen Cloth 5.jpg,KUB Srikandi,2022,raw (crop),28 x 28,sRGB IEC61966-2.1,VJB
2922,Latohan_01055.jpg,Batik_Lasem/motifs (isen-isen)/Latohan/all_motifs (1373)/Latohan_01055.jpg,Latohan,Latohan,all_motifs (1373),Isen Cloth 5.jpg,KUB Srikandi,2022,raw (crop),28 x 28,sRGB IEC61966-2.1,VJB
2923,Latohan_01056.jpg,Batik_Lasem/motifs (isen-isen)/Latohan/all_motifs (1373)/Latohan_01056.jpg,Latohan,Latohan,all_motifs (1373),Isen Cloth 5.jpg,KUB Srikandi,2022,raw (crop),28 x 28,sRGB IEC61966-2.1,VJB
2924,Latohan_01057.jpg,Batik_Lasem/motifs (isen-isen)/Latohan/all_motifs (1373)/Latohan_01057.jpg,Latohan,Latohan,all_motifs (1373),Isen Cloth 5.jpg,KUB Srikandi,2022,raw (crop),28 x 28,sRGB IEC61966-2.1,VJB
2927,Latohan_01060.jpg,Batik_Lasem/motifs (isen-isen)/Latohan/all_motifs (1373)/Latohan_01060.jpg,Latohan,Latohan,all_motifs (1373),Seaweed or latoh.jpg,VJ Basiroen artwork,2022,raw (crop),28 x 28,sRGB IEC61966-2.1,VJB
2928,Latohan_01061.jpg,Batik_Lasem/motifs (isen-isen)/Latohan/all_motifs (1373)/Latohan_01061.jpg,Latohan,Latohan,all_motifs (1373),Seaweed or latoh.jpg,VJ Basiroen artwork,2022,raw (crop),28 x 28,sRGB IEC61966-2.1,VJB
2929,Latohan_01062.jpg,Batik_Lasem/motifs (isen-isen)/Latohan/all_motifs (1373)/Latohan_01062.jpg,Latohan,Latohan,all_motifs (1373),Seaweed or latoh.jpg,VJ Basiroen artwork,2022,raw (crop),28 x 28,sRGB IEC61966-2.1,VJB
2930,Latohan_01063.jpg,Batik_Lasem/motifs (isen-isen)/Latohan/all_motifs (1373)/Latohan_01063.jpg,Latohan,Latohan,all_motifs (1373),Seaweed or latoh.jpg,VJ Basiroen artwork,2022,raw (crop),28 x 28,sRGB IEC61966-2.1,VJB
2934,Latohan_01067.jpg,Batik_Lasem/motifs (isen-isen)/Latohan/all_motifs (1373)/Latohan_01067.jpg,Latohan,Latohan,all_motifs (1373),Seaweed or latoh.jpg,VJ Basiroen artwork,2022,raw (crop),28 x 28,sRGB IEC61966-2.1,VJB
2935,Latohan_01068.jpg,Batik_Lasem/motifs (isen-isen)/Latohan/all_motifs (1373)/Latohan_01068.jpg,Latohan,Latohan,all_motifs (1373),Seaweed or latoh.jpg,VJ Basiroen artwork,2022,raw (crop),28 x 28,sRGB IEC61966-2.1,VJB
2939,Latohan_01072.jpg,Batik_Lasem/motifs (isen-isen)/Latohan/all_motifs (1373)/Latohan_01072.jpg,Latohan,Latohan,all_motifs (1373),Seaweed or latoh.jpg,VJ Basiroen artwork,2022,raw (crop),28 x 28,sRGB IEC61966-2.1,VJB
2945,Latohan_01078.jpg,Batik_Lasem/motifs (isen-isen)/Latohan/all_motifs (1373)/Latohan_01078.jpg,Latohan,Latohan,all_motifs (1373),Seaweed or latoh.jpg,VJ Basiroen artwork,2022,raw (crop),28 x 28,sRGB IEC61966-2.1,VJB
2946,Latohan_01079.jpg,Batik_Lasem/motifs (isen-isen)/Latohan/all_motifs (1373)/Latohan_01079.jpg,Latohan,Latohan,all_motifs (1373),Seaweed or latoh.jpg,VJ Basiroen artwork,2022,raw (crop),28 x 28,sRGB IEC61966-2.1,VJB
2949,Latohan_01082.jpg,Batik_Lasem/motifs (isen-isen)/Latohan/all_motifs (1373)/Latohan_01082.jpg,Latohan,Latohan,all_motifs (1373),Seaweed or latoh.jpg,VJ Basiroen artwork,2022,raw (crop),28 x 28,sRGB IEC61966-2.1,VJB
2952,Latohan_01085.jpg,Batik_Lasem/motifs (isen-isen)/Latohan/all_motifs (1373)/Latohan_01085.jpg,Latohan,Latohan,all_motifs (1373),Seaweed or latoh.jpg,VJ Basiroen artwork,2022,raw (crop),28 x 28,sRGB IEC61966-2.1,VJB
2953,Latohan_01086.jpg,Batik_Lasem/motifs (isen-isen)/Latohan/all_motifs (1373)/Latohan_01086.jpg,Latohan,Latohan,all_motifs (1373),Seaweed or latoh.jpg,VJ Basiroen artwork,2022,raw (crop),28 x 28,sRGB IEC61966-2.1,VJB
2956,Latohan_01089.jpg,Batik_Lasem/motifs (isen-isen)/Latohan/all_motifs (1373)/Latohan_01089.jpg,Latohan,Latohan,all_motifs (1373),Seaweed or latoh.jpg,VJ Basiroen artwork,2022,raw (crop),28 x 28,sRGB IEC61966-2.1,VJB
2957,Latohan_01090.jpg,Batik_Lasem/motifs (isen-isen)/Latohan/all_motifs (1373)/Latohan_01090.jpg,Latohan,Latohan,all_motifs (1373),Seaweed or latoh.jpg,VJ Basiroen artwork,2022,raw (crop),28 x 28,sRGB IEC61966-2.1,VJB
2958,Latohan_01091.jpg,Batik_Lasem/motifs (isen-isen)/Latohan/all_motifs (1373)/Latohan_01091.jpg,Latohan,Latohan,all_motifs (1373),Seaweed or latoh.jpg,VJ Basiroen artwork,2022,raw (crop),28 x 28,sRGB IEC61966-2.1,VJB
2959,Latohan_01092.jpg,Batik_Lasem/motifs (isen-isen)/Latohan/all_motifs (1373)/Latohan_01092.jpg,Latohan,Latohan,all_motifs (1373),Seaweed or latoh.jpg,VJ Basiroen artwork,2022,raw (crop),28 x 28,sRGB IEC61966-2.1,VJB
2960,Latohan_01093.jpg,Batik_Lasem/motifs (isen-isen)/Latohan/all_motifs (1373)/Latohan_01093.jpg,Latohan,Latohan,all_motifs (1373),Seaweed or latoh.jpg,VJ Basiroen artwork,2022,raw (crop),28 x 28,sRGB IEC61966-2.1,VJB
2961,Latohan_01094.jpg,Batik_Lasem/motifs (isen-isen)/Latohan/all_motifs (1373)/Latohan_01094.jpg,Latohan,Latohan,all_motifs (1373),Seaweed or latoh.jpg,VJ Basiroen artwork,2022,raw (crop),28 x 28,sRGB IEC61966-2.1,VJB
2962,Latohan_01095.jpg,Batik_Lasem/motifs (isen-isen)/Latohan/all_motifs (1373)/Latohan_01095.jpg,Latohan,Latohan,all_motifs (1373),Seaweed or latoh.jpg,VJ Basiroen artwork,2022,raw (crop),28 x 28,sRGB IEC61966-2.1,VJB
2965,Latohan_01098.jpg,Batik_Lasem/motifs (isen-isen)/Latohan/all_motifs (1373)/Latohan_01098.jpg,Latohan,Latohan,all_motifs (1373),Seaweed or latoh.jpg,VJ Basiroen artwork,2022,raw (crop),28 x 28,sRGB IEC61966-2.1,VJB
2967,Latohan_01100.jpg,Batik_Lasem/motifs (isen-isen)/Latohan/all_motifs (1373)/Latohan_01100.jpg,Latohan,Latohan,all_motifs (1373),Seaweed or latoh.jpg,VJ Basiroen artwork,2022,raw (crop),28 x 28,sRGB IEC61966-2.1,VJB
2973,Latohan_01106.jpg,Batik_Lasem/motifs (isen-isen)/Latohan/all_motifs (1373)/Latohan_01106.jpg,Latohan,Latohan,all_motifs (1373),Seaweed or latoh.jpg,VJ Basiroen artwork,2022,raw (crop),28 x 28,sRGB IEC61966-2.1,VJB
2975,Latohan_01108.jpg,Batik_Lasem/motifs (isen-isen)/Latohan/all_motifs (1373)/Latohan_01108.jpg,Latohan,Latohan,all_motifs (1373),Seaweed or latoh.jpg,VJ Basiroen artwork,2022,raw (crop),28 x 28,sRGB IEC61966-2.1,VJB
2976,Latohan_01109.jpg,Batik_Lasem/motifs (isen-isen)/Latohan/all_motifs (1373)/Latohan_01109.jpg,Latohan,Latohan,all_motifs (1373),Seaweed or latoh.jpg,VJ Basiroen artwork,2022,raw (crop),28 x 28,sRGB IEC61966-2.1,VJB
2977,Latohan_01110.jpg,Batik_Lasem/motifs (isen-isen)/Latohan/all_motifs (1373)/Latohan_01110.jpg,Latohan,Latohan,all_motifs (1373),Latohan and farmer.jpg,VJ Basiroen artwork,2022,raw (crop),28 x 28,sRGB IEC61966-2.1,VJB
2979,Latohan_01112.jpg,Batik_Lasem/motifs (isen-isen)/Latohan/all_motifs (1373)/Latohan_01112.jpg,Latohan,Latohan,all_motifs (1373),Seaweed or latoh.jpg,VJ Basiroen artwork,2022,raw (crop),28 x 28,sRGB IEC61966-2.1,VJB
2980,Latohan_01113.jpg,Batik_Lasem/motifs (isen-isen)/Latohan/all_motifs (1373)/Latohan_01113.jpg,Latohan,Latohan,all_motifs (1373),Seaweed or latoh.jpg,VJ Basiroen artwork,2022,raw (crop),28 x 28,sRGB IEC61966-2.1,VJB
2983,Latohan_01116.jpg,Batik_Lasem/motifs (isen-isen)/Latohan/all_motifs (1373)/Latohan_01116.jpg,Latohan,Latohan,all_motifs (1373),Seaweed or latoh.jpg,VJ Basiroen artwork,2022,raw (crop),28 x 28,sRGB IEC61966-2.1,VJB
2984,Latohan_01117.jpg,Batik_Lasem/motifs (isen-isen)/Latohan/all_motifs (1373)/Latohan_01117.jpg,Latohan,Latohan,all_motifs (1373),Seaweed or latoh.jpg,VJ Basiroen artwork,2022,raw (crop),28 x 28,sRGB IEC61966-2.1,VJB
2985,Latohan_01118.jpg,Batik_Lasem/motifs (isen-isen)/Latohan/all_motifs (1373)/Latohan_01118.jpg,Latohan,Latohan,all_motifs (1373),Seaweed or latoh.jpg,VJ Basiroen artwork,2022,raw (crop),28 x 28,sRGB IEC61966-2.1,VJB
2986,Latohan_01119.jpg,Batik_Lasem/motifs (isen-isen)/Latohan/all_motifs (1373)/Latohan_01119.jpg,Latohan,Latohan,all_motifs (1373),Seaweed or latoh.jpg,VJ Basiroen artwork,2022,raw (crop),28 x 28,sRGB IEC61966-2.1,VJB
2988,Latohan_01121.jpg,Batik_Lasem/motifs (isen-isen)/Latohan/all_motifs (1373)/Latohan_01121.jpg,Latohan,Latohan,all_motifs (1373),Latohan and farmer.jpg,VJ Basiroen artwork,2022,raw (crop),28 x 28,sRGB IEC61966-2.1,VJB
2990,Latohan_01123.jpg,Batik_Lasem/motifs (isen-isen)/Latohan/all_motifs (1373)/Latohan_01123.jpg,Latohan,Latohan,all_motifs (1373),Seaweed or latoh.jpg,VJ Basiroen artwork,2022,raw (crop),28 x 28,sRGB IEC61966-2.1,VJB
2992,Latohan_01125.jpg,Batik_Lasem/motifs (isen-isen)/Latohan/all_motifs (1373)/Latohan_01125.jpg,Latohan,Latohan,all_motifs (1373),Seaweed or latoh.jpg,VJ Basiroen artwork,2022,raw (crop),28 x 28,sRGB IEC61966-2.1,VJB
2994,Latohan_01127.jpg,Batik_Lasem/motifs (isen-isen)/Latohan/all_motifs (1373)/Latohan_01127.jpg,Latohan,Latohan,all_motifs (1373),Seaweed or latoh.jpg,VJ Basiroen artwork,2022,raw (crop),28 x 28,sRGB IEC61966-2.1,VJB
3000,Latohan_01133.jpg,Batik_Lasem/motifs (isen-isen)/Latohan/all_motifs (1373)/Latohan_01133.jpg,Latohan,Latohan,all_motifs (1373),Seaweed or latoh.jpg,VJ Basiroen artwork,2022,raw (crop),28 x 28,sRGB IEC61966-2.1,VJB
3002,Latohan_01135.jpg,Batik_Lasem/motifs (isen-isen)/Latohan/all_motifs (1373)/Latohan_01135.jpg,Latohan,Latohan,all_motifs (1373),Seaweed or latoh.jpg,VJ Basiroen artwork,2022,raw (crop),28 x 28,sRGB IEC61966-2.1,VJB
3004,Latohan_01137.jpg,Batik_Lasem/motifs (isen-isen)/Latohan/all_motifs (1373)/Latohan_01137.jpg,Latohan,Latohan,all_motifs (1373),Seaweed or latoh.jpg,VJ Basiroen artwork,2022,raw (crop),28 x 28,sRGB IEC61966-2.1,VJB
3006,Latohan_01139.jpg,Batik_Lasem/motifs (isen-isen)/Latohan/all_motifs (1373)/Latohan_01139.jpg,Latohan,Latohan,all_motifs (1373),Seaweed or latoh.jpg,VJ Basiroen artwork,2022,raw (crop),28 x 28,sRGB IEC61966-2.1,VJB
3013,Latohan_01146.jpg,Batik_Lasem/motifs (isen-isen)/Latohan/all_motifs (1373)/Latohan_01146.jpg,Latohan,Latohan,all_motifs (1373),Seaweed or latoh.jpg,VJ Basiroen artwork,2022,raw (crop),28 x 28,sRGB IEC61966-2.1,VJB
3020,Latohan_01153.jpg,Batik_Lasem/motifs (isen-isen)/Latohan/all_motifs (1373)/Latohan_01153.jpg,Latohan,Latohan,all_motifs (1373),Latohan and farmer.jpg,VJ Basiroen artwork,2022,raw (crop),28 x 28,sRGB IEC61966-2.1,VJB
3024,Latohan_01157.jpg,Batik_Lasem/motifs (isen-isen)/Latohan/all_motifs (1373)/Latohan_01157.jpg,Latohan,Latohan,all_motifs (1373),Seaweed or latoh.jpg,VJ Basiroen artwork,2022,raw (crop),28 x 28,sRGB IEC61966-2.1,VJB
3026,Latohan_01159.jpg,Batik_Lasem/motifs (isen-isen)/Latohan/all_motifs (1373)/Latohan_01159.jpg,Latohan,Latohan,all_motifs (1373),Seaweed or latoh.jpg,VJ Basiroen artwork,2022,raw (crop),28 x 28,sRGB IEC61966-2.1,VJB
3027,Latohan_01160.jpg,Batik_Lasem/motifs (isen-isen)/Latohan/all_motifs (1373)/Latohan_01160.jpg,Latohan,Latohan,all_motifs (1373),Seaweed or latoh.jpg,VJ Basiroen artwork,2022,raw (crop),28 x 28,sRGB IEC61966-2.1,VJB
3030,Latohan_01163.jpg,Batik_Lasem/motifs (isen-isen)/Latohan/all_motifs (1373)/Latohan_01163.jpg,Latohan,Latohan,all_motifs (1373),Seaweed or latoh.jpg,VJ Basiroen artwork,2022,raw (crop),28 x 28,sRGB IEC61966-2.1,VJB
3031,Latohan_01164.jpg,Batik_Lasem/motifs (isen-isen)/Latohan/all_motifs (1373)/Latohan_01164.jpg,Latohan,Latohan,all_motifs (1373),Seaweed or latoh.jpg,VJ Basiroen artwork,2022,raw (crop),28 x 28,sRGB IEC61966-2.1,VJB
3033,Latohan_01166.jpg,Batik_Lasem/motifs (isen-isen)/Latohan/all_motifs (1373)/Latohan_01166.jpg,Latohan,Latohan,all_motifs (1373),Seaweed or latoh.jpg,VJ Basiroen artwork,2022,raw (crop),28 x 28,sRGB IEC61966-2.1,VJB
3034,Latohan_01167.jpg,Batik_Lasem/motifs (isen-isen)/Latohan/all_motifs (1373)/Latohan_01167.jpg,Latohan,Latohan,all_motifs (1373),Seaweed or latoh.jpg,VJ Basiroen artwork,2022,raw (crop),28 x 28,sRGB IEC61966-2.1,VJB
3037,Latohan_01170.jpg,Batik_Lasem/motifs (isen-isen)/Latohan/all_motifs (1373)/Latohan_01170.jpg,Latohan,Latohan,all_motifs (1373),Seaweed or latoh.jpg,VJ Basiroen artwork,2022,raw (crop),28 x 28,sRGB IEC61966-2.1,VJB
3038,Latohan_01171.jpg,Batik_Lasem/motifs (isen-isen)/Latohan/all_motifs (1373)/Latohan_01171.jpg,Latohan,Latohan,all_motifs (1373),Seaweed or latoh.jpg,VJ Basiroen artwork,2022,raw (crop),28 x 28,sRGB IEC61966-2.1,VJB
3039,Latohan_01172.jpg,Batik_Lasem/motifs (isen-isen)/Latohan/all_motifs (1373)/Latohan_01172.jpg,Latohan,Latohan,all_motifs (1373),Seaweed or latoh.jpg,VJ Basiroen artwork,2022,raw (crop),28 x 28,sRGB IEC61966-2.1,VJB
3040,Latohan_01173.jpg,Batik_Lasem/motifs (isen-isen)/Latohan/all_motifs (1373)/Latohan_01173.jpg,Latohan,Latohan,all_motifs (1373),Latohan and farmer.jpg,VJ Basiroen artwork,2022,raw (crop),28 x 28,sRGB IEC61966-2.1,VJB
3044,Latohan_01177.jpg,Batik_Lasem/motifs (isen-isen)/Latohan/all_motifs (1373)/Latohan_01177.jpg,Latohan,Latohan,all_motifs (1373),Seaweed or latoh.jpg,VJ Basiroen artwork,2022,raw (crop),28 x 28,sRGB IEC61966-2.1,VJB
3046,Latohan_01179.jpg,Batik_Lasem/motifs (isen-isen)/Latohan/all_motifs (1373)/Latohan_01179.jpg,Latohan,Latohan,all_motifs (1373),Seaweed or latoh.jpg,VJ Basiroen artwork,2022,raw (crop),28 x 28,sRGB IEC61966-2.1,VJB
3048,Latohan_01181.jpg,Batik_Lasem/motifs (isen-isen)/Latohan/all_motifs (1373)/Latohan_01181.jpg,Latohan,Latohan,all_motifs (1373),Seaweed or latoh.jpg,VJ Basiroen artwork,2022,raw (crop),28 x 28,sRGB IEC61966-2.1,VJB
3049,Latohan_01182.jpg,Batik_Lasem/motifs (isen-isen)/Latohan/all_motifs (1373)/Latohan_01182.jpg,Latohan,Latohan,all_motifs (1373),Seaweed or latoh.jpg,VJ Basiroen artwork,2022,raw (crop),28 x 28,sRGB IEC61966-2.1,VJB
3050,Latohan_01183.jpg,Batik_Lasem/motifs (isen-isen)/Latohan/all_motifs (1373)/Latohan_01183.jpg,Latohan,Latohan,all_motifs (1373),Seaweed or latoh.jpg,VJ Basiroen artwork,2022,raw (crop),28 x 28,sRGB IEC61966-2.1,VJB
3053,Latohan_01186.jpg,Batik_Lasem/motifs (isen-isen)/Latohan/all_motifs (1373)/Latohan_01186.jpg,Latohan,Latohan,all_motifs (1373),Seaweed or latoh.jpg,VJ Basiroen artwork,2022,raw (crop),28 x 28,sRGB IEC61966-2.1,VJB
3056,Latohan_01189.jpg,Batik_Lasem/motifs (isen-isen)/Latohan/all_motifs (1373)/Latohan_01189.jpg,Latohan,Latohan,all_motifs (1373),Seaweed or latoh.jpg,VJ Basiroen artwork,2022,raw (crop),28 x 28,sRGB IEC61966-2.1,VJB
3057,Latohan_01190.jpg,Batik_Lasem/motifs (isen-isen)/Latohan/all_motifs (1373)/Latohan_01190.jpg,Latohan,Latohan,all_motifs (1373),Seaweed or latoh.jpg,VJ Basiroen artwork,2022,raw (crop),28 x 28,sRGB IEC61966-2.1,VJB
3060,Latohan_01193.jpg,Batik_Lasem/motifs (isen-isen)/Latohan/all_motifs (1373)/Latohan_01193.jpg,Latohan,Latohan,all_motifs (1373),Latohan and farmer.jpg,VJ Basiroen artwork,2022,raw (crop),28 x 28,sRGB IEC61966-2.1,VJB
3061,Latohan_01194.jpg,Batik_Lasem/motifs (isen-isen)/Latohan/all_motifs (1373)/Latohan_01194.jpg,Latohan,Latohan,all_motifs (1373),Seaweed or latoh.jpg,VJ Basiroen artwork,2022,raw (crop),28 x 28,sRGB IEC61966-2.1,VJB
3062,Latohan_01195.jpg,Batik_Lasem/motifs (isen-isen)/Latohan/all_motifs (1373)/Latohan_01195.jpg,Latohan,Latohan,all_motifs (1373),Seaweed or latoh.jpg,VJ Basiroen artwork,2022,raw (crop),28 x 28,sRGB IEC61966-2.1,VJB
3067,Latohan_01200.jpg,Batik_Lasem/motifs (isen-isen)/Latohan/all_motifs (1373)/Latohan_01200.jpg,Latohan,Latohan,all_motifs (1373),Seaweed or latoh.jpg,VJ Basiroen artwork,2022,raw (crop),28 x 28,sRGB IEC61966-2.1,VJB
3068,Latohan_01201.jpg,Batik_Lasem/motifs (isen-isen)/Latohan/all_motifs (1373)/Latohan_01201.jpg,Latohan,Latohan,all_motifs (1373),Seaweed or latoh.jpg,VJ Basiroen artwork,2022,raw (crop),28 x 28,sRGB IEC61966-2.1,VJB
3069,Latohan_01202.jpg,Batik_Lasem/motifs (isen-isen)/Latohan/all_motifs (1373)/Latohan_01202.jpg,Latohan,Latohan,all_motifs (1373),Seaweed or latoh.jpg,VJ Basiroen artwork,2022,raw (crop),28 x 28,sRGB IEC61966-2.1,VJB
3075,Latohan_01208.jpg,Batik_Lasem/motifs (isen-isen)/Latohan/all_motifs (1373)/Latohan_01208.jpg,Latohan,Latohan,all_motifs (1373),Seaweed or latoh.jpg,VJ Basiroen artwork,2022,raw (crop),28 x 28,sRGB IEC61966-2.1,VJB
3076,Latohan_01209.jpg,Batik_Lasem/motifs (isen-isen)/Latohan/all_motifs (1373)/Latohan_01209.jpg,Latohan,Latohan,all_motifs (1373),Seaweed or latoh.jpg,VJ Basiroen artwork,2022,raw (crop),28 x 28,sRGB IEC61966-2.1,VJB
3080,Latohan_01213.jpg,Batik_Lasem/motifs (isen-isen)/Latohan/all_motifs (1373)/Latohan_01213.jpg,Latohan,Latohan,all_motifs (1373),Seaweed or latoh.jpg,VJ Basiroen artwork,2022,raw (crop),28 x 28,sRGB IEC61966-2.1,VJB
3082,Latohan_01215.jpg,Batik_Lasem/motifs (isen-isen)/Latohan/all_motifs (1373)/Latohan_01215.jpg,Latohan,Latohan,all_motifs (1373),Seaweed or latoh.jpg,VJ Basiroen artwork,2022,raw (crop),28 x 28,sRGB IEC61966-2.1,VJB
3083,Latohan_01216.jpg,Batik_Lasem/motifs (isen-isen)/Latohan/all_motifs (1373)/Latohan_01216.jpg,Latohan,Latohan,all_motifs (1373),Seaweed or latoh.jpg,VJ Basiroen artwork,2022,raw (crop),28 x 28,sRGB IEC61966-2.1,VJB
3084,Latohan_01217.jpg,Batik_Lasem/motifs (isen-isen)/Latohan/all_motifs (1373)/Latohan_01217.jpg,Latohan,Latohan,all_motifs (1373),Seaweed or latoh.jpg,VJ Basiroen artwork,2022,raw (crop),28 x 28,sRGB IEC61966-2.1,VJB
3085,Latohan_01218.jpg,Batik_Lasem/motifs (isen-isen)/Latohan/all_motifs (1373)/Latohan_01218.jpg,Latohan,Latohan,all_motifs (1373),Seaweed or latoh.jpg,VJ Basiroen artwork,2022,raw (crop),28 x 28,sRGB IEC61966-2.1,VJB
3086,Latohan_01219.jpg,Batik_Lasem/motifs (isen-isen)/Latohan/all_motifs (1373)/Latohan_01219.jpg,Latohan,Latohan,all_motifs (1373),Seaweed or latoh.jpg,VJ Basiroen artwork,2022,raw (crop),28 x 28,sRGB IEC61966-2.1,VJB
3087,Latohan_01220.jpg,Batik_Lasem/motifs (isen-isen)/Latohan/all_motifs (1373)/Latohan_01220.jpg,Latohan,Latohan,all_motifs (1373),Seaweed or latoh.jpg,VJ Basiroen artwork,2022,raw (crop),28 x 28,sRGB IEC61966-2.1,VJB
3092,Latohan_01225.jpg,Batik_Lasem/motifs (isen-isen)/Latohan/all_motifs (1373)/Latohan_01225.jpg,Latohan,Latohan,all_motifs (1373),Latohan and farmer.jpg,VJ Basiroen artwork,2022,raw (crop),28 x 28,sRGB IEC61966-2.1,VJB
3093,Latohan_01226.jpg,Batik_Lasem/motifs (isen-isen)/Latohan/all_motifs (1373)/Latohan_01226.jpg,Latohan,Latohan,all_motifs (1373),Latohan and farmer.jpg,VJ Basiroen artwork,2022,raw (crop),28 x 28,sRGB IEC61966-2.1,VJB
3095,Latohan_01228.jpg,Batik_Lasem/motifs (isen-isen)/Latohan/all_motifs (1373)/Latohan_01228.jpg,Latohan,Latohan,all_motifs (1373),Latohan and farmer.jpg,VJ Basiroen artwork,2022,raw (crop),28 x 28,sRGB IEC61966-2.1,VJB
3096,Latohan_01229.jpg,Batik_Lasem/motifs (isen-isen)/Latohan/all_motifs (1373)/Latohan_01229.jpg,Latohan,Latohan,all_motifs (1373),Latohan and farmer.jpg,VJ Basiroen artwork,2022,raw (crop),28 x 28,sRGB IEC61966-2.1,VJB
3098,Latohan_01231.jpg,Batik_Lasem/motifs (isen-isen)/Latohan/all_motifs (1373)/Latohan_01231.jpg,Latohan,Latohan,all_motifs (1373),Latohan and farmer.jpg,VJ Basiroen artwork,2022,raw (crop),28 x 28,sRGB IEC61966-2.1,VJB
3100,Latohan_01233.jpg,Batik_Lasem/motifs (isen-isen)/Latohan/all_motifs (1373)/Latohan_01233.jpg,Latohan,Latohan,all_motifs (1373),Latohan and farmer.jpg,VJ Basiroen artwork,2022,raw (crop),28 x 28,sRGB IEC61966-2.1,VJB
3102,Latohan_01235.jpg,Batik_Lasem/motifs (isen-isen)/Latohan/all_motifs (1373)/Latohan_01235.jpg,Latohan,Latohan,all_motifs (1373),Latohan and farmer.jpg,VJ Basiroen artwork,2022,raw (crop),28 x 28,sRGB IEC61966-2.1,VJB
3103,Latohan_01236.jpg,Batik_Lasem/motifs (isen-isen)/Latohan/all_motifs (1373)/Latohan_01236.jpg,Latohan,Latohan,all_motifs (1373),Latohan and farmer.jpg,VJ Basiroen artwork,2022,raw (crop),28 x 28,sRGB IEC61966-2.1,VJB
3104,Latohan_01237.jpg,Batik_Lasem/motifs (isen-isen)/Latohan/all_motifs (1373)/Latohan_01237.jpg,Latohan,Latohan,all_motifs (1373),Latohan and farmer.jpg,VJ Basiroen artwork,2022,raw (crop),28 x 28,sRGB IEC61966-2.1,VJB
3106,Latohan_01239.jpg,Batik_Lasem/motifs (isen-isen)/Latohan/all_motifs (1373)/Latohan_01239.jpg,Latohan,Latohan,all_motifs (1373),Latohan and farmer.jpg,VJ Basiroen artwork,2022,raw (crop),28 x 28,sRGB IEC61966-2.1,VJB
3107,Latohan_01240.jpg,Batik_Lasem/motifs (isen-isen)/Latohan/all_motifs (1373)/Latohan_01240.jpg,Latohan,Latohan,all_motifs (1373),Latohan and farmer.jpg,VJ Basiroen artwork,2022,raw (crop),28 x 28,sRGB IEC61966-2.1,VJB
3110,Latohan_01243.jpg,Batik_Lasem/motifs (isen-isen)/Latohan/all_motifs (1373)/Latohan_01243.jpg,Latohan,Latohan,all_motifs (1373),Latohan and farmer.jpg,VJ Basiroen artwork,2022,raw (crop),28 x 28,sRGB IEC61966-2.1,VJB
3111,Latohan_01244.jpg,Batik_Lasem/motifs (isen-isen)/Latohan/all_motifs (1373)/Latohan_01244.jpg,Latohan,Latohan,all_motifs (1373),Seaweed or latoh.jpg,VJ Basiroen artwork,2022,raw (crop),28 x 28,sRGB IEC61966-2.1,VJB
3113,Latohan_01246.jpg,Batik_Lasem/motifs (isen-isen)/Latohan/all_motifs (1373)/Latohan_01246.jpg,Latohan,Latohan,all_motifs (1373),Seaweed or latoh.jpg,VJ Basiroen artwork,2022,raw (crop),28 x 28,sRGB IEC61966-2.1,VJB
3114,Latohan_01247.jpg,Batik_Lasem/motifs (isen-isen)/Latohan/all_motifs (1373)/Latohan_01247.jpg,Latohan,Latohan,all_motifs (1373),Seaweed or latoh.jpg,VJ Basiroen artwork,2022,raw (crop),28 x 28,sRGB IEC61966-2.1,VJB
3117,Latohan_01250.jpg,Batik_Lasem/motifs (isen-isen)/Latohan/all_motifs (1373)/Latohan_01250.jpg,Latohan,Latohan,all_motifs (1373),Seaweed or latoh.jpg,VJ Basiroen artwork,2022,raw (crop),28 x 28,sRGB IEC61966-2.1,VJB
3118,Latohan_01251.jpg,Batik_Lasem/motifs (isen-isen)/Latohan/all_motifs (1373)/Latohan_01251.jpg,Latohan,Latohan,all_motifs (1373),Seaweed or latoh.jpg,VJ Basiroen artwork,2022,raw (crop),28 x 28,sRGB IEC61966-2.1,VJB
3119,Latohan_01252.jpg,Batik_Lasem/motifs (isen-isen)/Latohan/all_motifs (1373)/Latohan_01252.jpg,Latohan,Latohan,all_motifs (1373),Seaweed or latoh.jpg,VJ Basiroen artwork,2022,raw (crop),28 x 28,sRGB IEC61966-2.1,VJB
3122,Latohan_01255.jpg,Batik_Lasem/motifs (isen-isen)/Latohan/all_motifs (1373)/Latohan_01255.jpg,Latohan,Latohan,all_motifs (1373),Seaweed or latoh.jpg,VJ Basiroen artwork,2022,raw (crop),28 x 28,sRGB IEC61966-2.1,VJB
3124,Latohan_01257.jpg,Batik_Lasem/motifs (isen-isen)/Latohan/all_motifs (1373)/Latohan_01257.jpg,Latohan,Latohan,all_motifs (1373),Seaweed or latoh.jpg,VJ Basiroen artwork,2022,raw (crop),28 x 28,sRGB IEC61966-2.1,VJB
3125,Latohan_01258.jpg,Batik_Lasem/motifs (isen-isen)/Latohan/all_motifs (1373)/Latohan_01258.jpg,Latohan,Latohan,all_motifs (1373),Seaweed or latoh.jpg,VJ Basiroen artwork,2022,raw (crop),28 x 28,sRGB IEC61966-2.1,VJB
3126,Latohan_01259.jpg,Batik_Lasem/motifs (isen-isen)/Latohan/all_motifs (1373)/Latohan_01259.jpg,Latohan,Latohan,all_motifs (1373),Seaweed or latoh.jpg,VJ Basiroen artwork,2022,raw (crop),28 x 28,sRGB IEC61966-2.1,VJB
3128,Latohan_01261.jpg,Batik_Lasem/motifs (isen-isen)/Latohan/all_motifs (1373)/Latohan_01261.jpg,Latohan,Latohan,all_motifs (1373),Seaweed or latoh.jpg,VJ Basiroen artwork,2022,raw (crop),28 x 28,sRGB IEC61966-2.1,VJB
3130,Latohan_01263.jpg,Batik_Lasem/motifs (isen-isen)/Latohan/all_motifs (1373)/Latohan_01263.jpg,Latohan,Latohan,all_motifs (1373),Seaweed or latoh.jpg,VJ Basiroen artwork,2022,raw (crop),28 x 28,sRGB IEC61966-2.1,VJB
3131,Latohan_01264.jpg,Batik_Lasem/motifs (isen-isen)/Latohan/all_motifs (1373)/Latohan_01264.jpg,Latohan,Latohan,all_motifs (1373),Isen Cloth 4.jpg,KUB Srikandi,2022,raw (crop),28 x 28,sRGB IEC61966-2.1,VJB
3133,Latohan_01266.jpg,Batik_Lasem/motifs (isen-isen)/Latohan/all_motifs (1373)/Latohan_01266.jpg,Latohan,Latohan,all_motifs (1373),Seaweed or latoh.jpg,VJ Basiroen artwork,2022,raw (crop),28 x 28,sRGB IEC61966-2.1,VJB
3134,Latohan_01267.jpg,Batik_Lasem/motifs (isen-isen)/Latohan/all_motifs (1373)/Latohan_01267.jpg,Latohan,Latohan,all_motifs (1373),Seaweed or latoh.jpg,VJ Basiroen artwork,2022,raw (crop),28 x 28,sRGB IEC61966-2.1,VJB
3140,Latohan_01273.jpg,Batik_Lasem/motifs (isen-isen)/Latohan/all_motifs (1373)/Latohan_01273.jpg,Latohan,Latohan,all_motifs (1373),Seaweed or latoh.jpg,VJ Basiroen artwork,2022,raw (crop),28 x 28,sRGB IEC61966-2.1,VJB
3142,Latohan_01275.jpg,Batik_Lasem/motifs (isen-isen)/Latohan/all_motifs (1373)/Latohan_01275.jpg,Latohan,Latohan,all_motifs (1373),Isen Cloth 4.jpg,KUB Srikandi,2022,raw (crop),28 x 28,sRGB IEC61966-2.1,VJB
3146,Latohan_01279.jpg,Batik_Lasem/motifs (isen-isen)/Latohan/all_motifs (1373)/Latohan_01279.jpg,Latohan,Latohan,all_motifs (1373),Seaweed or latoh.jpg,VJ Basiroen artwork,2022,raw (crop),28 x 28,sRGB IEC61966-2.1,VJB
3148,Latohan_01281.jpg,Batik_Lasem/motifs (isen-isen)/Latohan/all_motifs (1373)/Latohan_01281.jpg,Latohan,Latohan,all_motifs (1373),Seaweed or latoh.jpg,VJ Basiroen artwork,2022,raw (crop),28 x 28,sRGB IEC61966-2.1,VJB
3151,Latohan_01284.jpg,Batik_Lasem/motifs (isen-isen)/Latohan/all_motifs (1373)/Latohan_01284.jpg,Latohan,Latohan,all_motifs (1373),Seaweed or latoh.jpg,VJ Basiroen artwork,2022,raw (crop),28 x 28,sRGB IEC61966-2.1,VJB
3153,Latohan_01286.jpg,Batik_Lasem/motifs (isen-isen)/Latohan/all_motifs (1373)/Latohan_01286.jpg,Latohan,Latohan,all_motifs (1373),Isen Cloth 4.jpg,KUB Srikandi,2022,raw (crop),28 x 28,sRGB IEC61966-2.1,VJB
3154,Latohan_01287.jpg,Batik_Lasem/motifs (isen-isen)/Latohan/all_motifs (1373)/Latohan_01287.jpg,Latohan,Latohan,all_motifs (1373),Seaweed or latoh.jpg,VJ Basiroen artwork,2022,raw (crop),28 x 28,sRGB IEC61966-2.1,VJB
3155,Latohan_01288.jpg,Batik_Lasem/motifs (isen-isen)/Latohan/all_motifs (1373)/Latohan_01288.jpg,Latohan,Latohan,all_motifs (1373),Seaweed or latoh.jpg,VJ Basiroen artwork,2022,raw (crop),28 x 28,sRGB IEC61966-2.1,VJB
3157,Latohan_01290.jpg,Batik_Lasem/motifs (isen-isen)/Latohan/all_motifs (1373)/Latohan_01290.jpg,Latohan,Latohan,all_motifs (1373),Seaweed or latoh.jpg,VJ Basiroen artwork,2022,raw (crop),28 x 28,sRGB IEC61966-2.1,VJB
3158,Latohan_01291.jpg,Batik_Lasem/motifs (isen-isen)/Latohan/all_motifs (1373)/Latohan_01291.jpg,Latohan,Latohan,all_motifs (1373),Seaweed or latoh.jpg,VJ Basiroen artwork,2022,raw (crop),28 x 28,sRGB IEC61966-2.1,VJB
3161,Latohan_01294.jpg,Batik_Lasem/motifs (isen-isen)/Latohan/all_motifs (1373)/Latohan_01294.jpg,Latohan,Latohan,all_motifs (1373),Seaweed or latoh.jpg,VJ Basiroen artwork,2022,raw (crop),28 x 28,sRGB IEC61966-2.1,VJB
3162,Latohan_01295.jpg,Batik_Lasem/motifs (isen-isen)/Latohan/all_motifs (1373)/Latohan_01295.jpg,Latohan,Latohan,all_motifs (1373),Seaweed or latoh.jpg,VJ Basiroen artwork,2022,raw (crop),28 x 28,sRGB IEC61966-2.1,VJB
3163,Latohan_01296.jpg,Batik_Lasem/motifs (isen-isen)/Latohan/all_motifs (1373)/Latohan_01296.jpg,Latohan,Latohan,all_motifs (1373),Isen Cloth 4.jpg,KUB Srikandi,2022,raw (crop),28 x 28,sRGB IEC61966-2.1,VJB
3164,Latohan_01297.jpg,Batik_Lasem/motifs (isen-isen)/Latohan/all_motifs (1373)/Latohan_01297.jpg,Latohan,Latohan,all_motifs (1373),Seaweed or latoh.jpg,VJ Basiroen artwork,2022,raw (crop),28 x 28,sRGB IEC61966-2.1,VJB
3166,Latohan_01299.jpg,Batik_Lasem/motifs (isen-isen)/Latohan/all_motifs (1373)/Latohan_01299.jpg,Latohan,Latohan,all_motifs (1373),Seaweed or latoh.jpg,VJ Basiroen artwork,2022,raw (crop),28 x 28,sRGB IEC61966-2.1,VJB
3168,Latohan_01301.jpg,Batik_Lasem/motifs (isen-isen)/Latohan/all_motifs (1373)/Latohan_01301.jpg,Latohan,Latohan,all_motifs (1373),Seaweed or latoh.jpg,VJ Basiroen artwork,2022,raw (crop),28 x 28,sRGB IEC61966-2.1,VJB
3169,Latohan_01302.jpg,Batik_Lasem/motifs (isen-isen)/Latohan/all_motifs (1373)/Latohan_01302.jpg,Latohan,Latohan,all_motifs (1373),Seaweed or latoh.jpg,VJ Basiroen artwork,2022,raw (crop),28 x 28,sRGB IEC61966-2.1,VJB
3171,Latohan_01304.jpg,Batik_Lasem/motifs (isen-isen)/Latohan/all_motifs (1373)/Latohan_01304.jpg,Latohan,Latohan,all_motifs (1373),Seaweed or latoh.jpg,VJ Basiroen artwork,2022,raw (crop),28 x 28,sRGB IEC61966-2.1,VJB
3172,Latohan_01305.jpg,Batik_Lasem/motifs (isen-isen)/Latohan/all_motifs (1373)/Latohan_01305.jpg,Latohan,Latohan,all_motifs (1373),Seaweed or latoh.jpg,VJ Basiroen artwork,2022,raw (crop),28 x 28,sRGB IEC61966-2.1,VJB
3173,Latohan_01306.jpg,Batik_Lasem/motifs (isen-isen)/Latohan/all_motifs (1373)/Latohan_01306.jpg,Latohan,Latohan,all_motifs (1373),Seaweed or latoh.jpg,VJ Basiroen artwork,2022,raw (crop),28 x 28,sRGB IEC61966-2.1,VJB
3175,Latohan_01308.jpg,Batik_Lasem/motifs (isen-isen)/Latohan/all_motifs (1373)/Latohan_01308.jpg,Latohan,Latohan,all_motifs (1373),Seaweed or latoh.jpg,VJ Basiroen artwork,2022,raw (crop),28 x 28,sRGB IEC61966-2.1,VJB
3177,Latohan_01310.jpg,Batik_Lasem/motifs (isen-isen)/Latohan/all_motifs (1373)/Latohan_01310.jpg,Latohan,Latohan,all_motifs (1373),Seaweed or latoh.jpg,VJ Basiroen artwork,2022,raw (crop),28 x 28,sRGB IEC61966-2.1,VJB
3179,Latohan_01312.jpg,Batik_Lasem/motifs (isen-isen)/Latohan/all_motifs (1373)/Latohan_01312.jpg,Latohan,Latohan,all_motifs (1373),Seaweed or latoh.jpg,VJ Basiroen artwork,2022,raw (crop),28 x 28,sRGB IEC61966-2.1,VJB
3181,Latohan_01314.jpg,Batik_Lasem/motifs (isen-isen)/Latohan/all_motifs (1373)/Latohan_01314.jpg,Latohan,Latohan,all_motifs (1373),Seaweed or latoh.jpg,VJ Basiroen artwork,2022,raw (crop),28 x 28,sRGB IEC61966-2.1,VJB
3182,Latohan_01315.jpg,Batik_Lasem/motifs (isen-isen)/Latohan/all_motifs (1373)/Latohan_01315.jpg,Latohan,Latohan,all_motifs (1373),Isen Cloth 4.jpg,KUB Srikandi,2022,raw (crop),28 x 28,sRGB IEC61966-2.1,VJB
3185,Latohan_01318.jpg,Batik_Lasem/motifs (isen-isen)/Latohan/all_motifs (1373)/Latohan_01318.jpg,Latohan,Latohan,all_motifs (1373),Isen Cloth 4.jpg,KUB Srikandi,2022,raw (crop),28 x 28,sRGB IEC61966-2.1,VJB
3186,Latohan_01319.jpg,Batik_Lasem/motifs (isen-isen)/Latohan/all_motifs (1373)/Latohan_01319.jpg,Latohan,Latohan,all_motifs (1373),Isen Cloth 4.jpg,KUB Srikandi,2022,raw (crop),28 x 28,sRGB IEC61966-2.1,VJB
3187,Latohan_01320.jpg,Batik_Lasem/motifs (isen-isen)/Latohan/all_motifs (1373)/Latohan_01320.jpg,Latohan,Latohan,all_motifs (1373),Isen Cloth 4.jpg,KUB Srikandi,2022,raw (crop),28 x 28,sRGB IEC61966-2.1,VJB
3188,Latohan_01321.jpg,Batik_Lasem/motifs (isen-isen)/Latohan/all_motifs (1373)/Latohan_01321.jpg,Latohan,Latohan,all_motifs (1373),Isen Cloth 4.jpg,KUB Srikandi,2022,raw (crop),28 x 28,sRGB IEC61966-2.1,VJB
3192,Latohan_01325.jpg,Batik_Lasem/motifs (isen-isen)/Latohan/all_motifs (1373)/Latohan_01325.jpg,Latohan,Latohan,all_motifs (1373),Isen Cloth 4.jpg,KUB Srikandi,2022,raw (crop),28 x 28,sRGB IEC61966-2.1,VJB
3193,Latohan_01326.jpg,Batik_Lasem/motifs (isen-isen)/Latohan/all_motifs (1373)/Latohan_01326.jpg,Latohan,Latohan,all_motifs (1373),Isen Cloth 4.jpg,KUB Srikandi,2022,raw (crop),28 x 28,sRGB IEC61966-2.1,VJB
3194,Latohan_01327.jpg,Batik_Lasem/motifs (isen-isen)/Latohan/all_motifs (1373)/Latohan_01327.jpg,Latohan,Latohan,all_motifs (1373),Isen Cloth 4.jpg,KUB Srikandi,2022,raw (crop),28 x 28,sRGB IEC61966-2.1,VJB
3195,Latohan_01328.jpg,Batik_Lasem/motifs (isen-isen)/Latohan/all_motifs (1373)/Latohan_01328.jpg,Latohan,Latohan,all_motifs (1373),Isen Cloth 4.jpg,KUB Srikandi,2022,raw (crop),28 x 28,sRGB IEC61966-2.1,VJB
3198,Latohan_01331.jpg,Batik_Lasem/motifs (isen-isen)/Latohan/all_motifs (1373)/Latohan_01331.jpg,Latohan,Latohan,all_motifs (1373),Isen Cloth 4.jpg,KUB Srikandi,2022,raw (crop),28 x 28,sRGB IEC61966-2.1,VJB
3199,Latohan_01332.jpg,Batik_Lasem/motifs (isen-isen)/Latohan/all_motifs (1373)/Latohan_01332.jpg,Latohan,Latohan,all_motifs (1373),Isen Cloth 4.jpg,KUB Srikandi,2022,raw (crop),28 x 28,sRGB IEC61966-2.1,VJB
3200,Latohan_01333.jpg,Batik_Lasem/motifs (isen-isen)/Latohan/all_motifs (1373)/Latohan_01333.jpg,Latohan,Latohan,all_motifs (1373),Isen Cloth 4.jpg,KUB Srikandi,2022,raw (crop),28 x 28,sRGB IEC61966-2.1,VJB
3201,Latohan_01334.jpg,Batik_Lasem/motifs (isen-isen)/Latohan/all_motifs (1373)/Latohan_01334.jpg,Latohan,Latohan,all_motifs (1373),Isen Cloth 4.jpg,KUB Srikandi,2022,raw (crop),28 x 28,sRGB IEC61966-2.1,VJB
3202,Latohan_01335.jpg,Batik_Lasem/motifs (isen-isen)/Latohan/all_motifs (1373)/Latohan_01335.jpg,Latohan,Latohan,all_motifs (1373),Isen Cloth 4.jpg,KUB Srikandi,2022,raw (crop),28 x 28,sRGB IEC61966-2.1,VJB
3203,Latohan_01336.jpg,Batik_Lasem/motifs (isen-isen)/Latohan/all_motifs (1373)/Latohan_01336.jpg,Latohan,Latohan,all_motifs (1373),Isen Cloth 4.jpg,KUB Srikandi,2022,raw (crop),28 x 28,sRGB IEC61966-2.1,VJB
3206,Latohan_01339.jpg,Batik_Lasem/motifs (isen-isen)/Latohan/all_motifs (1373)/Latohan_01339.jpg,Latohan,Latohan,all_motifs (1373),Isen Cloth 4.jpg,KUB Srikandi,2022,raw (crop),28 x 28,sRGB IEC61966-2.1,VJB
3207,Latohan_01340.jpg,Batik_Lasem/motifs (isen-isen)/Latohan/all_motifs (1373)/Latohan_01340.jpg,Latohan,Latohan,all_motifs (1373),Isen Cloth 4.jpg,KUB Srikandi,2022,raw (crop),28 x 28,sRGB IEC61966-2.1,VJB
3208,Latohan_01341.jpg,Batik_Lasem/motifs (isen-isen)/Latohan/all_motifs (1373)/Latohan_01341.jpg,Latohan,Latohan,all_motifs (1373),Isen Cloth 4.jpg,KUB Srikandi,2022,raw (crop),28 x 28,sRGB IEC61966-2.1,VJB
3209,Latohan_01342.jpg,Batik_Lasem/motifs (isen-isen)/Latohan/all_motifs (1373)/Latohan_01342.jpg,Latohan,Latohan,all_motifs (1373),Isen Cloth 4.jpg,KUB Srikandi,2022,raw (crop),28 x 28,sRGB IEC61966-2.1,VJB
3210,Latohan_01343.jpg,Batik_Lasem/motifs (isen-isen)/Latohan/all_motifs (1373)/Latohan_01343.jpg,Latohan,Latohan,all_motifs (1373),Isen Cloth 4.jpg,KUB Srikandi,2022,raw (crop),28 x 28,sRGB IEC61966-2.1,VJB
3214,Latohan_01347.jpg,Batik_Lasem/motifs (isen-isen)/Latohan/all_motifs (1373)/Latohan_01347.jpg,Latohan,Latohan,all_motifs (1373),Isen Cloth 4.jpg,KUB Srikandi,2022,raw (crop),28 x 28,sRGB IEC61966-2.1,VJB
3216,Latohan_01349.jpg,Batik_Lasem/motifs (isen-isen)/Latohan/all_motifs (1373)/Latohan_01349.jpg,Latohan,Latohan,all_motifs (1373),Isen Cloth 4.jpg,KUB Srikandi,2022,raw (crop),28 x 28,sRGB IEC61966-2.1,VJB
3221,Latohan_01354.jpg,Batik_Lasem/motifs (isen-isen)/Latohan/all_motifs (1373)/Latohan_01354.jpg,Latohan,Latohan,all_motifs (1373),Isen Cloth 4.jpg,KUB Srikandi,2022,raw (crop),28 x 28,sRGB IEC61966-2.1,VJB
3222,Latohan_01355.jpg,Batik_Lasem/motifs (isen-isen)/Latohan/all_motifs (1373)/Latohan_01355.jpg,Latohan,Latohan,all_motifs (1373),Isen Cloth 4.jpg,KUB Srikandi,2022,raw (crop),28 x 28,sRGB IEC61966-2.1,VJB
3225,Latohan_01358.jpg,Batik_Lasem/motifs (isen-isen)/Latohan/all_motifs (1373)/Latohan_01358.jpg,Latohan,Latohan,all_motifs (1373),Seaweed or latoh.jpg,VJ Basiroen artwork,2022,raw (crop),28 x 28,sRGB IEC61966-2.1,VJB
3230,Latohan_01363.jpg,Batik_Lasem/motifs (isen-isen)/Latohan/all_motifs (1373)/Latohan_01363.jpg,Latohan,Latohan,all_motifs (1373),Isen Cloth 4.jpg,KUB Srikandi,2022,raw (crop),28 x 28,sRGB IEC61966-2.1,VJB
3231,Latohan_01364.jpg,Batik_Lasem/motifs (isen-isen)/Latohan/all_motifs (1373)/Latohan_01364.jpg,Latohan,Latohan,all_motifs (1373),Isen Cloth 4.jpg,KUB Srikandi,2022,raw (crop),28 x 28,sRGB IEC61966-2.1,VJB
3232,Latohan_01365.jpg,Batik_Lasem/motifs (isen-isen)/Latohan/all_motifs (1373)/Latohan_01365.jpg,Latohan,Latohan,all_motifs (1373),Isen Cloth 4.jpg,KUB Srikandi,2022,raw (crop),28 x 28,sRGB IEC61966-2.1,VJB
3234,Latohan_01367.jpg,Batik_Lasem/motifs (isen-isen)/Latohan/all_motifs (1373)/Latohan_01367.jpg,Latohan,Latohan,all_motifs (1373),Isen Cloth 4.jpg,KUB Srikandi,2022,raw (crop),28 x 28,sRGB IEC61966-2.1,VJB
3235,Latohan_01368.jpg,Batik_Lasem/motifs (isen-isen)/Latohan/all_motifs (1373)/Latohan_01368.jpg,Latohan,Latohan,all_motifs (1373),Isen Cloth 4.jpg,KUB Srikandi,2022,raw (crop),28 x 28,sRGB IEC61966-2.1,VJB
3239,Latohan_01372.jpg,Batik_Lasem/motifs (isen-isen)/Latohan/all_motifs (1373)/Latohan_01372.jpg,Latohan,Latohan,all_motifs (1373),Isen Cloth 4.jpg,KUB Srikandi,2022,raw (crop),28 x 28,sRGB IEC61966-2.1,VJB
3240,Latohan_01373.jpg,Batik_Lasem/motifs (isen-isen)/Latohan/all_motifs (1373)/Latohan_01373.jpg,Latohan,Latohan,all_motifs (1373),Isen Cloth 4.jpg,KUB Srikandi,2022,raw (crop),28 x 28,sRGB IEC61966-2.1,VJB
3241,NyukPitu_00001.jpg,Batik_Lasem/motifs (isen-isen)/Nyuk Pitu/all_motifs (1291)/NyukPitu_00001.jpg,Nyuk Pitu,Nyuk Pitu,all_motifs (1291),Phoenix and Lotus.jpg,KUB Srikandi,2022,raw (crop),142 x 142,sRGB IEC61966-2.1,VJB
3243,NyukPitu_00003.jpg,Batik_Lasem/motifs (isen-isen)/Nyuk Pitu/all_motifs (1291)/NyukPitu_00003.jpg,Nyuk Pitu,Nyuk Pitu,all_motifs (1291),Latohan Dragon.jpg,Sekar Kencana,2022,raw (crop),28 x 28,sRGB IEC61966-2.1,VJB
3245,NyukPitu_00005.jpg,Batik_Lasem/motifs (isen-isen)/Nyuk Pitu/all_motifs (1291)/NyukPitu_00005.jpg,Nyuk Pitu,Nyuk Pitu,all_motifs (1291),Latohan Dragon.jpg,Sekar Kencana,2022,raw (crop),142 x 142,sRGB IEC61966-2.1,VJB
3246,NyukPitu_00006.jpg,Batik_Lasem/motifs (isen-isen)/Nyuk Pitu/all_motifs (1291)/NyukPitu_00006.jpg,Nyuk Pitu,Nyuk Pitu,all_motifs (1291),Phoenix and Lotus.jpg,KUB Srikandi,2022,raw (crop),28 x 28,sRGB IEC61966-2.1,VJB
3249,NyukPitu_00009.jpg,Batik_Lasem/motifs (isen-isen)/Nyuk Pitu/all_motifs (1291)/NyukPitu_00009.jpg,Nyuk Pitu,Nyuk Pitu,all_motifs (1291),Latohan Dragon.jpg,Sekar Kencana,2022,raw (crop),142 x 142,sRGB IEC61966-2.1,VJB
3251,NyukPitu_00011.jpg,Batik_Lasem/motifs (isen-isen)/Nyuk Pitu/all_motifs (1291)/NyukPitu_00011.jpg,Nyuk Pitu,Nyuk Pitu,all_motifs (1291),Latohan Dragon.jpg,Sekar Kencana,2022,raw (crop),142 x 142,sRGB IEC61966-2.1,VJB
3253,NyukPitu_00013.jpg,Batik_Lasem/motifs (isen-isen)/Nyuk Pitu/all_motifs (1291)/NyukPitu_00013.jpg,Nyuk Pitu,Nyuk Pitu,all_motifs (1291),Latohan Dragon.jpg,Sekar Kencana,2022,raw (crop),142 x 142,sRGB IEC61966-2.1,VJB
3257,NyukPitu_00017.jpg,Batik_Lasem/motifs (isen-isen)/Nyuk Pitu/all_motifs (1291)/NyukPitu_00017.jpg,Nyuk Pitu,Nyuk Pitu,all_motifs (1291),Latohan Dragon.jpg,Sekar Kencana,2022,raw (crop),142 x 142,sRGB IEC61966-2.1,VJB
3258,NyukPitu_00018.jpg,Batik_Lasem/motifs (isen-isen)/Nyuk Pitu/all_motifs (1291)/NyukPitu_00018.jpg,Nyuk Pitu,Nyuk Pitu,all_motifs (1291),Phoenix and Lotus.jpg,KUB Srikandi,2022,raw (crop),28 x 28,sRGB IEC61966-2.1,VJB
3259,NyukPitu_00019.jpg,Batik_Lasem/motifs (isen-isen)/Nyuk Pitu/all_motifs (1291)/NyukPitu_00019.jpg,Nyuk Pitu,Nyuk Pitu,all_motifs (1291),Latohan Dragon.jpg,Sekar Kencana,2022,raw (crop),142 x 142,sRGB IEC61966-2.1,VJB
3261,NyukPitu_00021.jpg,Batik_Lasem/motifs (isen-isen)/Nyuk Pitu/all_motifs (1291)/NyukPitu_00021.jpg,Nyuk Pitu,Nyuk Pitu,all_motifs (1291),Phoenix in Bright Green.jpg,KUB Srikandi,2022,raw (crop),142 x 142,sRGB IEC61966-2.1,VJB
3264,NyukPitu_00024.jpg,Batik_Lasem/motifs (isen-isen)/Nyuk Pitu/all_motifs (1291)/NyukPitu_00024.jpg,Nyuk Pitu,Nyuk Pitu,all_motifs (1291),Phoenix in Bright Green.jpg,KUB Srikandi,2022,raw (crop),142 x 142,sRGB IEC61966-2.1,VJB
3266,NyukPitu_00026.jpg,Batik_Lasem/motifs (isen-isen)/Nyuk Pitu/all_motifs (1291)/NyukPitu_00026.jpg,Nyuk Pitu,Nyuk Pitu,all_motifs (1291),Phoenix in Bright Green.jpg,KUB Srikandi,2022,raw (crop),142 x 142,sRGB IEC61966-2.1,VJB
3267,NyukPitu_00027.jpg,Batik_Lasem/motifs (isen-isen)/Nyuk Pitu/all_motifs (1291)/NyukPitu_00027.jpg,Nyuk Pitu,Nyuk Pitu,all_motifs (1291),Phoenix and Lotus.jpg,KUB Srikandi,2022,raw (crop),28 x 28,sRGB IEC61966-2.1,VJB
3271,NyukPitu_00031.jpg,Batik_Lasem/motifs (isen-isen)/Nyuk Pitu/all_motifs (1291)/NyukPitu_00031.jpg,Nyuk Pitu,Nyuk Pitu,all_motifs (1291),Phoenix and Lotus.jpg,KUB Srikandi,2022,raw (crop),28 x 28,sRGB IEC61966-2.1,VJB
3273,NyukPitu_00033.jpg,Batik_Lasem/motifs (isen-isen)/Nyuk Pitu/all_motifs (1291)/NyukPitu_00033.jpg,Nyuk Pitu,Nyuk Pitu,all_motifs (1291),Phoenix and Lotus.jpg,KUB Srikandi,2022,raw (crop),28 x 28,sRGB IEC61966-2.1,VJB
3275,NyukPitu_00035.jpg,Batik_Lasem/motifs (isen-isen)/Nyuk Pitu/all_motifs (1291)/NyukPitu_00035.jpg,Nyuk Pitu,Nyuk Pitu,all_motifs (1291),Phoenix in Bright Green.jpg,KUB Srikandi,2022,raw (crop),142 x 142,sRGB IEC61966-2.1,VJB
3276,NyukPitu_00036.jpg,Batik_Lasem/motifs (isen-isen)/Nyuk Pitu/all_motifs (1291)/NyukPitu_00036.jpg,Nyuk Pitu,Nyuk Pitu,all_motifs (1291),Phoenix and Lotus.jpg,KUB Srikandi,2022,raw (crop),28 x 28,sRGB IEC61966-2.1,VJB
3278,NyukPitu_00038.jpg,Batik_Lasem/motifs (isen-isen)/Nyuk Pitu/all_motifs (1291)/NyukPitu_00038.jpg,Nyuk Pitu,Nyuk Pitu,all_motifs (1291),Phoenix and Lotus.jpg,KUB Srikandi,2022,raw (crop),28 x 28,sRGB IEC61966-2.1,VJB
3282,NyukPitu_00042.jpg,Batik_Lasem/motifs (isen-isen)/Nyuk Pitu/all_motifs (1291)/NyukPitu_00042.jpg,Nyuk Pitu,Nyuk Pitu,all_motifs (1291),Phoenix and Lotus.jpg,KUB Srikandi,2022,raw (crop),142 x 142,sRGB IEC61966-2.1,VJB
3283,NyukPitu_00043.jpg,Batik_Lasem/motifs (isen-isen)/Nyuk Pitu/all_motifs (1291)/NyukPitu_00043.jpg,Nyuk Pitu,Nyuk Pitu,all_motifs (1291),Phoenix and Lotus.jpg,KUB Srikandi,2022,raw (crop),28 x 28,sRGB IEC61966-2.1,VJB
3285,NyukPitu_00045.jpg,Batik_Lasem/motifs (isen-isen)/Nyuk Pitu/all_motifs (1291)/NyukPitu_00045.jpg,Nyuk Pitu,Nyuk Pitu,all_motifs (1291),Phoenix and Lotus.jpg,KUB Srikandi,2022,raw (crop),28 x 28,sRGB IEC61966-2.1,VJB
3286,NyukPitu_00046.jpg,Batik_Lasem/motifs (isen-isen)/Nyuk Pitu/all_motifs (1291)/NyukPitu_00046.jpg,Nyuk Pitu,Nyuk Pitu,all_motifs (1291),Phoenix and Lotus.jpg,KUB Srikandi,2022,raw (crop),28 x 28,sRGB IEC61966-2.1,VJB
3288,NyukPitu_00048.jpg,Batik_Lasem/motifs (isen-isen)/Nyuk Pitu/all_motifs (1291)/NyukPitu_00048.jpg,Nyuk Pitu,Nyuk Pitu,all_motifs (1291),Phoenix and Lotus.jpg,KUB Srikandi,2022,raw (crop),28 x 28,sRGB IEC61966-2.1,VJB
3289,NyukPitu_00049.jpg,Batik_Lasem/motifs (isen-isen)/Nyuk Pitu/all_motifs (1291)/NyukPitu_00049.jpg,Nyuk Pitu,Nyuk Pitu,all_motifs (1291),Phoenix and Lotus.jpg,KUB Srikandi,2022,raw (crop),28 x 28,sRGB IEC61966-2.1,VJB
3296,NyukPitu_00056.jpg,Batik_Lasem/motifs (isen-isen)/Nyuk Pitu/all_motifs (1291)/NyukPitu_00056.jpg,Nyuk Pitu,Nyuk Pitu,all_motifs (1291),Phoenix in Bright Green.jpg,KUB Srikandi,2022,raw (crop),142 x 142,sRGB IEC61966-2.1,VJB
3301,NyukPitu_00061.jpg,Batik_Lasem/motifs (isen-isen)/Nyuk Pitu/all_motifs (1291)/NyukPitu_00061.jpg,Nyuk Pitu,Nyuk Pitu,all_motifs (1291),Phoenix and Lotus.jpg,KUB Srikandi,2022,raw (crop),28 x 28,sRGB IEC61966-2.1,VJB
3302,NyukPitu_00062.jpg,Batik_Lasem/motifs (isen-isen)/Nyuk Pitu/all_motifs (1291)/NyukPitu_00062.jpg,Nyuk Pitu,Nyuk Pitu,all_motifs (1291),Phoenix in Bright Green.jpg,KUB Srikandi,2022,raw (crop),142 x 142,sRGB IEC61966-2.1,VJB
3305,NyukPitu_00065.jpg,Batik_Lasem/motifs (isen-isen)/Nyuk Pitu/all_motifs (1291)/NyukPitu_00065.jpg,Nyuk Pitu,Nyuk Pitu,all_motifs (1291),Phoenix and Lotus.jpg,KUB Srikandi,2022,raw (crop),28 x 28,sRGB IEC61966-2.1,VJB
3308,NyukPitu_00068.jpg,Batik_Lasem/motifs (isen-isen)/Nyuk Pitu/all_motifs (1291)/NyukPitu_00068.jpg,Nyuk Pitu,Nyuk Pitu,all_motifs (1291),Phoenix in Bright Green.jpg,KUB Srikandi,2022,raw (crop),142 x 142,sRGB IEC61966-2.1,VJB
3313,NyukPitu_00073.jpg,Batik_Lasem/motifs (isen-isen)/Nyuk Pitu/all_motifs (1291)/NyukPitu_00073.jpg,Nyuk Pitu,Nyuk Pitu,all_motifs (1291),Phoenix and Lotus.jpg,KUB Srikandi,2022,raw (crop),28 x 28,sRGB IEC61966-2.1,VJB
3315,NyukPitu_00075.jpg,Batik_Lasem/motifs (isen-isen)/Nyuk Pitu/all_motifs (1291)/NyukPitu_00075.jpg,Nyuk Pitu,Nyuk Pitu,all_motifs (1291),Phoenix and Lotus.jpg,KUB Srikandi,2022,raw (crop),142 x 142,sRGB IEC61966-2.1,VJB
3317,NyukPitu_00077.jpg,Batik_Lasem/motifs (isen-isen)/Nyuk Pitu/all_motifs (1291)/NyukPitu_00077.jpg,Nyuk Pitu,Nyuk Pitu,all_motifs (1291),Phoenix in Bright Green.jpg,KUB Srikandi,2022,raw (crop),142 x 142,sRGB IEC61966-2.1,VJB
3318,NyukPitu_00078.jpg,Batik_Lasem/motifs (isen-isen)/Nyuk Pitu/all_motifs (1291)/NyukPitu_00078.jpg,Nyuk Pitu,Nyuk Pitu,all_motifs (1291),Phoenix and Lotus.jpg,KUB Srikandi,2022,raw (crop),28 x 28,sRGB IEC61966-2.1,VJB
3319,NyukPitu_00079.jpg,Batik_Lasem/motifs (isen-isen)/Nyuk Pitu/all_motifs (1291)/NyukPitu_00079.jpg,Nyuk Pitu,Nyuk Pitu,all_motifs (1291),Phoenix in Bright Green.jpg,KUB Srikandi,2022,raw (crop),142 x 142,sRGB IEC61966-2.1,VJB
3321,NyukPitu_00081.jpg,Batik_Lasem/motifs (isen-isen)/Nyuk Pitu/all_motifs (1291)/NyukPitu_00081.jpg,Nyuk Pitu,Nyuk Pitu,all_motifs (1291),Phoenix in Bright Green.jpg,KUB Srikandi,2022,raw (crop),142 x 142,sRGB IEC61966-2.1,VJB
3323,NyukPitu_00083.jpg,Batik_Lasem/motifs (isen-isen)/Nyuk Pitu/all_motifs (1291)/NyukPitu_00083.jpg,Nyuk Pitu,Nyuk Pitu,all_motifs (1291),Phoenix in Bright Green.jpg,KUB Srikandi,2022,raw (crop),142 x 142,sRGB IEC61966-2.1,VJB
3324,NyukPitu_00084.jpg,Batik_Lasem/motifs (isen-isen)/Nyuk Pitu/all_motifs (1291)/NyukPitu_00084.jpg,Nyuk Pitu,Nyuk Pitu,all_motifs (1291),Phoenix and Lotus.jpg,KUB Srikandi,2022,raw (crop),28 x 28,sRGB IEC61966-2.1,VJB
3325,NyukPitu_00085.jpg,Batik_Lasem/motifs (isen-isen)/Nyuk Pitu/all_motifs (1291)/NyukPitu_00085.jpg,Nyuk Pitu,Nyuk Pitu,all_motifs (1291),Phoenix in Bright Green.jpg,KUB Srikandi,2022,raw (crop),142 x 142,sRGB IEC61966-2.1,VJB
3329,NyukPitu_00089.jpg,Batik_Lasem/motifs (isen-isen)/Nyuk Pitu/all_motifs (1291)/NyukPitu_00089.jpg,Nyuk Pitu,Nyuk Pitu,all_motifs (1291),Phoenix in Bright Green.jpg,KUB Srikandi,2022,raw (crop),142 x 142,sRGB IEC61966-2.1,VJB
3331,NyukPitu_00091.jpg,Batik_Lasem/motifs (isen-isen)/Nyuk Pitu/all_motifs (1291)/NyukPitu_00091.jpg,Nyuk Pitu,Nyuk Pitu,all_motifs (1291),Phoenix in Bright Green.jpg,KUB Srikandi,2022,raw (crop),142 x 142,sRGB IEC61966-2.1,VJB
3333,NyukPitu_00093.jpg,Batik_Lasem/motifs (isen-isen)/Nyuk Pitu/all_motifs (1291)/NyukPitu_00093.jpg,Nyuk Pitu,Nyuk Pitu,all_motifs (1291),Phoenix in Bright Green.jpg,KUB Srikandi,2022,raw (crop),142 x 142,sRGB IEC61966-2.1,VJB
3335,NyukPitu_00095.jpg,Batik_Lasem/motifs (isen-isen)/Nyuk Pitu/all_motifs (1291)/NyukPitu_00095.jpg,Nyuk Pitu,Nyuk Pitu,all_motifs (1291),Phoenix in Bright Green.jpg,KUB Srikandi,2022,raw (crop),142 x 142,sRGB IEC61966-2.1,VJB
3339,NyukPitu_00099.jpg,Batik_Lasem/motifs (isen-isen)/Nyuk Pitu/all_motifs (1291)/NyukPitu_00099.jpg,Nyuk Pitu,Nyuk Pitu,all_motifs (1291),Phoenix and Lotus.jpg,KUB Srikandi,2022,raw (crop),28 x 28,sRGB IEC61966-2.1,VJB
3341,NyukPitu_00101.jpg,Batik_Lasem/motifs (isen-isen)/Nyuk Pitu/all_motifs (1291)/NyukPitu_00101.jpg,Nyuk Pitu,Nyuk Pitu,all_motifs (1291),Phoenix and Lotus.jpg,KUB Srikandi,2022,raw (crop),28 x 28,sRGB IEC61966-2.1,VJB
3342,NyukPitu_00102.jpg,Batik_Lasem/motifs (isen-isen)/Nyuk Pitu/all_motifs (1291)/NyukPitu_00102.jpg,Nyuk Pitu,Nyuk Pitu,all_motifs (1291),Phoenix and Lotus.jpg,KUB Srikandi,2022,raw (crop),142 x 142,sRGB IEC61966-2.1,VJB
3344,NyukPitu_00104.jpg,Batik_Lasem/motifs (isen-isen)/Nyuk Pitu/all_motifs (1291)/NyukPitu_00104.jpg,Nyuk Pitu,Nyuk Pitu,all_motifs (1291),Phoenix and Lotus.jpg,KUB Srikandi,2022,raw (crop),142 x 142,sRGB IEC61966-2.1,VJB
3348,NyukPitu_00108.jpg,Batik_Lasem/motifs (isen-isen)/Nyuk Pitu/all_motifs (1291)/NyukPitu_00108.jpg,Nyuk Pitu,Nyuk Pitu,all_motifs (1291),Phoenix and Lotus.jpg,KUB Srikandi,2022,raw (crop),142 x 142,sRGB IEC61966-2.1,VJB
3349,NyukPitu_00109.jpg,Batik_Lasem/motifs (isen-isen)/Nyuk Pitu/all_motifs (1291)/NyukPitu_00109.jpg,Nyuk Pitu,Nyuk Pitu,all_motifs (1291),Phoenix and Lotus.jpg,KUB Srikandi,2022,raw (crop),28 x 28,sRGB IEC61966-2.1,VJB
3350,NyukPitu_00110.jpg,Batik_Lasem/motifs (isen-isen)/Nyuk Pitu/all_motifs (1291)/NyukPitu_00110.jpg,Nyuk Pitu,Nyuk Pitu,all_motifs (1291),Phoenix and Lotus.jpg,KUB Srikandi,2022,raw (crop),142 x 142,sRGB IEC61966-2.1,VJB
3351,NyukPitu_00111.jpg,Batik_Lasem/motifs (isen-isen)/Nyuk Pitu/all_motifs (1291)/NyukPitu_00111.jpg,Nyuk Pitu,Nyuk Pitu,all_motifs (1291),Phoenix and Lotus.jpg,KUB Srikandi,2022,raw (crop),28 x 28,sRGB IEC61966-2.1,VJB
3353,NyukPitu_00113.jpg,Batik_Lasem/motifs (isen-isen)/Nyuk Pitu/all_motifs (1291)/NyukPitu_00113.jpg,Nyuk Pitu,Nyuk Pitu,all_motifs (1291),Phoenix and Lotus.jpg,KUB Srikandi,2022,raw (crop),28 x 28,sRGB IEC61966-2.1,VJB
3356,NyukPitu_00116.jpg,Batik_Lasem/motifs (isen-isen)/Nyuk Pitu/all_motifs (1291)/NyukPitu_00116.jpg,Nyuk Pitu,Nyuk Pitu,all_motifs (1291),Phoenix and Lotus.jpg,KUB Srikandi,2022,raw (crop),142 x 142,sRGB IEC61966-2.1,VJB
3359,NyukPitu_00119.jpg,Batik_Lasem/motifs (isen-isen)/Nyuk Pitu/all_motifs (1291)/NyukPitu_00119.jpg,Nyuk Pitu,Nyuk Pitu,all_motifs (1291),Phoenix and Lotus.jpg,KUB Srikandi,2022,raw (crop),142 x 142,sRGB IEC61966-2.1,VJB
3361,NyukPitu_00121.jpg,Batik_Lasem/motifs (isen-isen)/Nyuk Pitu/all_motifs (1291)/NyukPitu_00121.jpg,Nyuk Pitu,Nyuk Pitu,all_motifs (1291),Phoenix and Lotus.jpg,KUB Srikandi,2022,raw (crop),142 x 142,sRGB IEC61966-2.1,VJB
3364,NyukPitu_00124.jpg,Batik_Lasem/motifs (isen-isen)/Nyuk Pitu/all_motifs (1291)/NyukPitu_00124.jpg,Nyuk Pitu,Nyuk Pitu,all_motifs (1291),Phoenix and Lotus.jpg,KUB Srikandi,2022,raw (crop),28 x 28,sRGB IEC61966-2.1,VJB
3365,NyukPitu_00125.jpg,Batik_Lasem/motifs (isen-isen)/Nyuk Pitu/all_motifs (1291)/NyukPitu_00125.jpg,Nyuk Pitu,Nyuk Pitu,all_motifs (1291),Phoenix and Lotus.jpg,KUB Srikandi,2022,raw (crop),142 x 142,sRGB IEC61966-2.1,VJB
3367,NyukPitu_00127.jpg,Batik_Lasem/motifs (isen-isen)/Nyuk Pitu/all_motifs (1291)/NyukPitu_00127.jpg,Nyuk Pitu,Nyuk Pitu,all_motifs (1291),Phoenix and Lotus.jpg,KUB Srikandi,2022,raw (crop),142 x 142,sRGB IEC61966-2.1,VJB
3369,NyukPitu_00129.jpg,Batik_Lasem/motifs (isen-isen)/Nyuk Pitu/all_motifs (1291)/NyukPitu_00129.jpg,Nyuk Pitu,Nyuk Pitu,all_motifs (1291),Phoenix and Lotus.jpg,KUB Srikandi,2022,raw (crop),142 x 142,sRGB IEC61966-2.1,VJB
3370,NyukPitu_00130.jpg,Batik_Lasem/motifs (isen-isen)/Nyuk Pitu/all_motifs (1291)/NyukPitu_00130.jpg,Nyuk Pitu,Nyuk Pitu,all_motifs (1291),Isen Cloth 2.jpg,Pusaka Beruang,2022,raw (crop),28 x 28,sRGB IEC61966-2.1,VJB
3371,NyukPitu_00131.jpg,Batik_Lasem/motifs (isen-isen)/Nyuk Pitu/all_motifs (1291)/NyukPitu_00131.jpg,Nyuk Pitu,Nyuk Pitu,all_motifs (1291),Phoenix and Lotus.jpg,KUB Srikandi,2022,raw (crop),142 x 142,sRGB IEC61966-2.1,VJB
3372,NyukPitu_00132.jpg,Batik_Lasem/motifs (isen-isen)/Nyuk Pitu/all_motifs (1291)/NyukPitu_00132.jpg,Nyuk Pitu,Nyuk Pitu,all_motifs (1291),Isen Cloth 2.jpg,Pusaka Beruang,2022,raw (crop),28 x 28,sRGB IEC61966-2.1,VJB
3374,NyukPitu_00134.jpg,Batik_Lasem/motifs (isen-isen)/Nyuk Pitu/all_motifs (1291)/NyukPitu_00134.jpg,Nyuk Pitu,Nyuk Pitu,all_motifs (1291),Isen Cloth 2.jpg,Pusaka Beruang,2022,raw (crop),28 x 28,sRGB IEC61966-2.1,VJB
3376,NyukPitu_00136.jpg,Batik_Lasem/motifs (isen-isen)/Nyuk Pitu/all_motifs (1291)/NyukPitu_00136.jpg,Nyuk Pitu,Nyuk Pitu,all_motifs (1291),Isen Cloth 2.jpg,Pusaka Beruang,2022,raw (crop),28 x 28,sRGB IEC61966-2.1,VJB
3377,NyukPitu_00137.jpg,Batik_Lasem/motifs (isen-isen)/Nyuk Pitu/all_motifs (1291)/NyukPitu_00137.jpg,Nyuk Pitu,Nyuk Pitu,all_motifs (1291),Phoenix and Lotus.jpg,KUB Srikandi,2022,raw (crop),142 x 142,sRGB IEC61966-2.1,VJB
3379,NyukPitu_00139.jpg,Batik_Lasem/motifs (isen-isen)/Nyuk Pitu/all_motifs (1291)/NyukPitu_00139.jpg,Nyuk Pitu,Nyuk Pitu,all_motifs (1291),Isen Cloth 2.jpg,Pusaka Beruang,2022,raw (crop),28 x 28,sRGB IEC61966-2.1,VJB
3380,NyukPitu_00140.jpg,Batik_Lasem/motifs (isen-isen)/Nyuk Pitu/all_motifs (1291)/NyukPitu_00140.jpg,Nyuk Pitu,Nyuk Pitu,all_motifs (1291),Phoenix and Lotus.jpg,KUB Srikandi,2022,raw (crop),142 x 142,sRGB IEC61966-2.1,VJB
3381,NyukPitu_00141.jpg,Batik_Lasem/motifs (isen-isen)/Nyuk Pitu/all_motifs (1291)/NyukPitu_00141.jpg,Nyuk Pitu,Nyuk Pitu,all_motifs (1291),Isen Cloth 2.jpg,Pusaka Beruang,2022,raw (crop),28 x 28,sRGB IEC61966-2.1,VJB
3382,NyukPitu_00142.jpg,Batik_Lasem/motifs (isen-isen)/Nyuk Pitu/all_motifs (1291)/NyukPitu_00142.jpg,Nyuk Pitu,Nyuk Pitu,all_motifs (1291),Phoenix and Lotus.jpg,KUB Srikandi,2022,raw (crop),142 x 142,sRGB IEC61966-2.1,VJB
3383,NyukPitu_00143.jpg,Batik_Lasem/motifs (isen-isen)/Nyuk Pitu/all_motifs (1291)/NyukPitu_00143.jpg,Nyuk Pitu,Nyuk Pitu,all_motifs (1291),Isen Cloth 2.jpg,Pusaka Beruang,2022,raw (crop),28 x 28,sRGB IEC61966-2.1,VJB
3385,NyukPitu_00145.jpg,Batik_Lasem/motifs (isen-isen)/Nyuk Pitu/all_motifs (1291)/NyukPitu_00145.jpg,Nyuk Pitu,Nyuk Pitu,all_motifs (1291),Isen Cloth 2.jpg,Pusaka Beruang,2022,raw (crop),28 x 28,sRGB IEC61966-2.1,VJB
3386,NyukPitu_00146.jpg,Batik_Lasem/motifs (isen-isen)/Nyuk Pitu/all_motifs (1291)/NyukPitu_00146.jpg,Nyuk Pitu,Nyuk Pitu,all_motifs (1291),Phoenix and Lotus.jpg,KUB Srikandi,2022,raw (crop),142 x 142,sRGB IEC61966-2.1,VJB
3387,NyukPitu_00147.jpg,Batik_Lasem/motifs (isen-isen)/Nyuk Pitu/all_motifs (1291)/NyukPitu_00147.jpg,Nyuk Pitu,Nyuk Pitu,all_motifs (1291),Isen Cloth 2.jpg,Pusaka Beruang,2022,raw (crop),28 x 28,sRGB IEC61966-2.1,VJB
3389,NyukPitu_00149.jpg,Batik_Lasem/motifs (isen-isen)/Nyuk Pitu/all_motifs (1291)/NyukPitu_00149.jpg,Nyuk Pitu,Nyuk Pitu,all_motifs (1291),Isen Cloth 2.jpg,Pusaka Beruang,2022,raw (crop),28 x 28,sRGB IEC61966-2.1,VJB
3393,NyukPitu_00153.jpg,Batik_Lasem/motifs (isen-isen)/Nyuk Pitu/all_motifs (1291)/NyukPitu_00153.jpg,Nyuk Pitu,Nyuk Pitu,all_motifs (1291),Isen Cloth 2.jpg,Pusaka Beruang,2022,raw (crop),28 x 28,sRGB IEC61966-2.1,VJB
3395,NyukPitu_00155.jpg,Batik_Lasem/motifs (isen-isen)/Nyuk Pitu/all_motifs (1291)/NyukPitu_00155.jpg,Nyuk Pitu,Nyuk Pitu,all_motifs (1291),Isen Cloth 2.jpg,Pusaka Beruang,2022,raw (crop),28 x 28,sRGB IEC61966-2.1,VJB
3396,NyukPitu_00156.jpg,Batik_Lasem/motifs (isen-isen)/Nyuk Pitu/all_motifs (1291)/NyukPitu_00156.jpg,Nyuk Pitu,Nyuk Pitu,all_motifs (1291),Phoenix and Lotus.jpg,KUB Srikandi,2022,raw (crop),142 x 142,sRGB IEC61966-2.1,VJB
3400,NyukPitu_00160.jpg,Batik_Lasem/motifs (isen-isen)/Nyuk Pitu/all_motifs (1291)/NyukPitu_00160.jpg,Nyuk Pitu,Nyuk Pitu,all_motifs (1291),Isen Cloth 2.jpg,Pusaka Beruang,2022,raw (crop),28 x 28,sRGB IEC61966-2.1,VJB
3401,NyukPitu_00161.jpg,Batik_Lasem/motifs (isen-isen)/Nyuk Pitu/all_motifs (1291)/NyukPitu_00161.jpg,Nyuk Pitu,Nyuk Pitu,all_motifs (1291),Latohan Dragon.jpg,Sekar Kencana,2022,raw (crop),142 x 142,sRGB IEC61966-2.1,VJB
3405,NyukPitu_00165.jpg,Batik_Lasem/motifs (isen-isen)/Nyuk Pitu/all_motifs (1291)/NyukPitu_00165.jpg,Nyuk Pitu,Nyuk Pitu,all_motifs (1291),Phoenix in Purple.jpg,KUB Srikandi,2022,raw (crop),142 x 142,sRGB IEC61966-2.1,VJB
3414,NyukPitu_00174.jpg,Batik_Lasem/motifs (isen-isen)/Nyuk Pitu/all_motifs (1291)/NyukPitu_00174.jpg,Nyuk Pitu,Nyuk Pitu,all_motifs (1291),Isen Cloth 2.jpg,Pusaka Beruang,2022,raw (crop),28 x 28,sRGB IEC61966-2.1,VJB
3418,NyukPitu_00178.jpg,Batik_Lasem/motifs (isen-isen)/Nyuk Pitu/all_motifs (1291)/NyukPitu_00178.jpg,Nyuk Pitu,Nyuk Pitu,all_motifs (1291),Isen Cloth 2.jpg,Pusaka Beruang,2022,raw (crop),28 x 28,sRGB IEC61966-2.1,VJB
3419,NyukPitu_00179.jpg,Batik_Lasem/motifs (isen-isen)/Nyuk Pitu/all_motifs (1291)/NyukPitu_00179.jpg,Nyuk Pitu,Nyuk Pitu,all_motifs (1291),Phoenix in Purple.jpg,KUB Srikandi,2022,raw (crop),142 x 142,sRGB IEC61966-2.1,VJB
3421,NyukPitu_00181.jpg,Batik_Lasem/motifs (isen-isen)/Nyuk Pitu/all_motifs (1291)/NyukPitu_00181.jpg,Nyuk Pitu,Nyuk Pitu,all_motifs (1291),Isen Cloth 2.jpg,Pusaka Beruang,2022,raw (crop),28 x 28,sRGB IEC61966-2.1,VJB
3422,NyukPitu_00182.jpg,Batik_Lasem/motifs (isen-isen)/Nyuk Pitu/all_motifs (1291)/NyukPitu_00182.jpg,Nyuk Pitu,Nyuk Pitu,all_motifs (1291),Phoenix in Purple.jpg,KUB Srikandi,2022,raw (crop),142 x 142,sRGB IEC61966-2.1,VJB
3423,NyukPitu_00183.jpg,Batik_Lasem/motifs (isen-isen)/Nyuk Pitu/all_motifs (1291)/NyukPitu_00183.jpg,Nyuk Pitu,Nyuk Pitu,all_motifs (1291),Isen Cloth 2.jpg,Pusaka Beruang,2022,raw (crop),28 x 28,sRGB IEC61966-2.1,VJB
3425,NyukPitu_00185.jpg,Batik_Lasem/motifs (isen-isen)/Nyuk Pitu/all_motifs (1291)/NyukPitu_00185.jpg,Nyuk Pitu,Nyuk Pitu,all_motifs (1291),Isen Cloth 2.jpg,Pusaka Beruang,2022,raw (crop),28 x 28,sRGB IEC61966-2.1,VJB
3426,NyukPitu_00186.jpg,Batik_Lasem/motifs (isen-isen)/Nyuk Pitu/all_motifs (1291)/NyukPitu_00186.jpg,Nyuk Pitu,Nyuk Pitu,all_motifs (1291),Phoenix in Purple.jpg,KUB Srikandi,2022,raw (crop),142 x 142,sRGB IEC61966-2.1,VJB
3427,NyukPitu_00187.jpg,Batik_Lasem/motifs (isen-isen)/Nyuk Pitu/all_motifs (1291)/NyukPitu_00187.jpg,Nyuk Pitu,Nyuk Pitu,all_motifs (1291),Isen Cloth 2.jpg,Pusaka Beruang,2022,raw (crop),28 x 28,sRGB IEC61966-2.1,VJB
3428,NyukPitu_00188.jpg,Batik_Lasem/motifs (isen-isen)/Nyuk Pitu/all_motifs (1291)/NyukPitu_00188.jpg,Nyuk Pitu,Nyuk Pitu,all_motifs (1291),Phoenix in Purple.jpg,KUB Srikandi,2022,raw (crop),142 x 142,sRGB IEC61966-2.1,VJB
3429,NyukPitu_00189.jpg,Batik_Lasem/motifs (isen-isen)/Nyuk Pitu/all_motifs (1291)/NyukPitu_00189.jpg,Nyuk Pitu,Nyuk Pitu,all_motifs (1291),Isen Cloth 2.jpg,Pusaka Beruang,2022,raw (crop),28 x 28,sRGB IEC61966-2.1,VJB
3432,NyukPitu_00192.jpg,Batik_Lasem/motifs (isen-isen)/Nyuk Pitu/all_motifs (1291)/NyukPitu_00192.jpg,Nyuk Pitu,Nyuk Pitu,all_motifs (1291),Isen Cloth 2.jpg,Pusaka Beruang,2022,raw (crop),28 x 28,sRGB IEC61966-2.1,VJB
3434,NyukPitu_00194.jpg,Batik_Lasem/motifs (isen-isen)/Nyuk Pitu/all_motifs (1291)/NyukPitu_00194.jpg,Nyuk Pitu,Nyuk Pitu,all_motifs (1291),Isen Cloth 2.jpg,Pusaka Beruang,2022,raw (crop),28 x 28,sRGB IEC61966-2.1,VJB
3435,NyukPitu_00195.jpg,Batik_Lasem/motifs (isen-isen)/Nyuk Pitu/all_motifs (1291)/NyukPitu_00195.jpg,Nyuk Pitu,Nyuk Pitu,all_motifs (1291),Cranes with Bledak Background.jpg,Katrin Bee,2022,raw (crop),142 x 142,sRGB IEC61966-2.1,VJB
3436,NyukPitu_00196.jpg,Batik_Lasem/motifs (isen-isen)/Nyuk Pitu/all_motifs (1291)/NyukPitu_00196.jpg,Nyuk Pitu,Nyuk Pitu,all_motifs (1291),Isen Cloth 2.jpg,Pusaka Beruang,2022,raw (crop),28 x 28,sRGB IEC61966-2.1,VJB
3437,NyukPitu_00197.jpg,Batik_Lasem/motifs (isen-isen)/Nyuk Pitu/all_motifs (1291)/NyukPitu_00197.jpg,Nyuk Pitu,Nyuk Pitu,all_motifs (1291),Cranes with Bledak Background.jpg,Katrin Bee,2022,raw (crop),142 x 142,sRGB IEC61966-2.1,VJB
3440,NyukPitu_00200.jpg,Batik_Lasem/motifs (isen-isen)/Nyuk Pitu/all_motifs (1291)/NyukPitu_00200.jpg,Nyuk Pitu,Nyuk Pitu,all_motifs (1291),Latohan Dragon.jpg,Sekar Kencana,2022,raw (crop),142 x 142,sRGB IEC61966-2.1,VJB
3441,NyukPitu_00201.jpg,Batik_Lasem/motifs (isen-isen)/Nyuk Pitu/all_motifs (1291)/NyukPitu_00201.jpg,Nyuk Pitu,Nyuk Pitu,all_motifs (1291),Isen Cloth 2.jpg,Pusaka Beruang,2022,raw (crop),28 x 28,sRGB IEC61966-2.1,VJB
3442,NyukPitu_00202.jpg,Batik_Lasem/motifs (isen-isen)/Nyuk Pitu/all_motifs (1291)/NyukPitu_00202.jpg,Nyuk Pitu,Nyuk Pitu,all_motifs (1291),Cranes with Bledak Background.jpg,Katrin Bee,2022,raw (crop),142 x 142,sRGB IEC61966-2.1,VJB
3443,NyukPitu_00203.jpg,Batik_Lasem/motifs (isen-isen)/Nyuk Pitu/all_motifs (1291)/NyukPitu_00203.jpg,Nyuk Pitu,Nyuk Pitu,all_motifs (1291),Isen Cloth 2.jpg,Pusaka Beruang,2022,raw (crop),28 x 28,sRGB IEC61966-2.1,VJB
3444,NyukPitu_00204.jpg,Batik_Lasem/motifs (isen-isen)/Nyuk Pitu/all_motifs (1291)/NyukPitu_00204.jpg,Nyuk Pitu,Nyuk Pitu,all_motifs (1291),Cranes with Bledak Background.jpg,Katrin Bee,2022,raw (crop),142 x 142,sRGB IEC61966-2.1,VJB
3445,NyukPitu_00205.jpg,Batik_Lasem/motifs (isen-isen)/Nyuk Pitu/all_motifs (1291)/NyukPitu_00205.jpg,Nyuk Pitu,Nyuk Pitu,all_motifs (1291),Isen Cloth 2.jpg,Pusaka Beruang,2022,raw (crop),28 x 28,sRGB IEC61966-2.1,VJB
3448,NyukPitu_00208.jpg,Batik_Lasem/motifs (isen-isen)/Nyuk Pitu/all_motifs (1291)/NyukPitu_00208.jpg,Nyuk Pitu,Nyuk Pitu,all_motifs (1291),Cranes with Bledak Background.jpg,Katrin Bee,2022,raw (crop),142 x 142,sRGB IEC61966-2.1,VJB
3449,NyukPitu_00209.jpg,Batik_Lasem/motifs (isen-isen)/Nyuk Pitu/all_motifs (1291)/NyukPitu_00209.jpg,Nyuk Pitu,Nyuk Pitu,all_motifs (1291),Isen Cloth 2.jpg,Pusaka Beruang,2022,raw (crop),28 x 28,sRGB IEC61966-2.1,VJB
3451,NyukPitu_00211.jpg,Batik_Lasem/motifs (isen-isen)/Nyuk Pitu/all_motifs (1291)/NyukPitu_00211.jpg,Nyuk Pitu,Nyuk Pitu,all_motifs (1291),Isen Cloth 2.jpg,Pusaka Beruang,2022,raw (crop),28 x 28,sRGB IEC61966-2.1,VJB
3452,NyukPitu_00212.jpg,Batik_Lasem/motifs (isen-isen)/Nyuk Pitu/all_motifs (1291)/NyukPitu_00212.jpg,Nyuk Pitu,Nyuk Pitu,all_motifs (1291),Phoenix in Bright Green.jpg,KUB Srikandi,2022,raw (crop),142 x 142,sRGB IEC61966-2.1,VJB
3453,NyukPitu_00213.jpg,Batik_Lasem/motifs (isen-isen)/Nyuk Pitu/all_motifs (1291)/NyukPitu_00213.jpg,Nyuk Pitu,Nyuk Pitu,all_motifs (1291),Isen Cloth 2.jpg,Pusaka Beruang,2022,raw (crop),28 x 28,sRGB IEC61966-2.1,VJB
3456,NyukPitu_00216.jpg,Batik_Lasem/motifs (isen-isen)/Nyuk Pitu/all_motifs (1291)/NyukPitu_00216.jpg,Nyuk Pitu,Nyuk Pitu,all_motifs (1291),Phoenix in Bright Green.jpg,KUB Srikandi,2022,raw (crop),142 x 142,sRGB IEC61966-2.1,VJB
3459,NyukPitu_00219.jpg,Batik_Lasem/motifs (isen-isen)/Nyuk Pitu/all_motifs (1291)/NyukPitu_00219.jpg,Nyuk Pitu,Nyuk Pitu,all_motifs (1291),Isen Cloth 2.jpg,Pusaka Beruang,2022,raw (crop),28 x 28,sRGB IEC61966-2.1,VJB
3463,NyukPitu_00223.jpg,Batik_Lasem/motifs (isen-isen)/Nyuk Pitu/all_motifs (1291)/NyukPitu_00223.jpg,Nyuk Pitu,Nyuk Pitu,all_motifs (1291),Phoenix in Bright Green.jpg,KUB Srikandi,2022,raw (crop),142 x 142,sRGB IEC61966-2.1,VJB
3466,NyukPitu_00226.jpg,Batik_Lasem/motifs (isen-isen)/Nyuk Pitu/all_motifs (1291)/NyukPitu_00226.jpg,Nyuk Pitu,Nyuk Pitu,all_motifs (1291),Isen Cloth 2.jpg,Pusaka Beruang,2022,raw (crop),28 x 28,sRGB IEC61966-2.1,VJB
3469,NyukPitu_00229.jpg,Batik_Lasem/motifs (isen-isen)/Nyuk Pitu/all_motifs (1291)/NyukPitu_00229.jpg,Nyuk Pitu,Nyuk Pitu,all_motifs (1291),Phoenix in Bright Green.jpg,KUB Srikandi,2022,raw (crop),142 x 142,sRGB IEC61966-2.1,VJB
3471,NyukPitu_00231.jpg,Batik_Lasem/motifs (isen-isen)/Nyuk Pitu/all_motifs (1291)/NyukPitu_00231.jpg,Nyuk Pitu,Nyuk Pitu,all_motifs (1291),Phoenix in Bright Green.jpg,KUB Srikandi,2022,raw (crop),142 x 142,sRGB IEC61966-2.1,VJB
3474,NyukPitu_00234.jpg,Batik_Lasem/motifs (isen-isen)/Nyuk Pitu/all_motifs (1291)/NyukPitu_00234.jpg,Nyuk Pitu,Nyuk Pitu,all_motifs (1291),Isen Cloth 2.jpg,Pusaka Beruang,2022,raw (crop),28 x 28,sRGB IEC61966-2.1,VJB
3477,NyukPitu_00237.jpg,Batik_Lasem/motifs (isen-isen)/Nyuk Pitu/all_motifs (1291)/NyukPitu_00237.jpg,Nyuk Pitu,Nyuk Pitu,all_motifs (1291),Phoenix in Bright Green.jpg,KUB Srikandi,2022,raw (crop),142 x 142,sRGB IEC61966-2.1,VJB
3478,NyukPitu_00238.jpg,Batik_Lasem/motifs (isen-isen)/Nyuk Pitu/all_motifs (1291)/NyukPitu_00238.jpg,Nyuk Pitu,Nyuk Pitu,all_motifs (1291),Isen Cloth 2.jpg,Pusaka Beruang,2022,raw (crop),28 x 28,sRGB IEC61966-2.1,VJB
3479,NyukPitu_00239.jpg,Batik_Lasem/motifs (isen-isen)/Nyuk Pitu/all_motifs (1291)/NyukPitu_00239.jpg,Nyuk Pitu,Nyuk Pitu,all_motifs (1291),Phoenix in Bright Green.jpg,KUB Srikandi,2022,raw (crop),142 x 142,sRGB IEC61966-2.1,VJB
3486,NyukPitu_00246.jpg,Batik_Lasem/motifs (isen-isen)/Nyuk Pitu/all_motifs (1291)/NyukPitu_00246.jpg,Nyuk Pitu,Nyuk Pitu,all_motifs (1291),Phoenix in Bright Green.jpg,KUB Srikandi,2022,raw (crop),142 x 142,sRGB IEC61966-2.1,VJB
3487,NyukPitu_00247.jpg,Batik_Lasem/motifs (isen-isen)/Nyuk Pitu/all_motifs (1291)/NyukPitu_00247.jpg,Nyuk Pitu,Nyuk Pitu,all_motifs (1291),Isen Cloth 2.jpg,Pusaka Beruang,2022,raw (crop),28 x 28,sRGB IEC61966-2.1,VJB
3491,NyukPitu_00251.jpg,Batik_Lasem/motifs (isen-isen)/Nyuk Pitu/all_motifs (1291)/NyukPitu_00251.jpg,Nyuk Pitu,Nyuk Pitu,all_motifs (1291),Isen Cloth 2.jpg,Pusaka Beruang,2022,raw (crop),28 x 28,sRGB IEC61966-2.1,VJB
3492,NyukPitu_00252.jpg,Batik_Lasem/motifs (isen-isen)/Nyuk Pitu/all_motifs (1291)/NyukPitu_00252.jpg,Nyuk Pitu,Nyuk Pitu,all_motifs (1291),Phoenix in Bright Green.jpg,KUB Srikandi,2022,raw (crop),142 x 142,sRGB IEC61966-2.1,VJB
3495,NyukPitu_00255.jpg,Batik_Lasem/motifs (isen-isen)/Nyuk Pitu/all_motifs (1291)/NyukPitu_00255.jpg,Nyuk Pitu,Nyuk Pitu,all_motifs (1291),Isen Cloth 2.jpg,Pusaka Beruang,2022,raw (crop),28 x 28,sRGB IEC61966-2.1,VJB
3497,NyukPitu_00257.jpg,Batik_Lasem/motifs (isen-isen)/Nyuk Pitu/all_motifs (1291)/NyukPitu_00257.jpg,Nyuk Pitu,Nyuk Pitu,all_motifs (1291),Isen Cloth 2.jpg,Pusaka Beruang,2022,raw (crop),28 x 28,sRGB IEC61966-2.1,VJB
3498,NyukPitu_00258.jpg,Batik_Lasem/motifs (isen-isen)/Nyuk Pitu/all_motifs (1291)/NyukPitu_00258.jpg,Nyuk Pitu,Nyuk Pitu,all_motifs (1291),Cranes with Bledak Background.jpg,Katrin Bee,2022,raw (crop),142 x 142,sRGB IEC61966-2.1,VJB
3499,NyukPitu_00259.jpg,Batik_Lasem/motifs (isen-isen)/Nyuk Pitu/all_motifs (1291)/NyukPitu_00259.jpg,Nyuk Pitu,Nyuk Pitu,all_motifs (1291),Isen Cloth 2.jpg,Pusaka Beruang,2022,raw (crop),28 x 28,sRGB IEC61966-2.1,VJB
3503,NyukPitu_00263.jpg,Batik_Lasem/motifs (isen-isen)/Nyuk Pitu/all_motifs (1291)/NyukPitu_00263.jpg,Nyuk Pitu,Nyuk Pitu,all_motifs (1291),Isen Cloth 2.jpg,Pusaka Beruang,2022,raw (crop),28 x 28,sRGB IEC61966-2.1,VJB
3507,NyukPitu_00267.jpg,Batik_Lasem/motifs (isen-isen)/Nyuk Pitu/all_motifs (1291)/NyukPitu_00267.jpg,Nyuk Pitu,Nyuk Pitu,all_motifs (1291),Cranes with Bledak Background.jpg,Katrin Bee,2022,raw (crop),142 x 142,sRGB IEC61966-2.1,VJB
3508,NyukPitu_00268.jpg,Batik_Lasem/motifs (isen-isen)/Nyuk Pitu/all_motifs (1291)/NyukPitu_00268.jpg,Nyuk Pitu,Nyuk Pitu,all_motifs (1291),Isen Cloth 2.jpg,Pusaka Beruang,2022,raw (crop),28 x 28,sRGB IEC61966-2.1,VJB
3509,NyukPitu_00269.jpg,Batik_Lasem/motifs (isen-isen)/Nyuk Pitu/all_motifs (1291)/NyukPitu_00269.jpg,Nyuk Pitu,Nyuk Pitu,all_motifs (1291),Cranes with Bledak Background.jpg,Katrin Bee,2022,raw (crop),142 x 142,sRGB IEC61966-2.1,VJB
3511,NyukPitu_00271.jpg,Batik_Lasem/motifs (isen-isen)/Nyuk Pitu/all_motifs (1291)/NyukPitu_00271.jpg,Nyuk Pitu,Nyuk Pitu,all_motifs (1291),Cranes with Bledak Background.jpg,Katrin Bee,2022,raw (crop),142 x 142,sRGB IEC61966-2.1,VJB
3513,NyukPitu_00273.jpg,Batik_Lasem/motifs (isen-isen)/Nyuk Pitu/all_motifs (1291)/NyukPitu_00273.jpg,Nyuk Pitu,Nyuk Pitu,all_motifs (1291),Cranes with Bledak Background.jpg,Katrin Bee,2022,raw (crop),142 x 142,sRGB IEC61966-2.1,VJB
3514,NyukPitu_00274.jpg,Batik_Lasem/motifs (isen-isen)/Nyuk Pitu/all_motifs (1291)/NyukPitu_00274.jpg,Nyuk Pitu,Nyuk Pitu,all_motifs (1291),Isen Cloth 2.jpg,Pusaka Beruang,2022,raw (crop),28 x 28,sRGB IEC61966-2.1,VJB
3515,NyukPitu_00275.jpg,Batik_Lasem/motifs (isen-isen)/Nyuk Pitu/all_motifs (1291)/NyukPitu_00275.jpg,Nyuk Pitu,Nyuk Pitu,all_motifs (1291),Cranes with Bledak Background.jpg,Katrin Bee,2022,raw (crop),142 x 142,sRGB IEC61966-2.1,VJB
3518,NyukPitu_00278.jpg,Batik_Lasem/motifs (isen-isen)/Nyuk Pitu/all_motifs (1291)/NyukPitu_00278.jpg,Nyuk Pitu,Nyuk Pitu,all_motifs (1291),Isen Cloth 2.jpg,Pusaka Beruang,2022,raw (crop),28 x 28,sRGB IEC61966-2.1,VJB
3519,NyukPitu_00279.jpg,Batik_Lasem/motifs (isen-isen)/Nyuk Pitu/all_motifs (1291)/NyukPitu_00279.jpg,Nyuk Pitu,Nyuk Pitu,all_motifs (1291),Cranes with Bledak Background.jpg,Katrin Bee,2022,raw (crop),142 x 142,sRGB IEC61966-2.1,VJB
3520,NyukPitu_00280.jpg,Batik_Lasem/motifs (isen-isen)/Nyuk Pitu/all_motifs (1291)/NyukPitu_00280.jpg,Nyuk Pitu,Nyuk Pitu,all_motifs (1291),Isen Cloth 2.jpg,Pusaka Beruang,2022,raw (crop),28 x 28,sRGB IEC61966-2.1,VJB
3522,NyukPitu_00282.jpg,Batik_Lasem/motifs (isen-isen)/Nyuk Pitu/all_motifs (1291)/NyukPitu_00282.jpg,Nyuk Pitu,Nyuk Pitu,all_motifs (1291),Isen Cloth 2.jpg,Pusaka Beruang,2022,raw (crop),28 x 28,sRGB IEC61966-2.1,VJB
3523,NyukPitu_00283.jpg,Batik_Lasem/motifs (isen-isen)/Nyuk Pitu/all_motifs (1291)/NyukPitu_00283.jpg,Nyuk Pitu,Nyuk Pitu,all_motifs (1291),Cranes with Bledak Background.jpg,Katrin Bee,2022,raw (crop),142 x 142,sRGB IEC61966-2.1,VJB
3526,NyukPitu_00286.jpg,Batik_Lasem/motifs (isen-isen)/Nyuk Pitu/all_motifs (1291)/NyukPitu_00286.jpg,Nyuk Pitu,Nyuk Pitu,all_motifs (1291),Isen Cloth 2.jpg,Pusaka Beruang,2022,raw (crop),28 x 28,sRGB IEC61966-2.1,VJB
3527,NyukPitu_00287.jpg,Batik_Lasem/motifs (isen-isen)/Nyuk Pitu/all_motifs (1291)/NyukPitu_00287.jpg,Nyuk Pitu,Nyuk Pitu,all_motifs (1291),Cranes with Bledak Background.jpg,Katrin Bee,2022,raw (crop),142 x 142,sRGB IEC61966-2.1,VJB
3528,NyukPitu_00288.jpg,Batik_Lasem/motifs (isen-isen)/Nyuk Pitu/all_motifs (1291)/NyukPitu_00288.jpg,Nyuk Pitu,Nyuk Pitu,all_motifs (1291),Isen Cloth 2.jpg,Pusaka Beruang,2022,raw (crop),28 x 28,sRGB IEC61966-2.1,VJB
3529,NyukPitu_00289.jpg,Batik_Lasem/motifs (isen-isen)/Nyuk Pitu/all_motifs (1291)/NyukPitu_00289.jpg,Nyuk Pitu,Nyuk Pitu,all_motifs (1291),Cranes with Bledak Background.jpg,Katrin Bee,2022,raw (crop),142 x 142,sRGB IEC61966-2.1,VJB
3530,NyukPitu_00290.jpg,Batik_Lasem/motifs (isen-isen)/Nyuk Pitu/all_motifs (1291)/NyukPitu_00290.jpg,Nyuk Pitu,Nyuk Pitu,all_motifs (1291),Isen Cloth 2.jpg,Pusaka Beruang,2022,raw (crop),28 x 28,sRGB IEC61966-2.1,VJB
3532,NyukPitu_00292.jpg,Batik_Lasem/motifs (isen-isen)/Nyuk Pitu/all_motifs (1291)/NyukPitu_00292.jpg,Nyuk Pitu,Nyuk Pitu,all_motifs (1291),Isen Cloth 2.jpg,Pusaka Beruang,2022,raw (crop),28 x 28,sRGB IEC61966-2.1,VJB
3533,NyukPitu_00293.jpg,Batik_Lasem/motifs (isen-isen)/Nyuk Pitu/all_motifs (1291)/NyukPitu_00293.jpg,Nyuk Pitu,Nyuk Pitu,all_motifs (1291),Cranes with Bledak Background.jpg,Katrin Bee,2022,raw (crop),142 x 142,sRGB IEC61966-2.1,VJB
3534,NyukPitu_00294.jpg,Batik_Lasem/motifs (isen-isen)/Nyuk Pitu/all_motifs (1291)/NyukPitu_00294.jpg,Nyuk Pitu,Nyuk Pitu,all_motifs (1291),Isen Cloth 2.jpg,Pusaka Beruang,2022,raw (crop),28 x 28,sRGB IEC61966-2.1,VJB
3545,NyukPitu_00305.jpg,Batik_Lasem/motifs (isen-isen)/Nyuk Pitu/all_motifs (1291)/NyukPitu_00305.jpg,Nyuk Pitu,Nyuk Pitu,all_motifs (1291),Latohan Dragon.jpg,Sekar Kencana,2022,raw (crop),142 x 142,sRGB IEC61966-2.1,VJB
3548,NyukPitu_00308.jpg,Batik_Lasem/motifs (isen-isen)/Nyuk Pitu/all_motifs (1291)/NyukPitu_00308.jpg,Nyuk Pitu,Nyuk Pitu,all_motifs (1291),Cranes with Bledak Background.jpg,Katrin Bee,2022,raw (crop),142 x 142,sRGB IEC61966-2.1,VJB
3550,NyukPitu_00310.jpg,Batik_Lasem/motifs (isen-isen)/Nyuk Pitu/all_motifs (1291)/NyukPitu_00310.jpg,Nyuk Pitu,Nyuk Pitu,all_motifs (1291),Cranes with Bledak Background.jpg,Katrin Bee,2022,raw (crop),142 x 142,sRGB IEC61966-2.1,VJB
3552,NyukPitu_00312.jpg,Batik_Lasem/motifs (isen-isen)/Nyuk Pitu/all_motifs (1291)/NyukPitu_00312.jpg,Nyuk Pitu,Nyuk Pitu,all_motifs (1291),Cranes with Bledak Background.jpg,Katrin Bee,2022,raw (crop),142 x 142,sRGB IEC61966-2.1,VJB
3553,NyukPitu_00313.jpg,Batik_Lasem/motifs (isen-isen)/Nyuk Pitu/all_motifs (1291)/NyukPitu_00313.jpg,Nyuk Pitu,Nyuk Pitu,all_motifs (1291),Isen Cloth 2.jpg,Pusaka Beruang,2022,raw (crop),28 x 28,sRGB IEC61966-2.1,VJB
3556,NyukPitu_00316.jpg,Batik_Lasem/motifs (isen-isen)/Nyuk Pitu/all_motifs (1291)/NyukPitu_00316.jpg,Nyuk Pitu,Nyuk Pitu,all_motifs (1291),Cranes with Bledak Background.jpg,Katrin Bee,2022,raw (crop),142 x 142,sRGB IEC61966-2.1,VJB
3558,NyukPitu_00318.jpg,Batik_Lasem/motifs (isen-isen)/Nyuk Pitu/all_motifs (1291)/NyukPitu_00318.jpg,Nyuk Pitu,Nyuk Pitu,all_motifs (1291),Cranes with Bledak Background.jpg,Katrin Bee,2022,raw (crop),142 x 142,sRGB IEC61966-2.1,VJB
3560,NyukPitu_00320.jpg,Batik_Lasem/motifs (isen-isen)/Nyuk Pitu/all_motifs (1291)/NyukPitu_00320.jpg,Nyuk Pitu,Nyuk Pitu,all_motifs (1291),Cranes with Bledak Background.jpg,Katrin Bee,2022,raw (crop),142 x 142,sRGB IEC61966-2.1,VJB
3561,NyukPitu_00321.jpg,Batik_Lasem/motifs (isen-isen)/Nyuk Pitu/all_motifs (1291)/NyukPitu_00321.jpg,Nyuk Pitu,Nyuk Pitu,all_motifs (1291),Isen Cloth 2.jpg,Pusaka Beruang,2022,raw (crop),28 x 28,sRGB IEC61966-2.1,VJB
3567,NyukPitu_00327.jpg,Batik_Lasem/motifs (isen-isen)/Nyuk Pitu/all_motifs (1291)/NyukPitu_00327.jpg,Nyuk Pitu,Nyuk Pitu,all_motifs (1291),Cranes with Bledak Background.jpg,Katrin Bee,2022,raw (crop),142 x 142,sRGB IEC61966-2.1,VJB
3568,NyukPitu_00328.jpg,Batik_Lasem/motifs (isen-isen)/Nyuk Pitu/all_motifs (1291)/NyukPitu_00328.jpg,Nyuk Pitu,Nyuk Pitu,all_motifs (1291),Isen Cloth 2.jpg,Pusaka Beruang,2022,raw (crop),28 x 28,sRGB IEC61966-2.1,VJB
3569,NyukPitu_00329.jpg,Batik_Lasem/motifs (isen-isen)/Nyuk Pitu/all_motifs (1291)/NyukPitu_00329.jpg,Nyuk Pitu,Nyuk Pitu,all_motifs (1291),Cranes with Bledak Background.jpg,Katrin Bee,2022,raw (crop),142 x 142,sRGB IEC61966-2.1,VJB
3570,NyukPitu_00330.jpg,Batik_Lasem/motifs (isen-isen)/Nyuk Pitu/all_motifs (1291)/NyukPitu_00330.jpg,Nyuk Pitu,Nyuk Pitu,all_motifs (1291),Isen Cloth 2.jpg,Pusaka Beruang,2022,raw (crop),28 x 28,sRGB IEC61966-2.1,VJB
3571,NyukPitu_00331.jpg,Batik_Lasem/motifs (isen-isen)/Nyuk Pitu/all_motifs (1291)/NyukPitu_00331.jpg,Nyuk Pitu,Nyuk Pitu,all_motifs (1291),Phoenix and Brown Lotus.jpg,KUB Srikandi,2022,raw (crop),142 x 142,sRGB IEC61966-2.1,VJB
3573,NyukPitu_00333.jpg,Batik_Lasem/motifs (isen-isen)/Nyuk Pitu/all_motifs (1291)/NyukPitu_00333.jpg,Nyuk Pitu,Nyuk Pitu,all_motifs (1291),Cranes with Bledak Background.jpg,Katrin Bee,2022,raw (crop),142 x 142,sRGB IEC61966-2.1,VJB
3574,NyukPitu_00334.jpg,Batik_Lasem/motifs (isen-isen)/Nyuk Pitu/all_motifs (1291)/NyukPitu_00334.jpg,Nyuk Pitu,Nyuk Pitu,all_motifs (1291),Isen Cloth 2.jpg,Pusaka Beruang,2022,raw (crop),28 x 28,sRGB IEC61966-2.1,VJB
3575,NyukPitu_00335.jpg,Batik_Lasem/motifs (isen-isen)/Nyuk Pitu/all_motifs (1291)/NyukPitu_00335.jpg,Nyuk Pitu,Nyuk Pitu,all_motifs (1291),Cranes with Bledak Background.jpg,Katrin Bee,2022,raw (crop),142 x 142,sRGB IEC61966-2.1,VJB
3580,NyukPitu_00340.jpg,Batik_Lasem/motifs (isen-isen)/Nyuk Pitu/all_motifs (1291)/NyukPitu_00340.jpg,Nyuk Pitu,Nyuk Pitu,all_motifs (1291),Isen Cloth 2.jpg,Pusaka Beruang,2022,raw (crop),28 x 28,sRGB IEC61966-2.1,VJB
3582,NyukPitu_00342.jpg,Batik_Lasem/motifs (isen-isen)/Nyuk Pitu/all_motifs (1291)/NyukPitu_00342.jpg,Nyuk Pitu,Nyuk Pitu,all_motifs (1291),Cranes with Bledak Background.jpg,Katrin Bee,2022,raw (crop),142 x 142,sRGB IEC61966-2.1,VJB
3583,NyukPitu_00343.jpg,Batik_Lasem/motifs (isen-isen)/Nyuk Pitu/all_motifs (1291)/NyukPitu_00343.jpg,Nyuk Pitu,Nyuk Pitu,all_motifs (1291),Isen Cloth 2.jpg,Pusaka Beruang,2022,raw (crop),28 x 28,sRGB IEC61966-2.1,VJB
3584,NyukPitu_00344.jpg,Batik_Lasem/motifs (isen-isen)/Nyuk Pitu/all_motifs (1291)/NyukPitu_00344.jpg,Nyuk Pitu,Nyuk Pitu,all_motifs (1291),Cranes with Bledak Background.jpg,Katrin Bee,2022,raw (crop),142 x 142,sRGB IEC61966-2.1,VJB
3586,NyukPitu_00346.jpg,Batik_Lasem/motifs (isen-isen)/Nyuk Pitu/all_motifs (1291)/NyukPitu_00346.jpg,Nyuk Pitu,Nyuk Pitu,all_motifs (1291),Latohan Dragon.jpg,Sekar Kencana,2022,raw (crop),142 x 142,sRGB IEC61966-2.1,VJB
3589,NyukPitu_00349.jpg,Batik_Lasem/motifs (isen-isen)/Nyuk Pitu/all_motifs (1291)/NyukPitu_00349.jpg,Nyuk Pitu,Nyuk Pitu,all_motifs (1291),Cranes with Bledak Background.jpg,Katrin Bee,2022,raw (crop),28 x 28,sRGB IEC61966-2.1,VJB
3592,NyukPitu_00352.jpg,Batik_Lasem/motifs (isen-isen)/Nyuk Pitu/all_motifs (1291)/NyukPitu_00352.jpg,Nyuk Pitu,Nyuk Pitu,all_motifs (1291),Isen Cloth 2.jpg,Pusaka Beruang,2022,raw (crop),142 x 142,sRGB IEC61966-2.1,VJB
3594,NyukPitu_00354.jpg,Batik_Lasem/motifs (isen-isen)/Nyuk Pitu/all_motifs (1291)/NyukPitu_00354.jpg,Nyuk Pitu,Nyuk Pitu,all_motifs (1291),Isen Cloth 2.jpg,Pusaka Beruang,2022,raw (crop),142 x 142,sRGB IEC61966-2.1,VJB
3596,NyukPitu_00356.jpg,Batik_Lasem/motifs (isen-isen)/Nyuk Pitu/all_motifs (1291)/NyukPitu_00356.jpg,Nyuk Pitu,Nyuk Pitu,all_motifs (1291),Isen Cloth 2.jpg,Pusaka Beruang,2022,raw (crop),28 x 28,sRGB IEC61966-2.1,VJB
3597,NyukPitu_00357.jpg,Batik_Lasem/motifs (isen-isen)/Nyuk Pitu/all_motifs (1291)/NyukPitu_00357.jpg,Nyuk Pitu,Nyuk Pitu,all_motifs (1291),Cranes with Bledak Background.jpg,Katrin Bee,2022,raw (crop),142 x 142,sRGB IEC61966-2.1,VJB
3599,NyukPitu_00359.jpg,Batik_Lasem/motifs (isen-isen)/Nyuk Pitu/all_motifs (1291)/NyukPitu_00359.jpg,Nyuk Pitu,Nyuk Pitu,all_motifs (1291),Cranes with Bledak Background.jpg,Katrin Bee,2022,raw (crop),142 x 142,sRGB IEC61966-2.1,VJB
3602,NyukPitu_00362.jpg,Batik_Lasem/motifs (isen-isen)/Nyuk Pitu/all_motifs (1291)/NyukPitu_00362.jpg,Nyuk Pitu,Nyuk Pitu,all_motifs (1291),Isen Cloth 2.jpg,Pusaka Beruang,2022,raw (crop),28 x 28,sRGB IEC61966-2.1,VJB
3605,NyukPitu_00365.jpg,Batik_Lasem/motifs (isen-isen)/Nyuk Pitu/all_motifs (1291)/NyukPitu_00365.jpg,Nyuk Pitu,Nyuk Pitu,all_motifs (1291),Cranes with Bledak Background.jpg,Katrin Bee,2022,raw (crop),142 x 142,sRGB IEC61966-2.1,VJB
3607,NyukPitu_00367.jpg,Batik_Lasem/motifs (isen-isen)/Nyuk Pitu/all_motifs (1291)/NyukPitu_00367.jpg,Nyuk Pitu,Nyuk Pitu,all_motifs (1291),Latohan Dragon.jpg,Sekar Kencana,2022,raw (crop),142 x 142,sRGB IEC61966-2.1,VJB
3608,NyukPitu_00368.jpg,Batik_Lasem/motifs (isen-isen)/Nyuk Pitu/all_motifs (1291)/NyukPitu_00368.jpg,Nyuk Pitu,Nyuk Pitu,all_motifs (1291),Cranes with Bledak Background.jpg,Katrin Bee,2022,raw (crop),142 x 142,sRGB IEC61966-2.1,VJB
3610,NyukPitu_00370.jpg,Batik_Lasem/motifs (isen-isen)/Nyuk Pitu/all_motifs (1291)/NyukPitu_00370.jpg,Nyuk Pitu,Nyuk Pitu,all_motifs (1291),Cranes with Bledak Background.jpg,Katrin Bee,2022,raw (crop),142 x 142,sRGB IEC61966-2.1,VJB
3611,NyukPitu_00371.jpg,Batik_Lasem/motifs (isen-isen)/Nyuk Pitu/all_motifs (1291)/NyukPitu_00371.jpg,Nyuk Pitu,Nyuk Pitu,all_motifs (1291),Isen Cloth 2.jpg,Pusaka Beruang,2022,raw (crop),28 x 28,sRGB IEC61966-2.1,VJB
3613,NyukPitu_00373.jpg,Batik_Lasem/motifs (isen-isen)/Nyuk Pitu/all_motifs (1291)/NyukPitu_00373.jpg,Nyuk Pitu,Nyuk Pitu,all_motifs (1291),Isen Cloth 2.jpg,Pusaka Beruang,2022,raw (crop),28 x 28,sRGB IEC61966-2.1,VJB
3614,NyukPitu_00374.jpg,Batik_Lasem/motifs (isen-isen)/Nyuk Pitu/all_motifs (1291)/NyukPitu_00374.jpg,Nyuk Pitu,Nyuk Pitu,all_motifs (1291),Isen Cloth 2.jpg,Pusaka Beruang,2022,raw (crop),28 x 28,sRGB IEC61966-2.1,VJB
3618,NyukPitu_00378.jpg,Batik_Lasem/motifs (isen-isen)/Nyuk Pitu/all_motifs (1291)/NyukPitu_00378.jpg,Nyuk Pitu,Nyuk Pitu,all_motifs (1291),Isen Cloth 2.jpg,Pusaka Beruang,2022,raw (crop),28 x 28,sRGB IEC61966-2.1,VJB
3620,NyukPitu_00380.jpg,Batik_Lasem/motifs (isen-isen)/Nyuk Pitu/all_motifs (1291)/NyukPitu_00380.jpg,Nyuk Pitu,Nyuk Pitu,all_motifs (1291),Isen Cloth 2.jpg,Pusaka Beruang,2022,raw (crop),28 x 28,sRGB IEC61966-2.1,VJB
3621,NyukPitu_00381.jpg,Batik_Lasem/motifs (isen-isen)/Nyuk Pitu/all_motifs (1291)/NyukPitu_00381.jpg,Nyuk Pitu,Nyuk Pitu,all_motifs (1291),Phoenix and Brown Lotus.jpg,KUB Srikandi,2022,raw (crop),142 x 142,sRGB IEC61966-2.1,VJB
3625,NyukPitu_00385.jpg,Batik_Lasem/motifs (isen-isen)/Nyuk Pitu/all_motifs (1291)/NyukPitu_00385.jpg,Nyuk Pitu,Nyuk Pitu,all_motifs (1291),Phoenix and Brown Lotus.jpg,KUB Srikandi,2022,raw (crop),142 x 142,sRGB IEC61966-2.1,VJB
3626,NyukPitu_00386.jpg,Batik_Lasem/motifs (isen-isen)/Nyuk Pitu/all_motifs (1291)/NyukPitu_00386.jpg,Nyuk Pitu,Nyuk Pitu,all_motifs (1291),Isen Cloth 2.jpg,Pusaka Beruang,2022,raw (crop),28 x 28,sRGB IEC61966-2.1,VJB
3627,NyukPitu_00387.jpg,Batik_Lasem/motifs (isen-isen)/Nyuk Pitu/all_motifs (1291)/NyukPitu_00387.jpg,Nyuk Pitu,Nyuk Pitu,all_motifs (1291),Latohan Dragon.jpg,Sekar Kencana,2022,raw (crop),142 x 142,sRGB IEC61966-2.1,VJB
3628,NyukPitu_00388.jpg,Batik_Lasem/motifs (isen-isen)/Nyuk Pitu/all_motifs (1291)/NyukPitu_00388.jpg,Nyuk Pitu,Nyuk Pitu,all_motifs (1291),Phoenix and Brown Lotus.jpg,KUB Srikandi,2022,raw (crop),142 x 142,sRGB IEC61966-2.1,VJB
3629,NyukPitu_00389.jpg,Batik_Lasem/motifs (isen-isen)/Nyuk Pitu/all_motifs (1291)/NyukPitu_00389.jpg,Nyuk Pitu,Nyuk Pitu,all_motifs (1291),Isen Cloth 2.jpg,Pusaka Beruang,2022,raw (crop),28 x 28,sRGB IEC61966-2.1,VJB
3632,NyukPitu_00392.jpg,Batik_Lasem/motifs (isen-isen)/Nyuk Pitu/all_motifs (1291)/NyukPitu_00392.jpg,Nyuk Pitu,Nyuk Pitu,all_motifs (1291),Phoenix and Brown Lotus.jpg,KUB Srikandi,2022,raw (crop),142 x 142,sRGB IEC61966-2.1,VJB
3633,NyukPitu_00393.jpg,Batik_Lasem/motifs (isen-isen)/Nyuk Pitu/all_motifs (1291)/NyukPitu_00393.jpg,Nyuk Pitu,Nyuk Pitu,all_motifs (1291),Isen Cloth 2.jpg,Pusaka Beruang,2022,raw (crop),28 x 28,sRGB IEC61966-2.1,VJB
3634,NyukPitu_00394.jpg,Batik_Lasem/motifs (isen-isen)/Nyuk Pitu/all_motifs (1291)/NyukPitu_00394.jpg,Nyuk Pitu,Nyuk Pitu,all_motifs (1291),Phoenix and Brown Lotus.jpg,KUB Srikandi,2022,raw (crop),142 x 142,sRGB IEC61966-2.1,VJB
3636,NyukPitu_00396.jpg,Batik_Lasem/motifs (isen-isen)/Nyuk Pitu/all_motifs (1291)/NyukPitu_00396.jpg,Nyuk Pitu,Nyuk Pitu,all_motifs (1291),Isen Cloth 2.jpg,Pusaka Beruang,2022,raw (crop),28 x 28,sRGB IEC61966-2.1,VJB
3641,NyukPitu_00401.jpg,Batik_Lasem/motifs (isen-isen)/Nyuk Pitu/all_motifs (1291)/NyukPitu_00401.jpg,Nyuk Pitu,Nyuk Pitu,all_motifs (1291),Phoenix and Brown Lotus.jpg,KUB Srikandi,2022,raw (crop),142 x 142,sRGB IEC61966-2.1,VJB
3643,NyukPitu_00403.jpg,Batik_Lasem/motifs (isen-isen)/Nyuk Pitu/all_motifs (1291)/NyukPitu_00403.jpg,Nyuk Pitu,Nyuk Pitu,all_motifs (1291),Phoenix and Brown Lotus.jpg,KUB Srikandi,2022,raw (crop),142 x 142,sRGB IEC61966-2.1,VJB
3644,NyukPitu_00404.jpg,Batik_Lasem/motifs (isen-isen)/Nyuk Pitu/all_motifs (1291)/NyukPitu_00404.jpg,Nyuk Pitu,Nyuk Pitu,all_motifs (1291),Isen Cloth 2.jpg,Pusaka Beruang,2022,raw (crop),28 x 28,sRGB IEC61966-2.1,VJB
3645,NyukPitu_00405.jpg,Batik_Lasem/motifs (isen-isen)/Nyuk Pitu/all_motifs (1291)/NyukPitu_00405.jpg,Nyuk Pitu,Nyuk Pitu,all_motifs (1291),Phoenix and Brown Lotus.jpg,KUB Srikandi,2022,raw (crop),142 x 142,sRGB IEC61966-2.1,VJB
3648,NyukPitu_00408.jpg,Batik_Lasem/motifs (isen-isen)/Nyuk Pitu/all_motifs (1291)/NyukPitu_00408.jpg,Nyuk Pitu,Nyuk Pitu,all_motifs (1291),Latohan Dragon.jpg,Sekar Kencana,2022,raw (crop),142 x 142,sRGB IEC61966-2.1,VJB
3650,NyukPitu_00410.jpg,Batik_Lasem/motifs (isen-isen)/Nyuk Pitu/all_motifs (1291)/NyukPitu_00410.jpg,Nyuk Pitu,Nyuk Pitu,all_motifs (1291),Isen Cloth 2.jpg,Pusaka Beruang,2022,raw (crop),28 x 28,sRGB IEC61966-2.1,VJB
3651,NyukPitu_00411.jpg,Batik_Lasem/motifs (isen-isen)/Nyuk Pitu/all_motifs (1291)/NyukPitu_00411.jpg,Nyuk Pitu,Nyuk Pitu,all_motifs (1291),Phoenix in Bright Green.jpg,KUB Srikandi,2022,raw (crop),142 x 142,sRGB IEC61966-2.1,VJB
3654,NyukPitu_00414.jpg,Batik_Lasem/motifs (isen-isen)/Nyuk Pitu/all_motifs (1291)/NyukPitu_00414.jpg,Nyuk Pitu,Nyuk Pitu,all_motifs (1291),Isen Cloth 2.jpg,Pusaka Beruang,2022,raw (crop),28 x 28,sRGB IEC61966-2.1,VJB
3657,NyukPitu_00417.jpg,Batik_Lasem/motifs (isen-isen)/Nyuk Pitu/all_motifs (1291)/NyukPitu_00417.jpg,Nyuk Pitu,Nyuk Pitu,all_motifs (1291),Phoenix in Bright Green.jpg,KUB Srikandi,2022,raw (crop),142 x 142,sRGB IEC61966-2.1,VJB
3659,NyukPitu_00419.jpg,Batik_Lasem/motifs (isen-isen)/Nyuk Pitu/all_motifs (1291)/NyukPitu_00419.jpg,Nyuk Pitu,Nyuk Pitu,all_motifs (1291),Phoenix in Bright Green.jpg,KUB Srikandi,2022,raw (crop),142 x 142,sRGB IEC61966-2.1,VJB
3661,NyukPitu_00421.jpg,Batik_Lasem/motifs (isen-isen)/Nyuk Pitu/all_motifs (1291)/NyukPitu_00421.jpg,Nyuk Pitu,Nyuk Pitu,all_motifs (1291),Phoenix in Bright Green.jpg,KUB Srikandi,2022,raw (crop),142 x 142,sRGB IEC61966-2.1,VJB
3663,NyukPitu_00423.jpg,Batik_Lasem/motifs (isen-isen)/Nyuk Pitu/all_motifs (1291)/NyukPitu_00423.jpg,Nyuk Pitu,Nyuk Pitu,all_motifs (1291),Phoenix in Bright Green.jpg,KUB Srikandi,2022,raw (crop),142 x 142,sRGB IEC61966-2.1,VJB
3664,NyukPitu_00424.jpg,Batik_Lasem/motifs (isen-isen)/Nyuk Pitu/all_motifs (1291)/NyukPitu_00424.jpg,Nyuk Pitu,Nyuk Pitu,all_motifs (1291),Isen Cloth 2.jpg,Pusaka Beruang,2022,raw (crop),28 x 28,sRGB IEC61966-2.1,VJB
3667,NyukPitu_00427.jpg,Batik_Lasem/motifs (isen-isen)/Nyuk Pitu/all_motifs (1291)/NyukPitu_00427.jpg,Nyuk Pitu,Nyuk Pitu,all_motifs (1291),Phoenix in Bright Green.jpg,KUB Srikandi,2022,raw (crop),142 x 142,sRGB IEC61966-2.1,VJB
3669,NyukPitu_00429.jpg,Batik_Lasem/motifs (isen-isen)/Nyuk Pitu/all_motifs (1291)/NyukPitu_00429.jpg,Nyuk Pitu,Nyuk Pitu,all_motifs (1291),Latohan Dragon.jpg,Sekar Kencana,2022,raw (crop),142 x 142,sRGB IEC61966-2.1,VJB
3671,NyukPitu_00431.jpg,Batik_Lasem/motifs (isen-isen)/Nyuk Pitu/all_motifs (1291)/NyukPitu_00431.jpg,Nyuk Pitu,Nyuk Pitu,all_motifs (1291),Isen Cloth 2.jpg,Pusaka Beruang,2022,raw (crop),28 x 28,sRGB IEC61966-2.1,VJB
3675,NyukPitu_00435.jpg,Batik_Lasem/motifs (isen-isen)/Nyuk Pitu/all_motifs (1291)/NyukPitu_00435.jpg,Nyuk Pitu,Nyuk Pitu,all_motifs (1291),Isen Cloth 2.jpg,Pusaka Beruang,2022,raw (crop),28 x 28,sRGB IEC61966-2.1,VJB
3676,NyukPitu_00436.jpg,Batik_Lasem/motifs (isen-isen)/Nyuk Pitu/all_motifs (1291)/NyukPitu_00436.jpg,Nyuk Pitu,Nyuk Pitu,all_motifs (1291),Phoenix in Bright Green.jpg,KUB Srikandi,2022,raw (crop),142 x 142,sRGB IEC61966-2.1,VJB
3677,NyukPitu_00437.jpg,Batik_Lasem/motifs (isen-isen)/Nyuk Pitu/all_motifs (1291)/NyukPitu_00437.jpg,Nyuk Pitu,Nyuk Pitu,all_motifs (1291),Isen Cloth 2.jpg,Pusaka Beruang,2022,raw (crop),28 x 28,sRGB IEC61966-2.1,VJB
3679,NyukPitu_00439.jpg,Batik_Lasem/motifs (isen-isen)/Nyuk Pitu/all_motifs (1291)/NyukPitu_00439.jpg,Nyuk Pitu,Nyuk Pitu,all_motifs (1291),Isen Cloth 2.jpg,Pusaka Beruang,2022,raw (crop),28 x 28,sRGB IEC61966-2.1,VJB
3680,NyukPitu_00440.jpg,Batik_Lasem/motifs (isen-isen)/Nyuk Pitu/all_motifs (1291)/NyukPitu_00440.jpg,Nyuk Pitu,Nyuk Pitu,all_motifs (1291),Phoenix in Bright Green.jpg,KUB Srikandi,2022,raw (crop),142 x 142,sRGB IEC61966-2.1,VJB
3681,NyukPitu_00441.jpg,Batik_Lasem/motifs (isen-isen)/Nyuk Pitu/all_motifs (1291)/NyukPitu_00441.jpg,Nyuk Pitu,Nyuk Pitu,all_motifs (1291),Isen Cloth 2.jpg,Pusaka Beruang,2022,raw (crop),28 x 28,sRGB IEC61966-2.1,VJB
3686,NyukPitu_00446.jpg,Batik_Lasem/motifs (isen-isen)/Nyuk Pitu/all_motifs (1291)/NyukPitu_00446.jpg,Nyuk Pitu,Nyuk Pitu,all_motifs (1291),Phoenix in Purple.jpg,KUB Srikandi,2022,raw (crop),142 x 142,sRGB IEC61966-2.1,VJB
3687,NyukPitu_00447.jpg,Batik_Lasem/motifs (isen-isen)/Nyuk Pitu/all_motifs (1291)/NyukPitu_00447.jpg,Nyuk Pitu,Nyuk Pitu,all_motifs (1291),Isen Cloth 2.jpg,Pusaka Beruang,2022,raw (crop),28 x 28,sRGB IEC61966-2.1,VJB
3694,NyukPitu_00454.jpg,Batik_Lasem/motifs (isen-isen)/Nyuk Pitu/all_motifs (1291)/NyukPitu_00454.jpg,Nyuk Pitu,Nyuk Pitu,all_motifs (1291),Isen Cloth 3.jpg,Pusaka Beruang,2022,raw (crop),28 x 28,sRGB IEC61966-2.1,VJB
3697,NyukPitu_00457.jpg,Batik_Lasem/motifs (isen-isen)/Nyuk Pitu/all_motifs (1291)/NyukPitu_00457.jpg,Nyuk Pitu,Nyuk Pitu,all_motifs (1291),Isen Cloth 3.jpg,Pusaka Beruang,2022,raw (crop),28 x 28,sRGB IEC61966-2.1,VJB
3701,NyukPitu_00461.jpg,Batik_Lasem/motifs (isen-isen)/Nyuk Pitu/all_motifs (1291)/NyukPitu_00461.jpg,Nyuk Pitu,Nyuk Pitu,all_motifs (1291),Isen Cloth 3.jpg,Pusaka Beruang,2022,raw (crop),28 x 28,sRGB IEC61966-2.1,VJB
3702,NyukPitu_00462.jpg,Batik_Lasem/motifs (isen-isen)/Nyuk Pitu/all_motifs (1291)/NyukPitu_00462.jpg,Nyuk Pitu,Nyuk Pitu,all_motifs (1291),Latohan Dragon.jpg,Sekar Kencana,2022,raw (crop),142 x 142,sRGB IEC61966-2.1,VJB
3703,NyukPitu_00463.jpg,Batik_Lasem/motifs (isen-isen)/Nyuk Pitu/all_motifs (1291)/NyukPitu_00463.jpg,Nyuk Pitu,Nyuk Pitu,all_motifs (1291),Isen Cloth 3.jpg,Pusaka Beruang,2022,raw (crop),28 x 28,sRGB IEC61966-2.1,VJB
3706,NyukPitu_00466.jpg,Batik_Lasem/motifs (isen-isen)/Nyuk Pitu/all_motifs (1291)/NyukPitu_00466.jpg,Nyuk Pitu,Nyuk Pitu,all_motifs (1291),Isen Cloth 2.jpg,Pusaka Beruang,2022,raw (crop),28 x 28,sRGB IEC61966-2.1,VJB
3708,NyukPitu_00468.jpg,Batik_Lasem/motifs (isen-isen)/Nyuk Pitu/all_motifs (1291)/NyukPitu_00468.jpg,Nyuk Pitu,Nyuk Pitu,all_motifs (1291),Isen Cloth 2.jpg,Pusaka Beruang,2022,raw (crop),28 x 28,sRGB IEC61966-2.1,VJB
3712,NyukPitu_00472.jpg,Batik_Lasem/motifs (isen-isen)/Nyuk Pitu/all_motifs (1291)/NyukPitu_00472.jpg,Nyuk Pitu,Nyuk Pitu,all_motifs (1291),Isen Cloth 2.jpg,Pusaka Beruang,2022,raw (crop),28 x 28,sRGB IEC61966-2.1,VJB
3715,NyukPitu_00475.jpg,Batik_Lasem/motifs (isen-isen)/Nyuk Pitu/all_motifs (1291)/NyukPitu_00475.jpg,Nyuk Pitu,Nyuk Pitu,all_motifs (1291),Isen Cloth 3.jpg,Pusaka Beruang,2022,raw (crop),28 x 28,sRGB IEC61966-2.1,VJB
3720,NyukPitu_00480.jpg,Batik_Lasem/motifs (isen-isen)/Nyuk Pitu/all_motifs (1291)/NyukPitu_00480.jpg,Nyuk Pitu,Nyuk Pitu,all_motifs (1291),Isen Cloth 3.jpg,Pusaka Beruang,2022,raw (crop),28 x 28,sRGB IEC61966-2.1,VJB
3721,NyukPitu_00481.jpg,Batik_Lasem/motifs (isen-isen)/Nyuk Pitu/all_motifs (1291)/NyukPitu_00481.jpg,Nyuk Pitu,Nyuk Pitu,all_motifs (1291),Isen Cloth 3.jpg,Pusaka Beruang,2022,raw (crop),28 x 28,sRGB IEC61966-2.1,VJB
3724,NyukPitu_00484.jpg,Batik_Lasem/motifs (isen-isen)/Nyuk Pitu/all_motifs (1291)/NyukPitu_00484.jpg,Nyuk Pitu,Nyuk Pitu,all_motifs (1291),Latohan Dragon.jpg,Sekar Kencana,2022,raw (crop),142 x 142,sRGB IEC61966-2.1,VJB
3726,NyukPitu_00486.jpg,Batik_Lasem/motifs (isen-isen)/Nyuk Pitu/all_motifs (1291)/NyukPitu_00486.jpg,Nyuk Pitu,Nyuk Pitu,all_motifs (1291),Isen Cloth 3.jpg,Pusaka Beruang,2022,raw (crop),28 x 28,sRGB IEC61966-2.1,VJB
3727,NyukPitu_00487.jpg,Batik_Lasem/motifs (isen-isen)/Nyuk Pitu/all_motifs (1291)/NyukPitu_00487.jpg,Nyuk Pitu,Nyuk Pitu,all_motifs (1291),Isen Cloth 3.jpg,Pusaka Beruang,2022,raw (crop),28 x 28,sRGB IEC61966-2.1,VJB
3729,NyukPitu_00489.jpg,Batik_Lasem/motifs (isen-isen)/Nyuk Pitu/all_motifs (1291)/NyukPitu_00489.jpg,Nyuk Pitu,Nyuk Pitu,all_motifs (1291),Isen Cloth 3.jpg,Pusaka Beruang,2022,raw (crop),28 x 28,sRGB IEC61966-2.1,VJB
3734,NyukPitu_00494.jpg,Batik_Lasem/motifs (isen-isen)/Nyuk Pitu/all_motifs (1291)/NyukPitu_00494.jpg,Nyuk Pitu,Nyuk Pitu,all_motifs (1291),Isen Cloth 3.jpg,Pusaka Beruang,2022,raw (crop),28 x 28,sRGB IEC61966-2.1,VJB
3737,NyukPitu_00497.jpg,Batik_Lasem/motifs (isen-isen)/Nyuk Pitu/all_motifs (1291)/NyukPitu_00497.jpg,Nyuk Pitu,Nyuk Pitu,all_motifs (1291),Isen Cloth 3.jpg,Pusaka Beruang,2022,raw (crop),28 x 28,sRGB IEC61966-2.1,VJB
3738,NyukPitu_00498.jpg,Batik_Lasem/motifs (isen-isen)/Nyuk Pitu/all_motifs (1291)/NyukPitu_00498.jpg,Nyuk Pitu,Nyuk Pitu,all_motifs (1291),Isen Cloth 3.jpg,Pusaka Beruang,2022,raw (crop),28 x 28,sRGB IEC61966-2.1,VJB
3739,NyukPitu_00499.jpg,Batik_Lasem/motifs (isen-isen)/Nyuk Pitu/all_motifs (1291)/NyukPitu_00499.jpg,Nyuk Pitu,Nyuk Pitu,all_motifs (1291),Isen Cloth 3.jpg,Pusaka Beruang,2022,raw (crop),28 x 28,sRGB IEC61966-2.1,VJB
3741,NyukPitu_00501.jpg,Batik_Lasem/motifs (isen-isen)/Nyuk Pitu/all_motifs (1291)/NyukPitu_00501.jpg,Nyuk Pitu,Nyuk Pitu,all_motifs (1291),Isen Cloth 3.jpg,Pusaka Beruang,2022,raw (crop),28 x 28,sRGB IEC61966-2.1,VJB
3742,NyukPitu_00502.jpg,Batik_Lasem/motifs (isen-isen)/Nyuk Pitu/all_motifs (1291)/NyukPitu_00502.jpg,Nyuk Pitu,Nyuk Pitu,all_motifs (1291),Isen Cloth 3.jpg,Pusaka Beruang,2022,raw (crop),28 x 28,sRGB IEC61966-2.1,VJB
3743,NyukPitu_00503.jpg,Batik_Lasem/motifs (isen-isen)/Nyuk Pitu/all_motifs (1291)/NyukPitu_00503.jpg,Nyuk Pitu,Nyuk Pitu,all_motifs (1291),Isen Cloth 3.jpg,Pusaka Beruang,2022,raw (crop),28 x 28,sRGB IEC61966-2.1,VJB
3745,NyukPitu_00505.jpg,Batik_Lasem/motifs (isen-isen)/Nyuk Pitu/all_motifs (1291)/NyukPitu_00505.jpg,Nyuk Pitu,Nyuk Pitu,all_motifs (1291),Isen Cloth 3.jpg,Pusaka Beruang,2022,raw (crop),28 x 28,sRGB IEC61966-2.1,VJB
3746,NyukPitu_00506.jpg,Batik_Lasem/motifs (isen-isen)/Nyuk Pitu/all_motifs (1291)/NyukPitu_00506.jpg,Nyuk Pitu,Nyuk Pitu,all_motifs (1291),Latohan Dragon.jpg,Sekar Kencana,2022,raw (crop),142 x 142,sRGB IEC61966-2.1,VJB
3747,NyukPitu_00507.jpg,Batik_Lasem/motifs (isen-isen)/Nyuk Pitu/all_motifs (1291)/NyukPitu_00507.jpg,Nyuk Pitu,Nyuk Pitu,all_motifs (1291),Isen Cloth 3.jpg,Pusaka Beruang,2022,raw (crop),28 x 28,sRGB IEC61966-2.1,VJB
3748,NyukPitu_00508.jpg,Batik_Lasem/motifs (isen-isen)/Nyuk Pitu/all_motifs (1291)/NyukPitu_00508.jpg,Nyuk Pitu,Nyuk Pitu,all_motifs (1291),Isen Cloth 3.jpg,Pusaka Beruang,2022,raw (crop),28 x 28,sRGB IEC61966-2.1,VJB
3749,NyukPitu_00509.jpg,Batik_Lasem/motifs (isen-isen)/Nyuk Pitu/all_motifs (1291)/NyukPitu_00509.jpg,Nyuk Pitu,Nyuk Pitu,all_motifs (1291),Isen Cloth 3.jpg,Pusaka Beruang,2022,raw (crop),28 x 28,sRGB IEC61966-2.1,VJB
3753,NyukPitu_00513.jpg,Batik_Lasem/motifs (isen-isen)/Nyuk Pitu/all_motifs (1291)/NyukPitu_00513.jpg,Nyuk Pitu,Nyuk Pitu,all_motifs (1291),Isen Cloth 3.jpg,Pusaka Beruang,2022,raw (crop),28 x 28,sRGB IEC61966-2.1,VJB
3762,NyukPitu_00522.jpg,Batik_Lasem/motifs (isen-isen)/Nyuk Pitu/all_motifs (1291)/NyukPitu_00522.jpg,Nyuk Pitu,Nyuk Pitu,all_motifs (1291),Isen Cloth 3.jpg,Pusaka Beruang,2022,raw (crop),28 x 28,sRGB IEC61966-2.1,VJB
3763,NyukPitu_00523.jpg,Batik_Lasem/motifs (isen-isen)/Nyuk Pitu/all_motifs (1291)/NyukPitu_00523.jpg,Nyuk Pitu,Nyuk Pitu,all_motifs (1291),Isen Cloth 3.jpg,Pusaka Beruang,2022,raw (crop),28 x 28,sRGB IEC61966-2.1,VJB
3764,NyukPitu_00524.jpg,Batik_Lasem/motifs (isen-isen)/Nyuk Pitu/all_motifs (1291)/NyukPitu_00524.jpg,Nyuk Pitu,Nyuk Pitu,all_motifs (1291),Isen Cloth 3.jpg,Pusaka Beruang,2022,raw (crop),28 x 28,sRGB IEC61966-2.1,VJB
3765,NyukPitu_00525.jpg,Batik_Lasem/motifs (isen-isen)/Nyuk Pitu/all_motifs (1291)/NyukPitu_00525.jpg,Nyuk Pitu,Nyuk Pitu,all_motifs (1291),Isen Cloth 3.jpg,Pusaka Beruang,2022,raw (crop),28 x 28,sRGB IEC61966-2.1,VJB
3766,NyukPitu_00526.jpg,Batik_Lasem/motifs (isen-isen)/Nyuk Pitu/all_motifs (1291)/NyukPitu_00526.jpg,Nyuk Pitu,Nyuk Pitu,all_motifs (1291),Isen Cloth 3.jpg,Pusaka Beruang,2022,raw (crop),28 x 28,sRGB IEC61966-2.1,VJB
3767,NyukPitu_00527.jpg,Batik_Lasem/motifs (isen-isen)/Nyuk Pitu/all_motifs (1291)/NyukPitu_00527.jpg,Nyuk Pitu,Nyuk Pitu,all_motifs (1291),Latohan Dragon.jpg,Sekar Kencana,2022,raw (crop),142 x 142,sRGB IEC61966-2.1,VJB
3768,NyukPitu_00528.jpg,Batik_Lasem/motifs (isen-isen)/Nyuk Pitu/all_motifs (1291)/NyukPitu_00528.jpg,Nyuk Pitu,Nyuk Pitu,all_motifs (1291),Isen Cloth 3.jpg,Pusaka Beruang,2022,raw (crop),28 x 28,sRGB IEC61966-2.1,VJB
3769,NyukPitu_00529.jpg,Batik_Lasem/motifs (isen-isen)/Nyuk Pitu/all_motifs (1291)/NyukPitu_00529.jpg,Nyuk Pitu,Nyuk Pitu,all_motifs (1291),Isen Cloth 3.jpg,Pusaka Beruang,2022,raw (crop),28 x 28,sRGB IEC61966-2.1,VJB
3771,NyukPitu_00531.jpg,Batik_Lasem/motifs (isen-isen)/Nyuk Pitu/all_motifs (1291)/NyukPitu_00531.jpg,Nyuk Pitu,Nyuk Pitu,all_motifs (1291),Isen Cloth 3.jpg,Pusaka Beruang,2022,raw (crop),28 x 28,sRGB IEC61966-2.1,VJB
3772,NyukPitu_00532.jpg,Batik_Lasem/motifs (isen-isen)/Nyuk Pitu/all_motifs (1291)/NyukPitu_00532.jpg,Nyuk Pitu,Nyuk Pitu,all_motifs (1291),Isen Cloth 3.jpg,Pusaka Beruang,2022,raw (crop),28 x 28,sRGB IEC61966-2.1,VJB
3776,NyukPitu_00536.jpg,Batik_Lasem/motifs (isen-isen)/Nyuk Pitu/all_motifs (1291)/NyukPitu_00536.jpg,Nyuk Pitu,Nyuk Pitu,all_motifs (1291),Isen Cloth 3.jpg,Pusaka Beruang,2022,raw (crop),28 x 28,sRGB IEC61966-2.1,VJB
3779,NyukPitu_00539.jpg,Batik_Lasem/motifs (isen-isen)/Nyuk Pitu/all_motifs (1291)/NyukPitu_00539.jpg,Nyuk Pitu,Nyuk Pitu,all_motifs (1291),Isen Cloth 3.jpg,Pusaka Beruang,2022,raw (crop),28 x 28,sRGB IEC61966-2.1,VJB
3781,NyukPitu_00541.jpg,Batik_Lasem/motifs (isen-isen)/Nyuk Pitu/all_motifs (1291)/NyukPitu_00541.jpg,Nyuk Pitu,Nyuk Pitu,all_motifs (1291),Cranes with Bledak Background.jpg,Katrin Bee,2022,raw (crop),28 x 28,sRGB IEC61966-2.1,VJB
3785,NyukPitu_00545.jpg,Batik_Lasem/motifs (isen-isen)/Nyuk Pitu/all_motifs (1291)/NyukPitu_00545.jpg,Nyuk Pitu,Nyuk Pitu,all_motifs (1291),Cranes with Bledak Background.jpg,Katrin Bee,2022,raw (crop),28 x 28,sRGB IEC61966-2.1,VJB
3789,NyukPitu_00549.jpg,Batik_Lasem/motifs (isen-isen)/Nyuk Pitu/all_motifs (1291)/NyukPitu_00549.jpg,Nyuk Pitu,Nyuk Pitu,all_motifs (1291),Phoenix and Lotus.jpg,KUB Srikandi,2022,raw (crop),142 x 142,sRGB IEC61966-2.1,VJB
3790,NyukPitu_00550.jpg,Batik_Lasem/motifs (isen-isen)/Nyuk Pitu/all_motifs (1291)/NyukPitu_00550.jpg,Nyuk Pitu,Nyuk Pitu,all_motifs (1291),Cranes with Bledak Background.jpg,Katrin Bee,2022,raw (crop),28 x 28,sRGB IEC61966-2.1,VJB
3791,NyukPitu_00551.jpg,Batik_Lasem/motifs (isen-isen)/Nyuk Pitu/all_motifs (1291)/NyukPitu_00551.jpg,Nyuk Pitu,Nyuk Pitu,all_motifs (1291),Cranes with Bledak Background.jpg,Katrin Bee,2022,raw (crop),28 x 28,sRGB IEC61966-2.1,VJB
3792,NyukPitu_00552.jpg,Batik_Lasem/motifs (isen-isen)/Nyuk Pitu/all_motifs (1291)/NyukPitu_00552.jpg,Nyuk Pitu,Nyuk Pitu,all_motifs (1291),Cranes with Bledak Background.jpg,Katrin Bee,2022,raw (crop),28 x 28,sRGB IEC61966-2.1,VJB
3796,NyukPitu_00556.jpg,Batik_Lasem/motifs (isen-isen)/Nyuk Pitu/all_motifs (1291)/NyukPitu_00556.jpg,Nyuk Pitu,Nyuk Pitu,all_motifs (1291),Cranes with Bledak Background.jpg,Katrin Bee,2022,raw (crop),28 x 28,sRGB IEC61966-2.1,VJB
3797,NyukPitu_00557.jpg,Batik_Lasem/motifs (isen-isen)/Nyuk Pitu/all_motifs (1291)/NyukPitu_00557.jpg,Nyuk Pitu,Nyuk Pitu,all_motifs (1291),Cranes with Bledak Background.jpg,Katrin Bee,2022,raw (crop),28 x 28,sRGB IEC61966-2.1,VJB
3798,NyukPitu_00558.jpg,Batik_Lasem/motifs (isen-isen)/Nyuk Pitu/all_motifs (1291)/NyukPitu_00558.jpg,Nyuk Pitu,Nyuk Pitu,all_motifs (1291),Cranes with Bledak Background.jpg,Katrin Bee,2022,raw (crop),28 x 28,sRGB IEC61966-2.1,VJB
3799,NyukPitu_00559.jpg,Batik_Lasem/motifs (isen-isen)/Nyuk Pitu/all_motifs (1291)/NyukPitu_00559.jpg,Nyuk Pitu,Nyuk Pitu,all_motifs (1291),Cranes with Bledak Background.jpg,Katrin Bee,2022,raw (crop),28 x 28,sRGB IEC61966-2.1,VJB
3800,NyukPitu_00560.jpg,Batik_Lasem/motifs (isen-isen)/Nyuk Pitu/all_motifs (1291)/NyukPitu_00560.jpg,Nyuk Pitu,Nyuk Pitu,all_motifs (1291),Phoenix and Lotus.jpg,KUB Srikandi,2022,raw (crop),142 x 142,sRGB IEC61966-2.1,VJB
3801,NyukPitu_00561.jpg,Batik_Lasem/motifs (isen-isen)/Nyuk Pitu/all_motifs (1291)/NyukPitu_00561.jpg,Nyuk Pitu,Nyuk Pitu,all_motifs (1291),Cranes with Bledak Background.jpg,Katrin Bee,2022,raw (crop),28 x 28,sRGB IEC61966-2.1,VJB
3803,NyukPitu_00563.jpg,Batik_Lasem/motifs (isen-isen)/Nyuk Pitu/all_motifs (1291)/NyukPitu_00563.jpg,Nyuk Pitu,Nyuk Pitu,all_motifs (1291),Cranes with Bledak Background.jpg,Katrin Bee,2022,raw (crop),28 x 28,sRGB IEC61966-2.1,VJB
3806,NyukPitu_00566.jpg,Batik_Lasem/motifs (isen-isen)/Nyuk Pitu/all_motifs (1291)/NyukPitu_00566.jpg,Nyuk Pitu,Nyuk Pitu,all_motifs (1291),Cranes with Bledak Background.jpg,Katrin Bee,2022,raw (crop),28 x 28,sRGB IEC61966-2.1,VJB
3807,NyukPitu_00567.jpg,Batik_Lasem/motifs (isen-isen)/Nyuk Pitu/all_motifs (1291)/NyukPitu_00567.jpg,Nyuk Pitu,Nyuk Pitu,all_motifs (1291),Cranes with Bledak Background.jpg,Katrin Bee,2022,raw (crop),28 x 28,sRGB IEC61966-2.1,VJB
3809,NyukPitu_00569.jpg,Batik_Lasem/motifs (isen-isen)/Nyuk Pitu/all_motifs (1291)/NyukPitu_00569.jpg,Nyuk Pitu,Nyuk Pitu,all_motifs (1291),Cranes with Bledak Background.jpg,Katrin Bee,2022,raw (crop),28 x 28,sRGB IEC61966-2.1,VJB
3810,NyukPitu_00570.jpg,Batik_Lasem/motifs (isen-isen)/Nyuk Pitu/all_motifs (1291)/NyukPitu_00570.jpg,Nyuk Pitu,Nyuk Pitu,all_motifs (1291),Phoenix and Lotus.jpg,KUB Srikandi,2022,raw (crop),142 x 142,sRGB IEC61966-2.1,VJB
3811,NyukPitu_00571.jpg,Batik_Lasem/motifs (isen-isen)/Nyuk Pitu/all_motifs (1291)/NyukPitu_00571.jpg,Nyuk Pitu,Nyuk Pitu,all_motifs (1291),Cranes with Bledak Background.jpg,Katrin Bee,2022,raw (crop),28 x 28,sRGB IEC61966-2.1,VJB
3813,NyukPitu_00573.jpg,Batik_Lasem/motifs (isen-isen)/Nyuk Pitu/all_motifs (1291)/NyukPitu_00573.jpg,Nyuk Pitu,Nyuk Pitu,all_motifs (1291),Cranes with Bledak Background.jpg,Katrin Bee,2022,raw (crop),28 x 28,sRGB IEC61966-2.1,VJB
3815,NyukPitu_00575.jpg,Batik_Lasem/motifs (isen-isen)/Nyuk Pitu/all_motifs (1291)/NyukPitu_00575.jpg,Nyuk Pitu,Nyuk Pitu,all_motifs (1291),Cranes with Bledak Background.jpg,Katrin Bee,2022,raw (crop),28 x 28,sRGB IEC61966-2.1,VJB
3817,NyukPitu_00577.jpg,Batik_Lasem/motifs (isen-isen)/Nyuk Pitu/all_motifs (1291)/NyukPitu_00577.jpg,Nyuk Pitu,Nyuk Pitu,all_motifs (1291),Cranes with Bledak Background.jpg,Katrin Bee,2022,raw (crop),28 x 28,sRGB IEC61966-2.1,VJB
3818,NyukPitu_00578.jpg,Batik_Lasem/motifs (isen-isen)/Nyuk Pitu/all_motifs (1291)/NyukPitu_00578.jpg,Nyuk Pitu,Nyuk Pitu,all_motifs (1291),Cranes with Bledak Background.jpg,Katrin Bee,2022,raw (crop),28 x 28,sRGB IEC61966-2.1,VJB
3820,NyukPitu_00580.jpg,Batik_Lasem/motifs (isen-isen)/Nyuk Pitu/all_motifs (1291)/NyukPitu_00580.jpg,Nyuk Pitu,Nyuk Pitu,all_motifs (1291),Cranes with Bledak Background.jpg,Katrin Bee,2022,raw (crop),28 x 28,sRGB IEC61966-2.1,VJB
3821,NyukPitu_00581.jpg,Batik_Lasem/motifs (isen-isen)/Nyuk Pitu/all_motifs (1291)/NyukPitu_00581.jpg,Nyuk Pitu,Nyuk Pitu,all_motifs (1291),Phoenix and Lotus.jpg,KUB Srikandi,2022,raw (crop),142 x 142,sRGB IEC61966-2.1,VJB
3822,NyukPitu_00582.jpg,Batik_Lasem/motifs (isen-isen)/Nyuk Pitu/all_motifs (1291)/NyukPitu_00582.jpg,Nyuk Pitu,Nyuk Pitu,all_motifs (1291),Cranes with Bledak Background.jpg,Katrin Bee,2022,raw (crop),28 x 28,sRGB IEC61966-2.1,VJB
3827,NyukPitu_00587.jpg,Batik_Lasem/motifs (isen-isen)/Nyuk Pitu/all_motifs (1291)/NyukPitu_00587.jpg,Nyuk Pitu,Nyuk Pitu,all_motifs (1291),Cranes with Bledak Background.jpg,Katrin Bee,2022,raw (crop),28 x 28,sRGB IEC61966-2.1,VJB
3828,NyukPitu_00588.jpg,Batik_Lasem/motifs (isen-isen)/Nyuk Pitu/all_motifs (1291)/NyukPitu_00588.jpg,Nyuk Pitu,Nyuk Pitu,all_motifs (1291),Cranes with Bledak Background.jpg,Katrin Bee,2022,raw (crop),28 x 28,sRGB IEC61966-2.1,VJB
3830,NyukPitu_00590.jpg,Batik_Lasem/motifs (isen-isen)/Nyuk Pitu/all_motifs (1291)/NyukPitu_00590.jpg,Nyuk Pitu,Nyuk Pitu,all_motifs (1291),Cranes with Bledak Background.jpg,Katrin Bee,2022,raw (crop),28 x 28,sRGB IEC61966-2.1,VJB
3833,NyukPitu_00593.jpg,Batik_Lasem/motifs (isen-isen)/Nyuk Pitu/all_motifs (1291)/NyukPitu_00593.jpg,Nyuk Pitu,Nyuk Pitu,all_motifs (1291),Cranes with Bledak Background.jpg,Katrin Bee,2022,raw (crop),28 x 28,sRGB IEC61966-2.1,VJB
3838,NyukPitu_00598.jpg,Batik_Lasem/motifs (isen-isen)/Nyuk Pitu/all_motifs (1291)/NyukPitu_00598.jpg,Nyuk Pitu,Nyuk Pitu,all_motifs (1291),Cranes with Bledak Background.jpg,Katrin Bee,2022,raw (crop),28 x 28,sRGB IEC61966-2.1,VJB
3839,NyukPitu_00599.jpg,Batik_Lasem/motifs (isen-isen)/Nyuk Pitu/all_motifs (1291)/NyukPitu_00599.jpg,Nyuk Pitu,Nyuk Pitu,all_motifs (1291),Cranes with Bledak Background.jpg,Katrin Bee,2022,raw (crop),28 x 28,sRGB IEC61966-2.1,VJB
3840,NyukPitu_00600.jpg,Batik_Lasem/motifs (isen-isen)/Nyuk Pitu/all_motifs (1291)/NyukPitu_00600.jpg,Nyuk Pitu,Nyuk Pitu,all_motifs (1291),Cranes with Bledak Background.jpg,Katrin Bee,2022,raw (crop),28 x 28,sRGB IEC61966-2.1,VJB
3841,NyukPitu_00601.jpg,Batik_Lasem/motifs (isen-isen)/Nyuk Pitu/all_motifs (1291)/NyukPitu_00601.jpg,Nyuk Pitu,Nyuk Pitu,all_motifs (1291),Cranes with Bledak Background.jpg,Katrin Bee,2022,raw (crop),28 x 28,sRGB IEC61966-2.1,VJB
3842,NyukPitu_00602.jpg,Batik_Lasem/motifs (isen-isen)/Nyuk Pitu/all_motifs (1291)/NyukPitu_00602.jpg,Nyuk Pitu,Nyuk Pitu,all_motifs (1291),Phoenix and Lotus.jpg,KUB Srikandi,2022,raw (crop),142 x 142,sRGB IEC61966-2.1,VJB
3844,NyukPitu_00604.jpg,Batik_Lasem/motifs (isen-isen)/Nyuk Pitu/all_motifs (1291)/NyukPitu_00604.jpg,Nyuk Pitu,Nyuk Pitu,all_motifs (1291),Cranes with Bledak Background.jpg,Katrin Bee,2022,raw (crop),28 x 28,sRGB IEC61966-2.1,VJB
3848,NyukPitu_00608.jpg,Batik_Lasem/motifs (isen-isen)/Nyuk Pitu/all_motifs (1291)/NyukPitu_00608.jpg,Nyuk Pitu,Nyuk Pitu,all_motifs (1291),Cranes with Bledak Background.jpg,Katrin Bee,2022,raw (crop),28 x 28,sRGB IEC61966-2.1,VJB
3850,NyukPitu_00610.jpg,Batik_Lasem/motifs (isen-isen)/Nyuk Pitu/all_motifs (1291)/NyukPitu_00610.jpg,Nyuk Pitu,Nyuk Pitu,all_motifs (1291),Cranes with Bledak Background.jpg,Katrin Bee,2022,raw (crop),28 x 28,sRGB IEC61966-2.1,VJB
3851,NyukPitu_00611.jpg,Batik_Lasem/motifs (isen-isen)/Nyuk Pitu/all_motifs (1291)/NyukPitu_00611.jpg,Nyuk Pitu,Nyuk Pitu,all_motifs (1291),Cranes with Bledak Background.jpg,Katrin Bee,2022,raw (crop),28 x 28,sRGB IEC61966-2.1,VJB
3852,NyukPitu_00612.jpg,Batik_Lasem/motifs (isen-isen)/Nyuk Pitu/all_motifs (1291)/NyukPitu_00612.jpg,Nyuk Pitu,Nyuk Pitu,all_motifs (1291),Phoenix and Lotus.jpg,KUB Srikandi,2022,raw (crop),142 x 142,sRGB IEC61966-2.1,VJB
3855,NyukPitu_00615.jpg,Batik_Lasem/motifs (isen-isen)/Nyuk Pitu/all_motifs (1291)/NyukPitu_00615.jpg,Nyuk Pitu,Nyuk Pitu,all_motifs (1291),Cranes with Bledak Background.jpg,Katrin Bee,2022,raw (crop),28 x 28,sRGB IEC61966-2.1,VJB
3856,NyukPitu_00616.jpg,Batik_Lasem/motifs (isen-isen)/Nyuk Pitu/all_motifs (1291)/NyukPitu_00616.jpg,Nyuk Pitu,Nyuk Pitu,all_motifs (1291),Cranes with Bledak Background.jpg,Katrin Bee,2022,raw (crop),28 x 28,sRGB IEC61966-2.1,VJB
3859,NyukPitu_00619.jpg,Batik_Lasem/motifs (isen-isen)/Nyuk Pitu/all_motifs (1291)/NyukPitu_00619.jpg,Nyuk Pitu,Nyuk Pitu,all_motifs (1291),Cranes with Bledak Background.jpg,Katrin Bee,2022,raw (crop),28 x 28,sRGB IEC61966-2.1,VJB
3862,NyukPitu_00622.jpg,Batik_Lasem/motifs (isen-isen)/Nyuk Pitu/all_motifs (1291)/NyukPitu_00622.jpg,Nyuk Pitu,Nyuk Pitu,all_motifs (1291),Cranes with Bledak Background.jpg,Katrin Bee,2022,raw (crop),28 x 28,sRGB IEC61966-2.1,VJB
3866,NyukPitu_00626.jpg,Batik_Lasem/motifs (isen-isen)/Nyuk Pitu/all_motifs (1291)/NyukPitu_00626.jpg,Nyuk Pitu,Nyuk Pitu,all_motifs (1291),Cranes with Bledak Background.jpg,Katrin Bee,2022,raw (crop),28 x 28,sRGB IEC61966-2.1,VJB
3867,NyukPitu_00627.jpg,Batik_Lasem/motifs (isen-isen)/Nyuk Pitu/all_motifs (1291)/NyukPitu_00627.jpg,Nyuk Pitu,Nyuk Pitu,all_motifs (1291),Cranes with Bledak Background.jpg,Katrin Bee,2022,raw (crop),28 x 28,sRGB IEC61966-2.1,VJB
3868,NyukPitu_00628.jpg,Batik_Lasem/motifs (isen-isen)/Nyuk Pitu/all_motifs (1291)/NyukPitu_00628.jpg,Nyuk Pitu,Nyuk Pitu,all_motifs (1291),Cranes with Bledak Background.jpg,Katrin Bee,2022,raw (crop),28 x 28,sRGB IEC61966-2.1,VJB
3869,NyukPitu_00629.jpg,Batik_Lasem/motifs (isen-isen)/Nyuk Pitu/all_motifs (1291)/NyukPitu_00629.jpg,Nyuk Pitu,Nyuk Pitu,all_motifs (1291),Cranes with Bledak Background.jpg,Katrin Bee,2022,raw (crop),28 x 28,sRGB IEC61966-2.1,VJB
3871,NyukPitu_00631.jpg,Batik_Lasem/motifs (isen-isen)/Nyuk Pitu/all_motifs (1291)/NyukPitu_00631.jpg,Nyuk Pitu,Nyuk Pitu,all_motifs (1291),Cranes with Bledak Background.jpg,Katrin Bee,2022,raw (crop),28 x 28,sRGB IEC61966-2.1,VJB
3872,NyukPitu_00632.jpg,Batik_Lasem/motifs (isen-isen)/Nyuk Pitu/all_motifs (1291)/NyukPitu_00632.jpg,Nyuk Pitu,Nyuk Pitu,all_motifs (1291),Cranes with Bledak Background.jpg,Katrin Bee,2022,raw (crop),28 x 28,sRGB IEC61966-2.1,VJB
3875,NyukPitu_00635.jpg,Batik_Lasem/motifs (isen-isen)/Nyuk Pitu/all_motifs (1291)/NyukPitu_00635.jpg,Nyuk Pitu,Nyuk Pitu,all_motifs (1291),Cranes with Bledak Background.jpg,Katrin Bee,2022,raw (crop),28 x 28,sRGB IEC61966-2.1,VJB
3877,NyukPitu_00637.jpg,Batik_Lasem/motifs (isen-isen)/Nyuk Pitu/all_motifs (1291)/NyukPitu_00637.jpg,Nyuk Pitu,Nyuk Pitu,all_motifs (1291),Cranes with Bledak Background.jpg,Katrin Bee,2022,raw (crop),28 x 28,sRGB IEC61966-2.1,VJB
3881,NyukPitu_00641.jpg,Batik_Lasem/motifs (isen-isen)/Nyuk Pitu/all_motifs (1291)/NyukPitu_00641.jpg,Nyuk Pitu,Nyuk Pitu,all_motifs (1291),Cranes with Bledak Background.jpg,Katrin Bee,2022,raw (crop),28 x 28,sRGB IEC61966-2.1,VJB
3882,NyukPitu_00642.jpg,Batik_Lasem/motifs (isen-isen)/Nyuk Pitu/all_motifs (1291)/NyukPitu_00642.jpg,Nyuk Pitu,Nyuk Pitu,all_motifs (1291),Cranes with Bledak Background.jpg,Katrin Bee,2022,raw (crop),28 x 28,sRGB IEC61966-2.1,VJB
3883,NyukPitu_00643.jpg,Batik_Lasem/motifs (isen-isen)/Nyuk Pitu/all_motifs (1291)/NyukPitu_00643.jpg,Nyuk Pitu,Nyuk Pitu,all_motifs (1291),Cranes with Bledak Background.jpg,Katrin Bee,2022,raw (crop),28 x 28,sRGB IEC61966-2.1,VJB
3884,NyukPitu_00644.jpg,Batik_Lasem/motifs (isen-isen)/Nyuk Pitu/all_motifs (1291)/NyukPitu_00644.jpg,Nyuk Pitu,Nyuk Pitu,all_motifs (1291),Cranes with Bledak Background.jpg,Katrin Bee,2022,raw (crop),28 x 28,sRGB IEC61966-2.1,VJB
3885,NyukPitu_00645.jpg,Batik_Lasem/motifs (isen-isen)/Nyuk Pitu/all_motifs (1291)/NyukPitu_00645.jpg,Nyuk Pitu,Nyuk Pitu,all_motifs (1291),Latohan Dragon.jpg,Sekar Kencana,2022,raw (crop),142 x 142,sRGB IEC61966-2.1,VJB
3887,NyukPitu_00647.jpg,Batik_Lasem/motifs (isen-isen)/Nyuk Pitu/all_motifs (1291)/NyukPitu_00647.jpg,Nyuk Pitu,Nyuk Pitu,all_motifs (1291),Cranes with Bledak Background.jpg,Katrin Bee,2022,raw (crop),28 x 28,sRGB IEC61966-2.1,VJB
3888,NyukPitu_00648.jpg,Batik_Lasem/motifs (isen-isen)/Nyuk Pitu/all_motifs (1291)/NyukPitu_00648.jpg,Nyuk Pitu,Nyuk Pitu,all_motifs (1291),Cranes with Bledak Background.jpg,Katrin Bee,2022,raw (crop),28 x 28,sRGB IEC61966-2.1,VJB
3891,NyukPitu_00651.jpg,Batik_Lasem/motifs (isen-isen)/Nyuk Pitu/all_motifs (1291)/NyukPitu_00651.jpg,Nyuk Pitu,Nyuk Pitu,all_motifs (1291),Cranes with Bledak Background.jpg,Katrin Bee,2022,raw (crop),28 x 28,sRGB IEC61966-2.1,VJB
3892,NyukPitu_00652.jpg,Batik_Lasem/motifs (isen-isen)/Nyuk Pitu/all_motifs (1291)/NyukPitu_00652.jpg,Nyuk Pitu,Nyuk Pitu,all_motifs (1291),Phoenix and Lotus.jpg,KUB Srikandi,2022,raw (crop),28 x 28,sRGB IEC61966-2.1,VJB
3893,NyukPitu_00653.jpg,Batik_Lasem/motifs (isen-isen)/Nyuk Pitu/all_motifs (1291)/NyukPitu_00653.jpg,Nyuk Pitu,Nyuk Pitu,all_motifs (1291),Phoenix and Lotus.jpg,KUB Srikandi,2022,raw (crop),28 x 28,sRGB IEC61966-2.1,VJB
3895,NyukPitu_00655.jpg,Batik_Lasem/motifs (isen-isen)/Nyuk Pitu/all_motifs (1291)/NyukPitu_00655.jpg,Nyuk Pitu,Nyuk Pitu,all_motifs (1291),Phoenix and Lotus.jpg,KUB Srikandi,2022,raw (crop),28 x 28,sRGB IEC61966-2.1,VJB
3899,NyukPitu_00659.jpg,Batik_Lasem/motifs (isen-isen)/Nyuk Pitu/all_motifs (1291)/NyukPitu_00659.jpg,Nyuk Pitu,Nyuk Pitu,all_motifs (1291),Phoenix and Lotus.jpg,KUB Srikandi,2022,raw (crop),28 x 28,sRGB IEC61966-2.1,VJB
3900,NyukPitu_00660.jpg,Batik_Lasem/motifs (isen-isen)/Nyuk Pitu/all_motifs (1291)/NyukPitu_00660.jpg,Nyuk Pitu,Nyuk Pitu,all_motifs (1291),Phoenix and Lotus.jpg,KUB Srikandi,2022,raw (crop),28 x 28,sRGB IEC61966-2.1,VJB
3903,NyukPitu_00663.jpg,Batik_Lasem/motifs (isen-isen)/Nyuk Pitu/all_motifs (1291)/NyukPitu_00663.jpg,Nyuk Pitu,Nyuk Pitu,all_motifs (1291),Phoenix and Lotus.jpg,KUB Srikandi,2022,raw (crop),28 x 28,sRGB IEC61966-2.1,VJB
3904,NyukPitu_00664.jpg,Batik_Lasem/motifs (isen-isen)/Nyuk Pitu/all_motifs (1291)/NyukPitu_00664.jpg,Nyuk Pitu,Nyuk Pitu,all_motifs (1291),Phoenix and Lotus.jpg,KUB Srikandi,2022,raw (crop),28 x 28,sRGB IEC61966-2.1,VJB
3907,NyukPitu_00667.jpg,Batik_Lasem/motifs (isen-isen)/Nyuk Pitu/all_motifs (1291)/NyukPitu_00667.jpg,Nyuk Pitu,Nyuk Pitu,all_motifs (1291),Latohan Dragon.jpg,Sekar Kencana,2022,raw (crop),142 x 142,sRGB IEC61966-2.1,VJB
3908,NyukPitu_00668.jpg,Batik_Lasem/motifs (isen-isen)/Nyuk Pitu/all_motifs (1291)/NyukPitu_00668.jpg,Nyuk Pitu,Nyuk Pitu,all_motifs (1291),Phoenix and Lotus.jpg,KUB Srikandi,2022,raw (crop),28 x 28,sRGB IEC61966-2.1,VJB
3913,NyukPitu_00673.jpg,Batik_Lasem/motifs (isen-isen)/Nyuk Pitu/all_motifs (1291)/NyukPitu_00673.jpg,Nyuk Pitu,Nyuk Pitu,all_motifs (1291),Phoenix and Lotus.jpg,KUB Srikandi,2022,raw (crop),28 x 28,sRGB IEC61966-2.1,VJB
3914,NyukPitu_00674.jpg,Batik_Lasem/motifs (isen-isen)/Nyuk Pitu/all_motifs (1291)/NyukPitu_00674.jpg,Nyuk Pitu,Nyuk Pitu,all_motifs (1291),Phoenix and Lotus.jpg,KUB Srikandi,2022,raw (crop),28 x 28,sRGB IEC61966-2.1,VJB
3916,NyukPitu_00676.jpg,Batik_Lasem/motifs (isen-isen)/Nyuk Pitu/all_motifs (1291)/NyukPitu_00676.jpg,Nyuk Pitu,Nyuk Pitu,all_motifs (1291),Phoenix and Lotus.jpg,KUB Srikandi,2022,raw (crop),28 x 28,sRGB IEC61966-2.1,VJB
3925,NyukPitu_00685.jpg,Batik_Lasem/motifs (isen-isen)/Nyuk Pitu/all_motifs (1291)/NyukPitu_00685.jpg,Nyuk Pitu,Nyuk Pitu,all_motifs (1291),Phoenix and Lotus.jpg,KUB Srikandi,2022,raw (crop),28 x 28,sRGB IEC61966-2.1,VJB
3927,NyukPitu_00687.jpg,Batik_Lasem/motifs (isen-isen)/Nyuk Pitu/all_motifs (1291)/NyukPitu_00687.jpg,Nyuk Pitu,Nyuk Pitu,all_motifs (1291),Phoenix and Lotus.jpg,KUB Srikandi,2022,raw (crop),28 x 28,sRGB IEC61966-2.1,VJB
3928,NyukPitu_00688.jpg,Batik_Lasem/motifs (isen-isen)/Nyuk Pitu/all_motifs (1291)/NyukPitu_00688.jpg,Nyuk Pitu,Nyuk Pitu,all_motifs (1291),Phoenix and Lotus.jpg,KUB Srikandi,2022,raw (crop),28 x 28,sRGB IEC61966-2.1,VJB
3929,NyukPitu_00689.jpg,Batik_Lasem/motifs (isen-isen)/Nyuk Pitu/all_motifs (1291)/NyukPitu_00689.jpg,Nyuk Pitu,Nyuk Pitu,all_motifs (1291),Latohan Dragon.jpg,Sekar Kencana,2022,raw (crop),142 x 142,sRGB IEC61966-2.1,VJB
3930,NyukPitu_00690.jpg,Batik_Lasem/motifs (isen-isen)/Nyuk Pitu/all_motifs (1291)/NyukPitu_00690.jpg,Nyuk Pitu,Nyuk Pitu,all_motifs (1291),Phoenix and Lotus.jpg,KUB Srikandi,2022,raw (crop),28 x 28,sRGB IEC61966-2.1,VJB
3931,NyukPitu_00691.jpg,Batik_Lasem/motifs (isen-isen)/Nyuk Pitu/all_motifs (1291)/NyukPitu_00691.jpg,Nyuk Pitu,Nyuk Pitu,all_motifs (1291),Phoenix and Lotus.jpg,KUB Srikandi,2022,raw (crop),28 x 28,sRGB IEC61966-2.1,VJB
3932,NyukPitu_00692.jpg,Batik_Lasem/motifs (isen-isen)/Nyuk Pitu/all_motifs (1291)/NyukPitu_00692.jpg,Nyuk Pitu,Nyuk Pitu,all_motifs (1291),Phoenix and Lotus.jpg,KUB Srikandi,2022,raw (crop),28 x 28,sRGB IEC61966-2.1,VJB
3933,NyukPitu_00693.jpg,Batik_Lasem/motifs (isen-isen)/Nyuk Pitu/all_motifs (1291)/NyukPitu_00693.jpg,Nyuk Pitu,Nyuk Pitu,all_motifs (1291),Phoenix and Lotus.jpg,KUB Srikandi,2022,raw (crop),28 x 28,sRGB IEC61966-2.1,VJB
3934,NyukPitu_00694.jpg,Batik_Lasem/motifs (isen-isen)/Nyuk Pitu/all_motifs (1291)/NyukPitu_00694.jpg,Nyuk Pitu,Nyuk Pitu,all_motifs (1291),Phoenix and Lotus.jpg,KUB Srikandi,2022,raw (crop),28 x 28,sRGB IEC61966-2.1,VJB
3935,NyukPitu_00695.jpg,Batik_Lasem/motifs (isen-isen)/Nyuk Pitu/all_motifs (1291)/NyukPitu_00695.jpg,Nyuk Pitu,Nyuk Pitu,all_motifs (1291),Phoenix and Lotus.jpg,KUB Srikandi,2022,raw (crop),28 x 28,sRGB IEC61966-2.1,VJB
3942,NyukPitu_00702.jpg,Batik_Lasem/motifs (isen-isen)/Nyuk Pitu/all_motifs (1291)/NyukPitu_00702.jpg,Nyuk Pitu,Nyuk Pitu,all_motifs (1291),Phoenix and Lotus.jpg,KUB Srikandi,2022,raw (crop),28 x 28,sRGB IEC61966-2.1,VJB
3943,NyukPitu_00703.jpg,Batik_Lasem/motifs (isen-isen)/Nyuk Pitu/all_motifs (1291)/NyukPitu_00703.jpg,Nyuk Pitu,Nyuk Pitu,all_motifs (1291),Phoenix and Lotus.jpg,KUB Srikandi,2022,raw (crop),28 x 28,sRGB IEC61966-2.1,VJB
3944,NyukPitu_00704.jpg,Batik_Lasem/motifs (isen-isen)/Nyuk Pitu/all_motifs (1291)/NyukPitu_00704.jpg,Nyuk Pitu,Nyuk Pitu,all_motifs (1291),Phoenix and Lotus.jpg,KUB Srikandi,2022,raw (crop),28 x 28,sRGB IEC61966-2.1,VJB
3945,NyukPitu_00705.jpg,Batik_Lasem/motifs (isen-isen)/Nyuk Pitu/all_motifs (1291)/NyukPitu_00705.jpg,Nyuk Pitu,Nyuk Pitu,all_motifs (1291),Phoenix and Lotus.jpg,KUB Srikandi,2022,raw (crop),28 x 28,sRGB IEC61966-2.1,VJB
3946,NyukPitu_00706.jpg,Batik_Lasem/motifs (isen-isen)/Nyuk Pitu/all_motifs (1291)/NyukPitu_00706.jpg,Nyuk Pitu,Nyuk Pitu,all_motifs (1291),Phoenix and Lotus.jpg,KUB Srikandi,2022,raw (crop),28 x 28,sRGB IEC61966-2.1,VJB
3947,NyukPitu_00707.jpg,Batik_Lasem/motifs (isen-isen)/Nyuk Pitu/all_motifs (1291)/NyukPitu_00707.jpg,Nyuk Pitu,Nyuk Pitu,all_motifs (1291),Phoenix and Lotus.jpg,KUB Srikandi,2022,raw (crop),28 x 28,sRGB IEC61966-2.1,VJB
3948,NyukPitu_00708.jpg,Batik_Lasem/motifs (isen-isen)/Nyuk Pitu/all_motifs (1291)/NyukPitu_00708.jpg,Nyuk Pitu,Nyuk Pitu,all_motifs (1291),Phoenix and Lotus.jpg,KUB Srikandi,2022,raw (crop),28 x 28,sRGB IEC61966-2.1,VJB
3952,NyukPitu_00712.jpg,Batik_Lasem/motifs (isen-isen)/Nyuk Pitu/all_motifs (1291)/NyukPitu_00712.jpg,Nyuk Pitu,Nyuk Pitu,all_motifs (1291),Phoenix and Lotus.jpg,KUB Srikandi,2022,raw (crop),28 x 28,sRGB IEC61966-2.1,VJB
3956,NyukPitu_00716.jpg,Batik_Lasem/motifs (isen-isen)/Nyuk Pitu/all_motifs (1291)/NyukPitu_00716.jpg,Nyuk Pitu,Nyuk Pitu,all_motifs (1291),Phoenix and Lotus.jpg,KUB Srikandi,2022,raw (crop),28 x 28,sRGB IEC61966-2.1,VJB
3957,NyukPitu_00717.jpg,Batik_Lasem/motifs (isen-isen)/Nyuk Pitu/all_motifs (1291)/NyukPitu_00717.jpg,Nyuk Pitu,Nyuk Pitu,all_motifs (1291),Phoenix and Lotus.jpg,KUB Srikandi,2022,raw (crop),28 x 28,sRGB IEC61966-2.1,VJB
3958,NyukPitu_00718.jpg,Batik_Lasem/motifs (isen-isen)/Nyuk Pitu/all_motifs (1291)/NyukPitu_00718.jpg,Nyuk Pitu,Nyuk Pitu,all_motifs (1291),Phoenix and Lotus.jpg,KUB Srikandi,2022,raw (crop),28 x 28,sRGB IEC61966-2.1,VJB
3961,NyukPitu_00721.jpg,Batik_Lasem/motifs (isen-isen)/Nyuk Pitu/all_motifs (1291)/NyukPitu_00721.jpg,Nyuk Pitu,Nyuk Pitu,all_motifs (1291),Phoenix and Lotus.jpg,KUB Srikandi,2022,raw (crop),28 x 28,sRGB IEC61966-2.1,VJB
3962,NyukPitu_00722.jpg,Batik_Lasem/motifs (isen-isen)/Nyuk Pitu/all_motifs (1291)/NyukPitu_00722.jpg,Nyuk Pitu,Nyuk Pitu,all_motifs (1291),Latohan Dragon.jpg,Sekar Kencana,2022,raw (crop),142 x 142,sRGB IEC61966-2.1,VJB
3963,NyukPitu_00723.jpg,Batik_Lasem/motifs (isen-isen)/Nyuk Pitu/all_motifs (1291)/NyukPitu_00723.jpg,Nyuk Pitu,Nyuk Pitu,all_motifs (1291),Phoenix and Lotus.jpg,KUB Srikandi,2022,raw (crop),28 x 28,sRGB IEC61966-2.1,VJB
3964,NyukPitu_00724.jpg,Batik_Lasem/motifs (isen-isen)/Nyuk Pitu/all_motifs (1291)/NyukPitu_00724.jpg,Nyuk Pitu,Nyuk Pitu,all_motifs (1291),Phoenix and Lotus.jpg,KUB Srikandi,2022,raw (crop),28 x 28,sRGB IEC61966-2.1,VJB
3965,NyukPitu_00725.jpg,Batik_Lasem/motifs (isen-isen)/Nyuk Pitu/all_motifs (1291)/NyukPitu_00725.jpg,Nyuk Pitu,Nyuk Pitu,all_motifs (1291),Phoenix and Lotus.jpg,KUB Srikandi,2022,raw (crop),28 x 28,sRGB IEC61966-2.1,VJB
3969,NyukPitu_00729.jpg,Batik_Lasem/motifs (isen-isen)/Nyuk Pitu/all_motifs (1291)/NyukPitu_00729.jpg,Nyuk Pitu,Nyuk Pitu,all_motifs (1291),Phoenix and Lotus.jpg,KUB Srikandi,2022,raw (crop),28 x 28,sRGB IEC61966-2.1,VJB
3972,NyukPitu_00732.jpg,Batik_Lasem/motifs (isen-isen)/Nyuk Pitu/all_motifs (1291)/NyukPitu_00732.jpg,Nyuk Pitu,Nyuk Pitu,all_motifs (1291),Phoenix and Lotus.jpg,KUB Srikandi,2022,raw (crop),28 x 28,sRGB IEC61966-2.1,VJB
3974,NyukPitu_00734.jpg,Batik_Lasem/motifs (isen-isen)/Nyuk Pitu/all_motifs (1291)/NyukPitu_00734.jpg,Nyuk Pitu,Nyuk Pitu,all_motifs (1291),Latohan Dragon.jpg,Sekar Kencana,2022,raw (crop),142 x 142,sRGB IEC61966-2.1,VJB
3978,NyukPitu_00738.jpg,Batik_Lasem/motifs (isen-isen)/Nyuk Pitu/all_motifs (1291)/NyukPitu_00738.jpg,Nyuk Pitu,Nyuk Pitu,all_motifs (1291),Phoenix and Lotus.jpg,KUB Srikandi,2022,raw (crop),28 x 28,sRGB IEC61966-2.1,VJB
3980,NyukPitu_00740.jpg,Batik_Lasem/motifs (isen-isen)/Nyuk Pitu/all_motifs (1291)/NyukPitu_00740.jpg,Nyuk Pitu,Nyuk Pitu,all_motifs (1291),Phoenix and Lotus.jpg,KUB Srikandi,2022,raw (crop),28 x 28,sRGB IEC61966-2.1,VJB
3984,NyukPitu_00744.jpg,Batik_Lasem/motifs (isen-isen)/Nyuk Pitu/all_motifs (1291)/NyukPitu_00744.jpg,Nyuk Pitu,Nyuk Pitu,all_motifs (1291),Phoenix and Lotus.jpg,KUB Srikandi,2022,raw (crop),28 x 28,sRGB IEC61966-2.1,VJB
3988,NyukPitu_00748.jpg,Batik_Lasem/motifs (isen-isen)/Nyuk Pitu/all_motifs (1291)/NyukPitu_00748.jpg,Nyuk Pitu,Nyuk Pitu,all_motifs (1291),Phoenix and Lotus.jpg,KUB Srikandi,2022,raw (crop),28 x 28,sRGB IEC61966-2.1,VJB
3989,NyukPitu_00749.jpg,Batik_Lasem/motifs (isen-isen)/Nyuk Pitu/all_motifs (1291)/NyukPitu_00749.jpg,Nyuk Pitu,Nyuk Pitu,all_motifs (1291),Phoenix and Lotus.jpg,KUB Srikandi,2022,raw (crop),28 x 28,sRGB IEC61966-2.1,VJB
3990,NyukPitu_00750.jpg,Batik_Lasem/motifs (isen-isen)/Nyuk Pitu/all_motifs (1291)/NyukPitu_00750.jpg,Nyuk Pitu,Nyuk Pitu,all_motifs (1291),Phoenix and Lotus.jpg,KUB Srikandi,2022,raw (crop),28 x 28,sRGB IEC61966-2.1,VJB
3991,NyukPitu_00751.jpg,Batik_Lasem/motifs (isen-isen)/Nyuk Pitu/all_motifs (1291)/NyukPitu_00751.jpg,Nyuk Pitu,Nyuk Pitu,all_motifs (1291),Phoenix and Lotus.jpg,KUB Srikandi,2022,raw (crop),28 x 28,sRGB IEC61966-2.1,VJB
3994,NyukPitu_00754.jpg,Batik_Lasem/motifs (isen-isen)/Nyuk Pitu/all_motifs (1291)/NyukPitu_00754.jpg,Nyuk Pitu,Nyuk Pitu,all_motifs (1291),Phoenix and Lotus.jpg,KUB Srikandi,2022,raw (crop),28 x 28,sRGB IEC61966-2.1,VJB
3995,NyukPitu_00755.jpg,Batik_Lasem/motifs (isen-isen)/Nyuk Pitu/all_motifs (1291)/NyukPitu_00755.jpg,Nyuk Pitu,Nyuk Pitu,all_motifs (1291),Phoenix and Lotus.jpg,KUB Srikandi,2022,raw (crop),28 x 28,sRGB IEC61966-2.1,VJB
3997,NyukPitu_00757.jpg,Batik_Lasem/motifs (isen-isen)/Nyuk Pitu/all_motifs (1291)/NyukPitu_00757.jpg,Nyuk Pitu,Nyuk Pitu,all_motifs (1291),Latohan Dragon.jpg,Sekar Kencana,2022,raw (crop),142 x 142,sRGB IEC61966-2.1,VJB
4000,NyukPitu_00760.jpg,Batik_Lasem/motifs (isen-isen)/Nyuk Pitu/all_motifs (1291)/NyukPitu_00760.jpg,Nyuk Pitu,Nyuk Pitu,all_motifs (1291),Phoenix and Lotus.jpg,KUB Srikandi,2022,raw (crop),28 x 28,sRGB IEC61966-2.1,VJB
4002,NyukPitu_00762.jpg,Batik_Lasem/motifs (isen-isen)/Nyuk Pitu/all_motifs (1291)/NyukPitu_00762.jpg,Nyuk Pitu,Nyuk Pitu,all_motifs (1291),Phoenix and Lotus.jpg,KUB Srikandi,2022,raw (crop),28 x 28,sRGB IEC61966-2.1,VJB
4004,NyukPitu_00764.jpg,Batik_Lasem/motifs (isen-isen)/Nyuk Pitu/all_motifs (1291)/NyukPitu_00764.jpg,Nyuk Pitu,Nyuk Pitu,all_motifs (1291),Phoenix and Lotus.jpg,KUB Srikandi,2022,raw (crop),28 x 28,sRGB IEC61966-2.1,VJB
4006,NyukPitu_00766.jpg,Batik_Lasem/motifs (isen-isen)/Nyuk Pitu/all_motifs (1291)/NyukPitu_00766.jpg,Nyuk Pitu,Nyuk Pitu,all_motifs (1291),Phoenix and Lotus.jpg,KUB Srikandi,2022,raw (crop),28 x 28,sRGB IEC61966-2.1,VJB
4007,NyukPitu_00767.jpg,Batik_Lasem/motifs (isen-isen)/Nyuk Pitu/all_motifs (1291)/NyukPitu_00767.jpg,Nyuk Pitu,Nyuk Pitu,all_motifs (1291),Phoenix and Lotus.jpg,KUB Srikandi,2022,raw (crop),28 x 28,sRGB IEC61966-2.1,VJB
4011,NyukPitu_00771.jpg,Batik_Lasem/motifs (isen-isen)/Nyuk Pitu/all_motifs (1291)/NyukPitu_00771.jpg,Nyuk Pitu,Nyuk Pitu,all_motifs (1291),Phoenix and Lotus.jpg,KUB Srikandi,2022,raw (crop),28 x 28,sRGB IEC61966-2.1,VJB
4012,NyukPitu_00772.jpg,Batik_Lasem/motifs (isen-isen)/Nyuk Pitu/all_motifs (1291)/NyukPitu_00772.jpg,Nyuk Pitu,Nyuk Pitu,all_motifs (1291),Phoenix and Lotus.jpg,KUB Srikandi,2022,raw (crop),28 x 28,sRGB IEC61966-2.1,VJB
4013,NyukPitu_00773.jpg,Batik_Lasem/motifs (isen-isen)/Nyuk Pitu/all_motifs (1291)/NyukPitu_00773.jpg,Nyuk Pitu,Nyuk Pitu,all_motifs (1291),Phoenix and Lotus.jpg,KUB Srikandi,2022,raw (crop),28 x 28,sRGB IEC61966-2.1,VJB
4014,NyukPitu_00774.jpg,Batik_Lasem/motifs (isen-isen)/Nyuk Pitu/all_motifs (1291)/NyukPitu_00774.jpg,Nyuk Pitu,Nyuk Pitu,all_motifs (1291),Phoenix and Lotus.jpg,KUB Srikandi,2022,raw (crop),28 x 28,sRGB IEC61966-2.1,VJB
4015,NyukPitu_00775.jpg,Batik_Lasem/motifs (isen-isen)/Nyuk Pitu/all_motifs (1291)/NyukPitu_00775.jpg,Nyuk Pitu,Nyuk Pitu,all_motifs (1291),Phoenix and Lotus.jpg,KUB Srikandi,2022,raw (crop),28 x 28,sRGB IEC61966-2.1,VJB
4017,NyukPitu_00777.jpg,Batik_Lasem/motifs (isen-isen)/Nyuk Pitu/all_motifs (1291)/NyukPitu_00777.jpg,Nyuk Pitu,Nyuk Pitu,all_motifs (1291),Phoenix and Lotus.jpg,KUB Srikandi,2022,raw (crop),28 x 28,sRGB IEC61966-2.1,VJB
4018,NyukPitu_00778.jpg,Batik_Lasem/motifs (isen-isen)/Nyuk Pitu/all_motifs (1291)/NyukPitu_00778.jpg,Nyuk Pitu,Nyuk Pitu,all_motifs (1291),Phoenix and Lotus.jpg,KUB Srikandi,2022,raw (crop),28 x 28,sRGB IEC61966-2.1,VJB
4019,NyukPitu_00779.jpg,Batik_Lasem/motifs (isen-isen)/Nyuk Pitu/all_motifs (1291)/NyukPitu_00779.jpg,Nyuk Pitu,Nyuk Pitu,all_motifs (1291),Latohan Dragon.jpg,Sekar Kencana,2022,raw (crop),142 x 142,sRGB IEC61966-2.1,VJB
4021,NyukPitu_00781.jpg,Batik_Lasem/motifs (isen-isen)/Nyuk Pitu/all_motifs (1291)/NyukPitu_00781.jpg,Nyuk Pitu,Nyuk Pitu,all_motifs (1291),Phoenix and Lotus.jpg,KUB Srikandi,2022,raw (crop),28 x 28,sRGB IEC61966-2.1,VJB
4022,NyukPitu_00782.jpg,Batik_Lasem/motifs (isen-isen)/Nyuk Pitu/all_motifs (1291)/NyukPitu_00782.jpg,Nyuk Pitu,Nyuk Pitu,all_motifs (1291),Phoenix and Lotus.jpg,KUB Srikandi,2022,raw (crop),28 x 28,sRGB IEC61966-2.1,VJB
4024,NyukPitu_00784.jpg,Batik_Lasem/motifs (isen-isen)/Nyuk Pitu/all_motifs (1291)/NyukPitu_00784.jpg,Nyuk Pitu,Nyuk Pitu,all_motifs (1291),Phoenix and Lotus.jpg,KUB Srikandi,2022,raw (crop),28 x 28,sRGB IEC61966-2.1,VJB
4025,NyukPitu_00785.jpg,Batik_Lasem/motifs (isen-isen)/Nyuk Pitu/all_motifs (1291)/NyukPitu_00785.jpg,Nyuk Pitu,Nyuk Pitu,all_motifs (1291),Phoenix and Lotus.jpg,KUB Srikandi,2022,raw (crop),28 x 28,sRGB IEC61966-2.1,VJB
4028,NyukPitu_00788.jpg,Batik_Lasem/motifs (isen-isen)/Nyuk Pitu/all_motifs (1291)/NyukPitu_00788.jpg,Nyuk Pitu,Nyuk Pitu,all_motifs (1291),Phoenix and Lotus.jpg,KUB Srikandi,2022,raw (crop),28 x 28,sRGB IEC61966-2.1,VJB
4030,NyukPitu_00790.jpg,Batik_Lasem/motifs (isen-isen)/Nyuk Pitu/all_motifs (1291)/NyukPitu_00790.jpg,Nyuk Pitu,Nyuk Pitu,all_motifs (1291),Latohan Dragon.jpg,Sekar Kencana,2022,raw (crop),142 x 142,sRGB IEC61966-2.1,VJB
4032,NyukPitu_00792.jpg,Batik_Lasem/motifs (isen-isen)/Nyuk Pitu/all_motifs (1291)/NyukPitu_00792.jpg,Nyuk Pitu,Nyuk Pitu,all_motifs (1291),Phoenix and Lotus.jpg,KUB Srikandi,2022,raw (crop),28 x 28,sRGB IEC61966-2.1,VJB
4036,NyukPitu_00796.jpg,Batik_Lasem/motifs (isen-isen)/Nyuk Pitu/all_motifs (1291)/NyukPitu_00796.jpg,Nyuk Pitu,Nyuk Pitu,all_motifs (1291),Phoenix and Lotus.jpg,KUB Srikandi,2022,raw (crop),28 x 28,sRGB IEC61966-2.1,VJB
4037,NyukPitu_00797.jpg,Batik_Lasem/motifs (isen-isen)/Nyuk Pitu/all_motifs (1291)/NyukPitu_00797.jpg,Nyuk Pitu,Nyuk Pitu,all_motifs (1291),Phoenix and Lotus.jpg,KUB Srikandi,2022,raw (crop),28 x 28,sRGB IEC61966-2.1,VJB
4039,NyukPitu_00799.jpg,Batik_Lasem/motifs (isen-isen)/Nyuk Pitu/all_motifs (1291)/NyukPitu_00799.jpg,Nyuk Pitu,Nyuk Pitu,all_motifs (1291),Phoenix and Lotus.jpg,KUB Srikandi,2022,raw (crop),28 x 28,sRGB IEC61966-2.1,VJB
4040,NyukPitu_00800.jpg,Batik_Lasem/motifs (isen-isen)/Nyuk Pitu/all_motifs (1291)/NyukPitu_00800.jpg,Nyuk Pitu,Nyuk Pitu,all_motifs (1291),Phoenix and Lotus.jpg,KUB Srikandi,2022,raw (crop),28 x 28,sRGB IEC61966-2.1,VJB
4041,NyukPitu_00801.jpg,Batik_Lasem/motifs (isen-isen)/Nyuk Pitu/all_motifs (1291)/NyukPitu_00801.jpg,Nyuk Pitu,Nyuk Pitu,all_motifs (1291),Latohan Dragon.jpg,Sekar Kencana,2022,raw (crop),142 x 142,sRGB IEC61966-2.1,VJB
4042,NyukPitu_00802.jpg,Batik_Lasem/motifs (isen-isen)/Nyuk Pitu/all_motifs (1291)/NyukPitu_00802.jpg,Nyuk Pitu,Nyuk Pitu,all_motifs (1291),Phoenix and Lotus.jpg,KUB Srikandi,2022,raw (crop),28 x 28,sRGB IEC61966-2.1,VJB
4043,NyukPitu_00803.jpg,Batik_Lasem/motifs (isen-isen)/Nyuk Pitu/all_motifs (1291)/NyukPitu_00803.jpg,Nyuk Pitu,Nyuk Pitu,all_motifs (1291),Phoenix and Lotus.jpg,KUB Srikandi,2022,raw (crop),28 x 28,sRGB IEC61966-2.1,VJB
4045,NyukPitu_00805.jpg,Batik_Lasem/motifs (isen-isen)/Nyuk Pitu/all_motifs (1291)/NyukPitu_00805.jpg,Nyuk Pitu,Nyuk Pitu,all_motifs (1291),Phoenix and Lotus.jpg,KUB Srikandi,2022,raw (crop),28 x 28,sRGB IEC61966-2.1,VJB
4048,NyukPitu_00808.jpg,Batik_Lasem/motifs (isen-isen)/Nyuk Pitu/all_motifs (1291)/NyukPitu_00808.jpg,Nyuk Pitu,Nyuk Pitu,all_motifs (1291),Phoenix and Lotus.jpg,KUB Srikandi,2022,raw (crop),28 x 28,sRGB IEC61966-2.1,VJB
4049,NyukPitu_00809.jpg,Batik_Lasem/motifs (isen-isen)/Nyuk Pitu/all_motifs (1291)/NyukPitu_00809.jpg,Nyuk Pitu,Nyuk Pitu,all_motifs (1291),Phoenix and Lotus.jpg,KUB Srikandi,2022,raw (crop),28 x 28,sRGB IEC61966-2.1,VJB
4058,NyukPitu_00818.jpg,Batik_Lasem/motifs (isen-isen)/Nyuk Pitu/all_motifs (1291)/NyukPitu_00818.jpg,Nyuk Pitu,Nyuk Pitu,all_motifs (1291),Phoenix and Lotus.jpg,KUB Srikandi,2022,raw (crop),28 x 28,sRGB IEC61966-2.1,VJB
4060,NyukPitu_00820.jpg,Batik_Lasem/motifs (isen-isen)/Nyuk Pitu/all_motifs (1291)/NyukPitu_00820.jpg,Nyuk Pitu,Nyuk Pitu,all_motifs (1291),Phoenix and Lotus.jpg,KUB Srikandi,2022,raw (crop),28 x 28,sRGB IEC61966-2.1,VJB
4063,NyukPitu_00823.jpg,Batik_Lasem/motifs (isen-isen)/Nyuk Pitu/all_motifs (1291)/NyukPitu_00823.jpg,Nyuk Pitu,Nyuk Pitu,all_motifs (1291),Latohan Dragon.jpg,Sekar Kencana,2022,raw (crop),142 x 142,sRGB IEC61966-2.1,VJB
4065,NyukPitu_00825.jpg,Batik_Lasem/motifs (isen-isen)/Nyuk Pitu/all_motifs (1291)/NyukPitu_00825.jpg,Nyuk Pitu,Nyuk Pitu,all_motifs (1291),Phoenix and Lotus.jpg,KUB Srikandi,2022,raw (crop),28 x 28,sRGB IEC61966-2.1,VJB
4066,NyukPitu_00826.jpg,Batik_Lasem/motifs (isen-isen)/Nyuk Pitu/all_motifs (1291)/NyukPitu_00826.jpg,Nyuk Pitu,Nyuk Pitu,all_motifs (1291),Phoenix and Lotus.jpg,KUB Srikandi,2022,raw (crop),28 x 28,sRGB IEC61966-2.1,VJB
4067,NyukPitu_00827.jpg,Batik_Lasem/motifs (isen-isen)/Nyuk Pitu/all_motifs (1291)/NyukPitu_00827.jpg,Nyuk Pitu,Nyuk Pitu,all_motifs (1291),Phoenix and Lotus.jpg,KUB Srikandi,2022,raw (crop),28 x 28,sRGB IEC61966-2.1,VJB
4068,NyukPitu_00828.jpg,Batik_Lasem/motifs (isen-isen)/Nyuk Pitu/all_motifs (1291)/NyukPitu_00828.jpg,Nyuk Pitu,Nyuk Pitu,all_motifs (1291),Phoenix and Lotus.jpg,KUB Srikandi,2022,raw (crop),28 x 28,sRGB IEC61966-2.1,VJB
4074,NyukPitu_00834.jpg,Batik_Lasem/motifs (isen-isen)/Nyuk Pitu/all_motifs (1291)/NyukPitu_00834.jpg,Nyuk Pitu,Nyuk Pitu,all_motifs (1291),Latohan Dragon.jpg,Sekar Kencana,2022,raw (crop),142 x 142,sRGB IEC61966-2.1,VJB
4077,NyukPitu_00837.jpg,Batik_Lasem/motifs (isen-isen)/Nyuk Pitu/all_motifs (1291)/NyukPitu_00837.jpg,Nyuk Pitu,Nyuk Pitu,all_motifs (1291),Phoenix and Lotus.jpg,KUB Srikandi,2022,raw (crop),28 x 28,sRGB IEC61966-2.1,VJB
4079,NyukPitu_00839.jpg,Batik_Lasem/motifs (isen-isen)/Nyuk Pitu/all_motifs (1291)/NyukPitu_00839.jpg,Nyuk Pitu,Nyuk Pitu,all_motifs (1291),Phoenix and Lotus.jpg,KUB Srikandi,2022,raw (crop),28 x 28,sRGB IEC61966-2.1,VJB
4081,NyukPitu_00841.jpg,Batik_Lasem/motifs (isen-isen)/Nyuk Pitu/all_motifs (1291)/NyukPitu_00841.jpg,Nyuk Pitu,Nyuk Pitu,all_motifs (1291),Phoenix and Lotus.jpg,KUB Srikandi,2022,raw (crop),28 x 28,sRGB IEC61966-2.1,VJB
4082,NyukPitu_00842.jpg,Batik_Lasem/motifs (isen-isen)/Nyuk Pitu/all_motifs (1291)/NyukPitu_00842.jpg,Nyuk Pitu,Nyuk Pitu,all_motifs (1291),Phoenix and Lotus.jpg,KUB Srikandi,2022,raw (crop),28 x 28,sRGB IEC61966-2.1,VJB
4083,NyukPitu_00843.jpg,Batik_Lasem/motifs (isen-isen)/Nyuk Pitu/all_motifs (1291)/NyukPitu_00843.jpg,Nyuk Pitu,Nyuk Pitu,all_motifs (1291),Phoenix and Lotus.jpg,KUB Srikandi,2022,raw (crop),28 x 28,sRGB IEC61966-2.1,VJB
4084,NyukPitu_00844.jpg,Batik_Lasem/motifs (isen-isen)/Nyuk Pitu/all_motifs (1291)/NyukPitu_00844.jpg,Nyuk Pitu,Nyuk Pitu,all_motifs (1291),Phoenix and Lotus.jpg,KUB Srikandi,2022,raw (crop),28 x 28,sRGB IEC61966-2.1,VJB
4085,NyukPitu_00845.jpg,Batik_Lasem/motifs (isen-isen)/Nyuk Pitu/all_motifs (1291)/NyukPitu_00845.jpg,Nyuk Pitu,Nyuk Pitu,all_motifs (1291),Latohan Dragon.jpg,Sekar Kencana,2022,raw (crop),142 x 142,sRGB IEC61966-2.1,VJB
4086,NyukPitu_00846.jpg,Batik_Lasem/motifs (isen-isen)/Nyuk Pitu/all_motifs (1291)/NyukPitu_00846.jpg,Nyuk Pitu,Nyuk Pitu,all_motifs (1291),Phoenix and Lotus.jpg,KUB Srikandi,2022,raw (crop),28 x 28,sRGB IEC61966-2.1,VJB
4089,NyukPitu_00849.jpg,Batik_Lasem/motifs (isen-isen)/Nyuk Pitu/all_motifs (1291)/NyukPitu_00849.jpg,Nyuk Pitu,Nyuk Pitu,all_motifs (1291),Phoenix and Lotus.jpg,KUB Srikandi,2022,raw (crop),28 x 28,sRGB IEC61966-2.1,VJB
4093,NyukPitu_00853.jpg,Batik_Lasem/motifs (isen-isen)/Nyuk Pitu/all_motifs (1291)/NyukPitu_00853.jpg,Nyuk Pitu,Nyuk Pitu,all_motifs (1291),Phoenix and Lotus.jpg,KUB Srikandi,2022,raw (crop),28 x 28,sRGB IEC61966-2.1,VJB
4094,NyukPitu_00854.jpg,Batik_Lasem/motifs (isen-isen)/Nyuk Pitu/all_motifs (1291)/NyukPitu_00854.jpg,Nyuk Pitu,Nyuk Pitu,all_motifs (1291),Phoenix and Lotus.jpg,KUB Srikandi,2022,raw (crop),28 x 28,sRGB IEC61966-2.1,VJB
4095,NyukPitu_00855.jpg,Batik_Lasem/motifs (isen-isen)/Nyuk Pitu/all_motifs (1291)/NyukPitu_00855.jpg,Nyuk Pitu,Nyuk Pitu,all_motifs (1291),Phoenix and Lotus.jpg,KUB Srikandi,2022,raw (crop),28 x 28,sRGB IEC61966-2.1,VJB
4096,NyukPitu_00856.jpg,Batik_Lasem/motifs (isen-isen)/Nyuk Pitu/all_motifs (1291)/NyukPitu_00856.jpg,Nyuk Pitu,Nyuk Pitu,all_motifs (1291),Latohan Dragon.jpg,Sekar Kencana,2022,raw (crop),142 x 142,sRGB IEC61966-2.1,VJB
4097,NyukPitu_00857.jpg,Batik_Lasem/motifs (isen-isen)/Nyuk Pitu/all_motifs (1291)/NyukPitu_00857.jpg,Nyuk Pitu,Nyuk Pitu,all_motifs (1291),Phoenix and Lotus.jpg,KUB Srikandi,2022,raw (crop),28 x 28,sRGB IEC61966-2.1,VJB
4099,NyukPitu_00859.jpg,Batik_Lasem/motifs (isen-isen)/Nyuk Pitu/all_motifs (1291)/NyukPitu_00859.jpg,Nyuk Pitu,Nyuk Pitu,all_motifs (1291),Phoenix and Lotus.jpg,KUB Srikandi,2022,raw (crop),28 x 28,sRGB IEC61966-2.1,VJB
4100,NyukPitu_00860.jpg,Batik_Lasem/motifs (isen-isen)/Nyuk Pitu/all_motifs (1291)/NyukPitu_00860.jpg,Nyuk Pitu,Nyuk Pitu,all_motifs (1291),Phoenix and Lotus.jpg,KUB Srikandi,2022,raw (crop),28 x 28,sRGB IEC61966-2.1,VJB
4103,NyukPitu_00863.jpg,Batik_Lasem/motifs (isen-isen)/Nyuk Pitu/all_motifs (1291)/NyukPitu_00863.jpg,Nyuk Pitu,Nyuk Pitu,all_motifs (1291),Phoenix and Lotus.jpg,KUB Srikandi,2022,raw (crop),28 x 28,sRGB IEC61966-2.1,VJB
4108,NyukPitu_00868.jpg,Batik_Lasem/motifs (isen-isen)/Nyuk Pitu/all_motifs (1291)/NyukPitu_00868.jpg,Nyuk Pitu,Nyuk Pitu,all_motifs (1291),Latohan Dragon.jpg,Sekar Kencana,2022,raw (crop),142 x 142,sRGB IEC61966-2.1,VJB
4111,NyukPitu_00871.jpg,Batik_Lasem/motifs (isen-isen)/Nyuk Pitu/all_motifs (1291)/NyukPitu_00871.jpg,Nyuk Pitu,Nyuk Pitu,all_motifs (1291),Phoenix and Lotus.jpg,KUB Srikandi,2022,raw (crop),28 x 28,sRGB IEC61966-2.1,VJB
4115,NyukPitu_00875.jpg,Batik_Lasem/motifs (isen-isen)/Nyuk Pitu/all_motifs (1291)/NyukPitu_00875.jpg,Nyuk Pitu,Nyuk Pitu,all_motifs (1291),Phoenix and Lotus.jpg,KUB Srikandi,2022,raw (crop),28 x 28,sRGB IEC61966-2.1,VJB
4117,NyukPitu_00877.jpg,Batik_Lasem/motifs (isen-isen)/Nyuk Pitu/all_motifs (1291)/NyukPitu_00877.jpg,Nyuk Pitu,Nyuk Pitu,all_motifs (1291),Phoenix and Lotus.jpg,KUB Srikandi,2022,raw (crop),28 x 28,sRGB IEC61966-2.1,VJB
4120,NyukPitu_00880.jpg,Batik_Lasem/motifs (isen-isen)/Nyuk Pitu/all_motifs (1291)/NyukPitu_00880.jpg,Nyuk Pitu,Nyuk Pitu,all_motifs (1291),Phoenix and Lotus.jpg,KUB Srikandi,2022,raw (crop),28 x 28,sRGB IEC61966-2.1,VJB
4121,NyukPitu_00881.jpg,Batik_Lasem/motifs (isen-isen)/Nyuk Pitu/all_motifs (1291)/NyukPitu_00881.jpg,Nyuk Pitu,Nyuk Pitu,all_motifs (1291),Phoenix and Lotus.jpg,KUB Srikandi,2022,raw (crop),28 x 28,sRGB IEC61966-2.1,VJB
4126,NyukPitu_00886.jpg,Batik_Lasem/motifs (isen-isen)/Nyuk Pitu/all_motifs (1291)/NyukPitu_00886.jpg,Nyuk Pitu,Nyuk Pitu,all_motifs (1291),Phoenix and Lotus.jpg,KUB Srikandi,2022,raw (crop),28 x 28,sRGB IEC61966-2.1,VJB
4127,NyukPitu_00887.jpg,Batik_Lasem/motifs (isen-isen)/Nyuk Pitu/all_motifs (1291)/NyukPitu_00887.jpg,Nyuk Pitu,Nyuk Pitu,all_motifs (1291),Phoenix and Lotus.jpg,KUB Srikandi,2022,raw (crop),28 x 28,sRGB IEC61966-2.1,VJB
4129,NyukPitu_00889.jpg,Batik_Lasem/motifs (isen-isen)/Nyuk Pitu/all_motifs (1291)/NyukPitu_00889.jpg,Nyuk Pitu,Nyuk Pitu,all_motifs (1291),Latohan Dragon.jpg,Sekar Kencana,2022,raw (crop),142 x 142,sRGB IEC61966-2.1,VJB
4132,NyukPitu_00892.jpg,Batik_Lasem/motifs (isen-isen)/Nyuk Pitu/all_motifs (1291)/NyukPitu_00892.jpg,Nyuk Pitu,Nyuk Pitu,all_motifs (1291),Phoenix and Lotus.jpg,KUB Srikandi,2022,raw (crop),28 x 28,sRGB IEC61966-2.1,VJB
4133,NyukPitu_00893.jpg,Batik_Lasem/motifs (isen-isen)/Nyuk Pitu/all_motifs (1291)/NyukPitu_00893.jpg,Nyuk Pitu,Nyuk Pitu,all_motifs (1291),Phoenix and Lotus.jpg,KUB Srikandi,2022,raw (crop),28 x 28,sRGB IEC61966-2.1,VJB
4136,NyukPitu_00896.jpg,Batik_Lasem/motifs (isen-isen)/Nyuk Pitu/all_motifs (1291)/NyukPitu_00896.jpg,Nyuk Pitu,Nyuk Pitu,all_motifs (1291),Phoenix and Lotus.jpg,KUB Srikandi,2022,raw (crop),28 x 28,sRGB IEC61966-2.1,VJB
4137,NyukPitu_00897.jpg,Batik_Lasem/motifs (isen-isen)/Nyuk Pitu/all_motifs (1291)/NyukPitu_00897.jpg,Nyuk Pitu,Nyuk Pitu,all_motifs (1291),Phoenix and Lotus.jpg,KUB Srikandi,2022,raw (crop),28 x 28,sRGB IEC61966-2.1,VJB
4138,NyukPitu_00898.jpg,Batik_Lasem/motifs (isen-isen)/Nyuk Pitu/all_motifs (1291)/NyukPitu_00898.jpg,Nyuk Pitu,Nyuk Pitu,all_motifs (1291),Phoenix and Lotus.jpg,KUB Srikandi,2022,raw (crop),28 x 28,sRGB IEC61966-2.1,VJB
4140,NyukPitu_00900.jpg,Batik_Lasem/motifs (isen-isen)/Nyuk Pitu/all_motifs (1291)/NyukPitu_00900.jpg,Nyuk Pitu,Nyuk Pitu,all_motifs (1291),Latohan Dragon.jpg,Sekar Kencana,2022,raw (crop),142 x 142,sRGB IEC61966-2.1,VJB
4142,NyukPitu_00902.jpg,Batik_Lasem/motifs (isen-isen)/Nyuk Pitu/all_motifs (1291)/NyukPitu_00902.jpg,Nyuk Pitu,Nyuk Pitu,all_motifs (1291),Phoenix and Lotus.jpg,KUB Srikandi,2022,raw (crop),28 x 28,sRGB IEC61966-2.1,VJB
4144,NyukPitu_00904.jpg,Batik_Lasem/motifs (isen-isen)/Nyuk Pitu/all_motifs (1291)/NyukPitu_00904.jpg,Nyuk Pitu,Nyuk Pitu,all_motifs (1291),Phoenix and Lotus.jpg,KUB Srikandi,2022,raw (crop),28 x 28,sRGB IEC61966-2.1,VJB
4145,NyukPitu_00905.jpg,Batik_Lasem/motifs (isen-isen)/Nyuk Pitu/all_motifs (1291)/NyukPitu_00905.jpg,Nyuk Pitu,Nyuk Pitu,all_motifs (1291),Phoenix and Lotus.jpg,KUB Srikandi,2022,raw (crop),28 x 28,sRGB IEC61966-2.1,VJB
4146,NyukPitu_00906.jpg,Batik_Lasem/motifs (isen-isen)/Nyuk Pitu/all_motifs (1291)/NyukPitu_00906.jpg,Nyuk Pitu,Nyuk Pitu,all_motifs (1291),Phoenix and Lotus.jpg,KUB Srikandi,2022,raw (crop),28 x 28,sRGB IEC61966-2.1,VJB
4148,NyukPitu_00908.jpg,Batik_Lasem/motifs (isen-isen)/Nyuk Pitu/all_motifs (1291)/NyukPitu_00908.jpg,Nyuk Pitu,Nyuk Pitu,all_motifs (1291),Phoenix and Lotus.jpg,KUB Srikandi,2022,raw (crop),28 x 28,sRGB IEC61966-2.1,VJB
4149,NyukPitu_00909.jpg,Batik_Lasem/motifs (isen-isen)/Nyuk Pitu/all_motifs (1291)/NyukPitu_00909.jpg,Nyuk Pitu,Nyuk Pitu,all_motifs (1291),Phoenix and Lotus.jpg,KUB Srikandi,2022,raw (crop),28 x 28,sRGB IEC61966-2.1,VJB
4150,NyukPitu_00910.jpg,Batik_Lasem/motifs (isen-isen)/Nyuk Pitu/all_motifs (1291)/NyukPitu_00910.jpg,Nyuk Pitu,Nyuk Pitu,all_motifs (1291),Phoenix and Lotus.jpg,KUB Srikandi,2022,raw (crop),28 x 28,sRGB IEC61966-2.1,VJB
4155,NyukPitu_00915.jpg,Batik_Lasem/motifs (isen-isen)/Nyuk Pitu/all_motifs (1291)/NyukPitu_00915.jpg,Nyuk Pitu,Nyuk Pitu,all_motifs (1291),Phoenix and Lotus.jpg,KUB Srikandi,2022,raw (crop),28 x 28,sRGB IEC61966-2.1,VJB
4156,NyukPitu_00916.jpg,Batik_Lasem/motifs (isen-isen)/Nyuk Pitu/all_motifs (1291)/NyukPitu_00916.jpg,Nyuk Pitu,Nyuk Pitu,all_motifs (1291),Phoenix and Lotus.jpg,KUB Srikandi,2022,raw (crop),28 x 28,sRGB IEC61966-2.1,VJB
4157,NyukPitu_00917.jpg,Batik_Lasem/motifs (isen-isen)/Nyuk Pitu/all_motifs (1291)/NyukPitu_00917.jpg,Nyuk Pitu,Nyuk Pitu,all_motifs (1291),Phoenix and Lotus.jpg,KUB Srikandi,2022,raw (crop),28 x 28,sRGB IEC61966-2.1,VJB
4158,NyukPitu_00918.jpg,Batik_Lasem/motifs (isen-isen)/Nyuk Pitu/all_motifs (1291)/NyukPitu_00918.jpg,Nyuk Pitu,Nyuk Pitu,all_motifs (1291),Phoenix and Lotus.jpg,KUB Srikandi,2022,raw (crop),28 x 28,sRGB IEC61966-2.1,VJB
4160,NyukPitu_00920.jpg,Batik_Lasem/motifs (isen-isen)/Nyuk Pitu/all_motifs (1291)/NyukPitu_00920.jpg,Nyuk Pitu,Nyuk Pitu,all_motifs (1291),Phoenix and Lotus.jpg,KUB Srikandi,2022,raw (crop),28 x 28,sRGB IEC61966-2.1,VJB
4161,NyukPitu_00921.jpg,Batik_Lasem/motifs (isen-isen)/Nyuk Pitu/all_motifs (1291)/NyukPitu_00921.jpg,Nyuk Pitu,Nyuk Pitu,all_motifs (1291),Phoenix and Lotus.jpg,KUB Srikandi,2022,raw (crop),28 x 28,sRGB IEC61966-2.1,VJB
4162,NyukPitu_00922.jpg,Batik_Lasem/motifs (isen-isen)/Nyuk Pitu/all_motifs (1291)/NyukPitu_00922.jpg,Nyuk Pitu,Nyuk Pitu,all_motifs (1291),Latohan Dragon.jpg,Sekar Kencana,2022,raw (crop),142 x 142,sRGB IEC61966-2.1,VJB
4163,NyukPitu_00923.jpg,Batik_Lasem/motifs (isen-isen)/Nyuk Pitu/all_motifs (1291)/NyukPitu_00923.jpg,Nyuk Pitu,Nyuk Pitu,all_motifs (1291),Phoenix and Lotus.jpg,KUB Srikandi,2022,raw (crop),28 x 28,sRGB IEC61966-2.1,VJB
4164,NyukPitu_00924.jpg,Batik_Lasem/motifs (isen-isen)/Nyuk Pitu/all_motifs (1291)/NyukPitu_00924.jpg,Nyuk Pitu,Nyuk Pitu,all_motifs (1291),Phoenix and Lotus.jpg,KUB Srikandi,2022,raw (crop),28 x 28,sRGB IEC61966-2.1,VJB
4167,NyukPitu_00927.jpg,Batik_Lasem/motifs (isen-isen)/Nyuk Pitu/all_motifs (1291)/NyukPitu_00927.jpg,Nyuk Pitu,Nyuk Pitu,all_motifs (1291),Phoenix and Lotus.jpg,KUB Srikandi,2022,raw (crop),28 x 28,sRGB IEC61966-2.1,VJB
4168,NyukPitu_00928.jpg,Batik_Lasem/motifs (isen-isen)/Nyuk Pitu/all_motifs (1291)/NyukPitu_00928.jpg,Nyuk Pitu,Nyuk Pitu,all_motifs (1291),Phoenix and Lotus.jpg,KUB Srikandi,2022,raw (crop),28 x 28,sRGB IEC61966-2.1,VJB
4172,NyukPitu_00932.jpg,Batik_Lasem/motifs (isen-isen)/Nyuk Pitu/all_motifs (1291)/NyukPitu_00932.jpg,Nyuk Pitu,Nyuk Pitu,all_motifs (1291),Phoenix and Lotus.jpg,KUB Srikandi,2022,raw (crop),28 x 28,sRGB IEC61966-2.1,VJB
4173,NyukPitu_00933.jpg,Batik_Lasem/motifs (isen-isen)/Nyuk Pitu/all_motifs (1291)/NyukPitu_00933.jpg,Nyuk Pitu,Nyuk Pitu,all_motifs (1291),Latohan Dragon.jpg,Sekar Kencana,2022,raw (crop),142 x 142,sRGB IEC61966-2.1,VJB
4174,NyukPitu_00934.jpg,Batik_Lasem/motifs (isen-isen)/Nyuk Pitu/all_motifs (1291)/NyukPitu_00934.jpg,Nyuk Pitu,Nyuk Pitu,all_motifs (1291),Phoenix and Lotus.jpg,KUB Srikandi,2022,raw (crop),28 x 28,sRGB IEC61966-2.1,VJB
4175,NyukPitu_00935.jpg,Batik_Lasem/motifs (isen-isen)/Nyuk Pitu/all_motifs (1291)/NyukPitu_00935.jpg,Nyuk Pitu,Nyuk Pitu,all_motifs (1291),Phoenix and Lotus.jpg,KUB Srikandi,2022,raw (crop),28 x 28,sRGB IEC61966-2.1,VJB
4180,NyukPitu_00940.jpg,Batik_Lasem/motifs (isen-isen)/Nyuk Pitu/all_motifs (1291)/NyukPitu_00940.jpg,Nyuk Pitu,Nyuk Pitu,all_motifs (1291),Phoenix and Lotus.jpg,KUB Srikandi,2022,raw (crop),28 x 28,sRGB IEC61966-2.1,VJB
4182,NyukPitu_00942.jpg,Batik_Lasem/motifs (isen-isen)/Nyuk Pitu/all_motifs (1291)/NyukPitu_00942.jpg,Nyuk Pitu,Nyuk Pitu,all_motifs (1291),Phoenix and Lotus.jpg,KUB Srikandi,2022,raw (crop),28 x 28,sRGB IEC61966-2.1,VJB
4183,NyukPitu_00943.jpg,Batik_Lasem/motifs (isen-isen)/Nyuk Pitu/all_motifs (1291)/NyukPitu_00943.jpg,Nyuk Pitu,Nyuk Pitu,all_motifs (1291),Phoenix and Lotus.jpg,KUB Srikandi,2022,raw (crop),28 x 28,sRGB IEC61966-2.1,VJB
4184,NyukPitu_00944.jpg,Batik_Lasem/motifs (isen-isen)/Nyuk Pitu/all_motifs (1291)/NyukPitu_00944.jpg,Nyuk Pitu,Nyuk Pitu,all_motifs (1291),Latohan Dragon.jpg,Sekar Kencana,2022,raw (crop),142 x 142,sRGB IEC61966-2.1,VJB
4186,NyukPitu_00946.jpg,Batik_Lasem/motifs (isen-isen)/Nyuk Pitu/all_motifs (1291)/NyukPitu_00946.jpg,Nyuk Pitu,Nyuk Pitu,all_motifs (1291),Phoenix and Lotus.jpg,KUB Srikandi,2022,raw (crop),28 x 28,sRGB IEC61966-2.1,VJB
4188,NyukPitu_00948.jpg,Batik_Lasem/motifs (isen-isen)/Nyuk Pitu/all_motifs (1291)/NyukPitu_00948.jpg,Nyuk Pitu,Nyuk Pitu,all_motifs (1291),Phoenix and Lotus.jpg,KUB Srikandi,2022,raw (crop),28 x 28,sRGB IEC61966-2.1,VJB
4189,NyukPitu_00949.jpg,Batik_Lasem/motifs (isen-isen)/Nyuk Pitu/all_motifs (1291)/NyukPitu_00949.jpg,Nyuk Pitu,Nyuk Pitu,all_motifs (1291),Phoenix and Lotus.jpg,KUB Srikandi,2022,raw (crop),28 x 28,sRGB IEC61966-2.1,VJB
4190,NyukPitu_00950.jpg,Batik_Lasem/motifs (isen-isen)/Nyuk Pitu/all_motifs (1291)/NyukPitu_00950.jpg,Nyuk Pitu,Nyuk Pitu,all_motifs (1291),Phoenix and Lotus.jpg,KUB Srikandi,2022,raw (crop),28 x 28,sRGB IEC61966-2.1,VJB
4195,NyukPitu_00955.jpg,Batik_Lasem/motifs (isen-isen)/Nyuk Pitu/all_motifs (1291)/NyukPitu_00955.jpg,Nyuk Pitu,Nyuk Pitu,all_motifs (1291),Latohan Dragon.jpg,Sekar Kencana,2022,raw (crop),142 x 142,sRGB IEC61966-2.1,VJB
4199,NyukPitu_00959.jpg,Batik_Lasem/motifs (isen-isen)/Nyuk Pitu/all_motifs (1291)/NyukPitu_00959.jpg,Nyuk Pitu,Nyuk Pitu,all_motifs (1291),Phoenix and Lotus.jpg,KUB Srikandi,2022,raw (crop),28 x 28,sRGB IEC61966-2.1,VJB
4200,NyukPitu_00960.jpg,Batik_Lasem/motifs (isen-isen)/Nyuk Pitu/all_motifs (1291)/NyukPitu_00960.jpg,Nyuk Pitu,Nyuk Pitu,all_motifs (1291),Phoenix and Lotus.jpg,KUB Srikandi,2022,raw (crop),28 x 28,sRGB IEC61966-2.1,VJB
4201,NyukPitu_00961.jpg,Batik_Lasem/motifs (isen-isen)/Nyuk Pitu/all_motifs (1291)/NyukPitu_00961.jpg,Nyuk Pitu,Nyuk Pitu,all_motifs (1291),Phoenix and Lotus.jpg,KUB Srikandi,2022,raw (crop),28 x 28,sRGB IEC61966-2.1,VJB
4202,NyukPitu_00962.jpg,Batik_Lasem/motifs (isen-isen)/Nyuk Pitu/all_motifs (1291)/NyukPitu_00962.jpg,Nyuk Pitu,Nyuk Pitu,all_motifs (1291),Phoenix and Lotus.jpg,KUB Srikandi,2022,raw (crop),28 x 28,sRGB IEC61966-2.1,VJB
4203,NyukPitu_00963.jpg,Batik_Lasem/motifs (isen-isen)/Nyuk Pitu/all_motifs (1291)/NyukPitu_00963.jpg,Nyuk Pitu,Nyuk Pitu,all_motifs (1291),Phoenix and Lotus.jpg,KUB Srikandi,2022,raw (crop),28 x 28,sRGB IEC61966-2.1,VJB
4204,NyukPitu_00964.jpg,Batik_Lasem/motifs (isen-isen)/Nyuk Pitu/all_motifs (1291)/NyukPitu_00964.jpg,Nyuk Pitu,Nyuk Pitu,all_motifs (1291),Phoenix and Lotus.jpg,KUB Srikandi,2022,raw (crop),28 x 28,sRGB IEC61966-2.1,VJB
4206,NyukPitu_00966.jpg,Batik_Lasem/motifs (isen-isen)/Nyuk Pitu/all_motifs (1291)/NyukPitu_00966.jpg,Nyuk Pitu,Nyuk Pitu,all_motifs (1291),Phoenix and Lotus.jpg,KUB Srikandi,2022,raw (crop),28 x 28,sRGB IEC61966-2.1,VJB
4207,NyukPitu_00967.jpg,Batik_Lasem/motifs (isen-isen)/Nyuk Pitu/all_motifs (1291)/NyukPitu_00967.jpg,Nyuk Pitu,Nyuk Pitu,all_motifs (1291),Phoenix and Lotus.jpg,KUB Srikandi,2022,raw (crop),28 x 28,sRGB IEC61966-2.1,VJB
4209,NyukPitu_00969.jpg,Batik_Lasem/motifs (isen-isen)/Nyuk Pitu/all_motifs (1291)/NyukPitu_00969.jpg,Nyuk Pitu,Nyuk Pitu,all_motifs (1291),Phoenix and Lotus.jpg,KUB Srikandi,2022,raw (crop),28 x 28,sRGB IEC61966-2.1,VJB
4210,NyukPitu_00970.jpg,Batik_Lasem/motifs (isen-isen)/Nyuk Pitu/all_motifs (1291)/NyukPitu_00970.jpg,Nyuk Pitu,Nyuk Pitu,all_motifs (1291),Phoenix and Lotus.jpg,KUB Srikandi,2022,raw (crop),28 x 28,sRGB IEC61966-2.1,VJB
4213,NyukPitu_00973.jpg,Batik_Lasem/motifs (isen-isen)/Nyuk Pitu/all_motifs (1291)/NyukPitu_00973.jpg,Nyuk Pitu,Nyuk Pitu,all_motifs (1291),Phoenix and Lotus.jpg,KUB Srikandi,2022,raw (crop),28 x 28,sRGB IEC61966-2.1,VJB
4214,NyukPitu_00974.jpg,Batik_Lasem/motifs (isen-isen)/Nyuk Pitu/all_motifs (1291)/NyukPitu_00974.jpg,Nyuk Pitu,Nyuk Pitu,all_motifs (1291),Phoenix and Lotus.jpg,KUB Srikandi,2022,raw (crop),28 x 28,sRGB IEC61966-2.1,VJB
4215,NyukPitu_00975.jpg,Batik_Lasem/motifs (isen-isen)/Nyuk Pitu/all_motifs (1291)/NyukPitu_00975.jpg,Nyuk Pitu,Nyuk Pitu,all_motifs (1291),Phoenix and Lotus.jpg,KUB Srikandi,2022,raw (crop),28 x 28,sRGB IEC61966-2.1,VJB
4216,NyukPitu_00976.jpg,Batik_Lasem/motifs (isen-isen)/Nyuk Pitu/all_motifs (1291)/NyukPitu_00976.jpg,Nyuk Pitu,Nyuk Pitu,all_motifs (1291),Latohan Dragon.jpg,Sekar Kencana,2022,raw (crop),142 x 142,sRGB IEC61966-2.1,VJB
4217,NyukPitu_00977.jpg,Batik_Lasem/motifs (isen-isen)/Nyuk Pitu/all_motifs (1291)/NyukPitu_00977.jpg,Nyuk Pitu,Nyuk Pitu,all_motifs (1291),Latohan Dragon.jpg,Sekar Kencana,2022,raw (crop),142 x 142,sRGB IEC61966-2.1,VJB
4218,NyukPitu_00978.jpg,Batik_Lasem/motifs (isen-isen)/Nyuk Pitu/all_motifs (1291)/NyukPitu_00978.jpg,Nyuk Pitu,Nyuk Pitu,all_motifs (1291),Phoenix and Lotus.jpg,KUB Srikandi,2022,raw (crop),28 x 28,sRGB IEC61966-2.1,VJB
4221,NyukPitu_00981.jpg,Batik_Lasem/motifs (isen-isen)/Nyuk Pitu/all_motifs (1291)/NyukPitu_00981.jpg,Nyuk Pitu,Nyuk Pitu,all_motifs (1291),Latohan Dragon.jpg,Sekar Kencana,2022,raw (crop),28 x 28,sRGB IEC61966-2.1,VJB
4223,NyukPitu_00983.jpg,Batik_Lasem/motifs (isen-isen)/Nyuk Pitu/all_motifs (1291)/NyukPitu_00983.jpg,Nyuk Pitu,Nyuk Pitu,all_motifs (1291),Latohan Dragon.jpg,Sekar Kencana,2022,raw (crop),28 x 28,sRGB IEC61966-2.1,VJB
4224,NyukPitu_00984.jpg,Batik_Lasem/motifs (isen-isen)/Nyuk Pitu/all_motifs (1291)/NyukPitu_00984.jpg,Nyuk Pitu,Nyuk Pitu,all_motifs (1291),Latohan Dragon.jpg,Sekar Kencana,2022,raw (crop),28 x 28,sRGB IEC61966-2.1,VJB
4225,NyukPitu_00985.jpg,Batik_Lasem/motifs (isen-isen)/Nyuk Pitu/all_motifs (1291)/NyukPitu_00985.jpg,Nyuk Pitu,Nyuk Pitu,all_motifs (1291),Latohan Dragon.jpg,Sekar Kencana,2022,raw (crop),28 x 28,sRGB IEC61966-2.1,VJB
4226,NyukPitu_00986.jpg,Batik_Lasem/motifs (isen-isen)/Nyuk Pitu/all_motifs (1291)/NyukPitu_00986.jpg,Nyuk Pitu,Nyuk Pitu,all_motifs (1291),Latohan Dragon.jpg,Sekar Kencana,2022,raw (crop),28 x 28,sRGB IEC61966-2.1,VJB
4227,NyukPitu_00987.jpg,Batik_Lasem/motifs (isen-isen)/Nyuk Pitu/all_motifs (1291)/NyukPitu_00987.jpg,Nyuk Pitu,Nyuk Pitu,all_motifs (1291),Latohan Dragon.jpg,Sekar Kencana,2022,raw (crop),28 x 28,sRGB IEC61966-2.1,VJB
4229,NyukPitu_00989.jpg,Batik_Lasem/motifs (isen-isen)/Nyuk Pitu/all_motifs (1291)/NyukPitu_00989.jpg,Nyuk Pitu,Nyuk Pitu,all_motifs (1291),Latohan Dragon.jpg,Sekar Kencana,2022,raw (crop),28 x 28,sRGB IEC61966-2.1,VJB
4230,NyukPitu_00990.jpg,Batik_Lasem/motifs (isen-isen)/Nyuk Pitu/all_motifs (1291)/NyukPitu_00990.jpg,Nyuk Pitu,Nyuk Pitu,all_motifs (1291),Latohan Dragon.jpg,Sekar Kencana,2022,raw (crop),28 x 28,sRGB IEC61966-2.1,VJB
4231,NyukPitu_00991.jpg,Batik_Lasem/motifs (isen-isen)/Nyuk Pitu/all_motifs (1291)/NyukPitu_00991.jpg,Nyuk Pitu,Nyuk Pitu,all_motifs (1291),Latohan Dragon.jpg,Sekar Kencana,2022,raw (crop),28 x 28,sRGB IEC61966-2.1,VJB
4236,NyukPitu_00996.jpg,Batik_Lasem/motifs (isen-isen)/Nyuk Pitu/all_motifs (1291)/NyukPitu_00996.jpg,Nyuk Pitu,Nyuk Pitu,all_motifs (1291),Latohan Dragon.jpg,Sekar Kencana,2022,raw (crop),28 x 28,sRGB IEC61966-2.1,VJB
4239,NyukPitu_00999.jpg,Batik_Lasem/motifs (isen-isen)/Nyuk Pitu/all_motifs (1291)/NyukPitu_00999.jpg,Nyuk Pitu,Nyuk Pitu,all_motifs (1291),Latohan Dragon.jpg,Sekar Kencana,2022,raw (crop),28 x 28,sRGB IEC61966-2.1,VJB
4243,NyukPitu_01003.jpg,Batik_Lasem/motifs (isen-isen)/Nyuk Pitu/all_motifs (1291)/NyukPitu_01003.jpg,Nyuk Pitu,Nyuk Pitu,all_motifs (1291),Latohan Dragon.jpg,Sekar Kencana,2022,raw (crop),28 x 28,sRGB IEC61966-2.1,VJB
4246,NyukPitu_01006.jpg,Batik_Lasem/motifs (isen-isen)/Nyuk Pitu/all_motifs (1291)/NyukPitu_01006.jpg,Nyuk Pitu,Nyuk Pitu,all_motifs (1291),Latohan Dragon.jpg,Sekar Kencana,2022,raw (crop),28 x 28,sRGB IEC61966-2.1,VJB
4249,NyukPitu_01009.jpg,Batik_Lasem/motifs (isen-isen)/Nyuk Pitu/all_motifs (1291)/NyukPitu_01009.jpg,Nyuk Pitu,Nyuk Pitu,all_motifs (1291),Phoenix in Bright Green.jpg,KUB Srikandi,2022,raw (crop),142 x 142,sRGB IEC61966-2.1,VJB
4250,NyukPitu_01010.jpg,Batik_Lasem/motifs (isen-isen)/Nyuk Pitu/all_motifs (1291)/NyukPitu_01010.jpg,Nyuk Pitu,Nyuk Pitu,all_motifs (1291),Latohan Dragon.jpg,Sekar Kencana,2022,raw (crop),28 x 28,sRGB IEC61966-2.1,VJB
4251,NyukPitu_01011.jpg,Batik_Lasem/motifs (isen-isen)/Nyuk Pitu/all_motifs (1291)/NyukPitu_01011.jpg,Nyuk Pitu,Nyuk Pitu,all_motifs (1291),Latohan Dragon.jpg,Sekar Kencana,2022,raw (crop),28 x 28,sRGB IEC61966-2.1,VJB
4252,NyukPitu_01012.jpg,Batik_Lasem/motifs (isen-isen)/Nyuk Pitu/all_motifs (1291)/NyukPitu_01012.jpg,Nyuk Pitu,Nyuk Pitu,all_motifs (1291),Latohan Dragon.jpg,Sekar Kencana,2022,raw (crop),28 x 28,sRGB IEC61966-2.1,VJB
4254,NyukPitu_01014.jpg,Batik_Lasem/motifs (isen-isen)/Nyuk Pitu/all_motifs (1291)/NyukPitu_01014.jpg,Nyuk Pitu,Nyuk Pitu,all_motifs (1291),Latohan Dragon.jpg,Sekar Kencana,2022,raw (crop),28 x 28,sRGB IEC61966-2.1,VJB
4255,NyukPitu_01015.jpg,Batik_Lasem/motifs (isen-isen)/Nyuk Pitu/all_motifs (1291)/NyukPitu_01015.jpg,Nyuk Pitu,Nyuk Pitu,all_motifs (1291),Latohan Dragon.jpg,Sekar Kencana,2022,raw (crop),28 x 28,sRGB IEC61966-2.1,VJB
4257,NyukPitu_01017.jpg,Batik_Lasem/motifs (isen-isen)/Nyuk Pitu/all_motifs (1291)/NyukPitu_01017.jpg,Nyuk Pitu,Nyuk Pitu,all_motifs (1291),Latohan Dragon.jpg,Sekar Kencana,2022,raw (crop),28 x 28,sRGB IEC61966-2.1,VJB
4258,NyukPitu_01018.jpg,Batik_Lasem/motifs (isen-isen)/Nyuk Pitu/all_motifs (1291)/NyukPitu_01018.jpg,Nyuk Pitu,Nyuk Pitu,all_motifs (1291),Latohan Dragon.jpg,Sekar Kencana,2022,raw (crop),28 x 28,sRGB IEC61966-2.1,VJB
4260,NyukPitu_01020.jpg,Batik_Lasem/motifs (isen-isen)/Nyuk Pitu/all_motifs (1291)/NyukPitu_01020.jpg,Nyuk Pitu,Nyuk Pitu,all_motifs (1291),Phoenix in Bright Green.jpg,KUB Srikandi,2022,raw (crop),142 x 142,sRGB IEC61966-2.1,VJB
4261,NyukPitu_01021.jpg,Batik_Lasem/motifs (isen-isen)/Nyuk Pitu/all_motifs (1291)/NyukPitu_01021.jpg,Nyuk Pitu,Nyuk Pitu,all_motifs (1291),Latohan Dragon.jpg,Sekar Kencana,2022,raw (crop),28 x 28,sRGB IEC61966-2.1,VJB
4264,NyukPitu_01024.jpg,Batik_Lasem/motifs (isen-isen)/Nyuk Pitu/all_motifs (1291)/NyukPitu_01024.jpg,Nyuk Pitu,Nyuk Pitu,all_motifs (1291),Latohan Dragon.jpg,Sekar Kencana,2022,raw (crop),28 x 28,sRGB IEC61966-2.1,VJB
4266,NyukPitu_01026.jpg,Batik_Lasem/motifs (isen-isen)/Nyuk Pitu/all_motifs (1291)/NyukPitu_01026.jpg,Nyuk Pitu,Nyuk Pitu,all_motifs (1291),Latohan Dragon.jpg,Sekar Kencana,2022,raw (crop),28 x 28,sRGB IEC61966-2.1,VJB
4267,NyukPitu_01027.jpg,Batik_Lasem/motifs (isen-isen)/Nyuk Pitu/all_motifs (1291)/NyukPitu_01027.jpg,Nyuk Pitu,Nyuk Pitu,all_motifs (1291),Latohan Dragon.jpg,Sekar Kencana,2022,raw (crop),28 x 28,sRGB IEC61966-2.1,VJB
4268,NyukPitu_01028.jpg,Batik_Lasem/motifs (isen-isen)/Nyuk Pitu/all_motifs (1291)/NyukPitu_01028.jpg,Nyuk Pitu,Nyuk Pitu,all_motifs (1291),Latohan Dragon.jpg,Sekar Kencana,2022,raw (crop),28 x 28,sRGB IEC61966-2.1,VJB
4269,NyukPitu_01029.jpg,Batik_Lasem/motifs (isen-isen)/Nyuk Pitu/all_motifs (1291)/NyukPitu_01029.jpg,Nyuk Pitu,Nyuk Pitu,all_motifs (1291),Latohan Dragon.jpg,Sekar Kencana,2022,raw (crop),28 x 28,sRGB IEC61966-2.1,VJB
4270,NyukPitu_01030.jpg,Batik_Lasem/motifs (isen-isen)/Nyuk Pitu/all_motifs (1291)/NyukPitu_01030.jpg,Nyuk Pitu,Nyuk Pitu,all_motifs (1291),Phoenix in Bright Green.jpg,KUB Srikandi,2022,raw (crop),142 x 142,sRGB IEC61966-2.1,VJB
4272,NyukPitu_01032.jpg,Batik_Lasem/motifs (isen-isen)/Nyuk Pitu/all_motifs (1291)/NyukPitu_01032.jpg,Nyuk Pitu,Nyuk Pitu,all_motifs (1291),Latohan Dragon.jpg,Sekar Kencana,2022,raw (crop),28 x 28,sRGB IEC61966-2.1,VJB
4279,NyukPitu_01039.jpg,Batik_Lasem/motifs (isen-isen)/Nyuk Pitu/all_motifs (1291)/NyukPitu_01039.jpg,Nyuk Pitu,Nyuk Pitu,all_motifs (1291),Latohan Dragon.jpg,Sekar Kencana,2022,raw (crop),28 x 28,sRGB IEC61966-2.1,VJB
4286,NyukPitu_01046.jpg,Batik_Lasem/motifs (isen-isen)/Nyuk Pitu/all_motifs (1291)/NyukPitu_01046.jpg,Nyuk Pitu,Nyuk Pitu,all_motifs (1291),Latohan Dragon.jpg,Sekar Kencana,2022,raw (crop),28 x 28,sRGB IEC61966-2.1,VJB
4293,NyukPitu_01053.jpg,Batik_Lasem/motifs (isen-isen)/Nyuk Pitu/all_motifs (1291)/NyukPitu_01053.jpg,Nyuk Pitu,Nyuk Pitu,all_motifs (1291),Latohan Dragon.jpg,Sekar Kencana,2022,raw (crop),28 x 28,sRGB IEC61966-2.1,VJB
4294,NyukPitu_01054.jpg,Batik_Lasem/motifs (isen-isen)/Nyuk Pitu/all_motifs (1291)/NyukPitu_01054.jpg,Nyuk Pitu,Nyuk Pitu,all_motifs (1291),Latohan Dragon.jpg,Sekar Kencana,2022,raw (crop),28 x 28,sRGB IEC61966-2.1,VJB
4296,NyukPitu_01056.jpg,Batik_Lasem/motifs (isen-isen)/Nyuk Pitu/all_motifs (1291)/NyukPitu_01056.jpg,Nyuk Pitu,Nyuk Pitu,all_motifs (1291),Latohan Dragon.jpg,Sekar Kencana,2022,raw (crop),28 x 28,sRGB IEC61966-2.1,VJB
4299,NyukPitu_01059.jpg,Batik_Lasem/motifs (isen-isen)/Nyuk Pitu/all_motifs (1291)/NyukPitu_01059.jpg,Nyuk Pitu,Nyuk Pitu,all_motifs (1291),Latohan Dragon.jpg,Sekar Kencana,2022,raw (crop),28 x 28,sRGB IEC61966-2.1,VJB
4303,NyukPitu_01063.jpg,Batik_Lasem/motifs (isen-isen)/Nyuk Pitu/all_motifs (1291)/NyukPitu_01063.jpg,Nyuk Pitu,Nyuk Pitu,all_motifs (1291),Phoenix in Bright Green.jpg,KUB Srikandi,2022,raw (crop),142 x 142,sRGB IEC61966-2.1,VJB
4304,NyukPitu_01064.jpg,Batik_Lasem/motifs (isen-isen)/Nyuk Pitu/all_motifs (1291)/NyukPitu_01064.jpg,Nyuk Pitu,Nyuk Pitu,all_motifs (1291),Latohan Dragon.jpg,Sekar Kencana,2022,raw (crop),28 x 28,sRGB IEC61966-2.1,VJB
4305,NyukPitu_01065.jpg,Batik_Lasem/motifs (isen-isen)/Nyuk Pitu/all_motifs (1291)/NyukPitu_01065.jpg,Nyuk Pitu,Nyuk Pitu,all_motifs (1291),Latohan Dragon.jpg,Sekar Kencana,2022,raw (crop),28 x 28,sRGB IEC61966-2.1,VJB
4306,NyukPitu_01066.jpg,Batik_Lasem/motifs (isen-isen)/Nyuk Pitu/all_motifs (1291)/NyukPitu_01066.jpg,Nyuk Pitu,Nyuk Pitu,all_motifs (1291),Latohan Dragon.jpg,Sekar Kencana,2022,raw (crop),28 x 28,sRGB IEC61966-2.1,VJB
4307,NyukPitu_01067.jpg,Batik_Lasem/motifs (isen-isen)/Nyuk Pitu/all_motifs (1291)/NyukPitu_01067.jpg,Nyuk Pitu,Nyuk Pitu,all_motifs (1291),Latohan Dragon.jpg,Sekar Kencana,2022,raw (crop),28 x 28,sRGB IEC61966-2.1,VJB
4308,NyukPitu_01068.jpg,Batik_Lasem/motifs (isen-isen)/Nyuk Pitu/all_motifs (1291)/NyukPitu_01068.jpg,Nyuk Pitu,Nyuk Pitu,all_motifs (1291),Latohan Dragon.jpg,Sekar Kencana,2022,raw (crop),28 x 28,sRGB IEC61966-2.1,VJB
4310,NyukPitu_01070.jpg,Batik_Lasem/motifs (isen-isen)/Nyuk Pitu/all_motifs (1291)/NyukPitu_01070.jpg,Nyuk Pitu,Nyuk Pitu,all_motifs (1291),Latohan Dragon.jpg,Sekar Kencana,2022,raw (crop),28 x 28,sRGB IEC61966-2.1,VJB
4311,NyukPitu_01071.jpg,Batik_Lasem/motifs (isen-isen)/Nyuk Pitu/all_motifs (1291)/NyukPitu_01071.jpg,Nyuk Pitu,Nyuk Pitu,all_motifs (1291),Latohan Dragon.jpg,Sekar Kencana,2022,raw (crop),28 x 28,sRGB IEC61966-2.1,VJB
4313,NyukPitu_01073.jpg,Batik_Lasem/motifs (isen-isen)/Nyuk Pitu/all_motifs (1291)/NyukPitu_01073.jpg,Nyuk Pitu,Nyuk Pitu,all_motifs (1291),Latohan Dragon.jpg,Sekar Kencana,2022,raw (crop),28 x 28,sRGB IEC61966-2.1,VJB
4314,NyukPitu_01074.jpg,Batik_Lasem/motifs (isen-isen)/Nyuk Pitu/all_motifs (1291)/NyukPitu_01074.jpg,Nyuk Pitu,Nyuk Pitu,all_motifs (1291),Phoenix in Bright Green.jpg,KUB Srikandi,2022,raw (crop),142 x 142,sRGB IEC61966-2.1,VJB
4317,NyukPitu_01077.jpg,Batik_Lasem/motifs (isen-isen)/Nyuk Pitu/all_motifs (1291)/NyukPitu_01077.jpg,Nyuk Pitu,Nyuk Pitu,all_motifs (1291),Latohan Dragon.jpg,Sekar Kencana,2022,raw (crop),28 x 28,sRGB IEC61966-2.1,VJB
4319,NyukPitu_01079.jpg,Batik_Lasem/motifs (isen-isen)/Nyuk Pitu/all_motifs (1291)/NyukPitu_01079.jpg,Nyuk Pitu,Nyuk Pitu,all_motifs (1291),Latohan Dragon.jpg,Sekar Kencana,2022,raw (crop),28 x 28,sRGB IEC61966-2.1,VJB
4320,NyukPitu_01080.jpg,Batik_Lasem/motifs (isen-isen)/Nyuk Pitu/all_motifs (1291)/NyukPitu_01080.jpg,Nyuk Pitu,Nyuk Pitu,all_motifs (1291),Latohan Dragon.jpg,Sekar Kencana,2022,raw (crop),28 x 28,sRGB IEC61966-2.1,VJB
4321,NyukPitu_01081.jpg,Batik_Lasem/motifs (isen-isen)/Nyuk Pitu/all_motifs (1291)/NyukPitu_01081.jpg,Nyuk Pitu,Nyuk Pitu,all_motifs (1291),Latohan Dragon.jpg,Sekar Kencana,2022,raw (crop),28 x 28,sRGB IEC61966-2.1,VJB
4323,NyukPitu_01083.jpg,Batik_Lasem/motifs (isen-isen)/Nyuk Pitu/all_motifs (1291)/NyukPitu_01083.jpg,Nyuk Pitu,Nyuk Pitu,all_motifs (1291),Latohan Dragon.jpg,Sekar Kencana,2022,raw (crop),28 x 28,sRGB IEC61966-2.1,VJB
4325,NyukPitu_01085.jpg,Batik_Lasem/motifs (isen-isen)/Nyuk Pitu/all_motifs (1291)/NyukPitu_01085.jpg,Nyuk Pitu,Nyuk Pitu,all_motifs (1291),Phoenix in Bright Green.jpg,KUB Srikandi,2022,raw (crop),142 x 142,sRGB IEC61966-2.1,VJB
4327,NyukPitu_01087.jpg,Batik_Lasem/motifs (isen-isen)/Nyuk Pitu/all_motifs (1291)/NyukPitu_01087.jpg,Nyuk Pitu,Nyuk Pitu,all_motifs (1291),Latohan Dragon.jpg,Sekar Kencana,2022,raw (crop),28 x 28,sRGB IEC61966-2.1,VJB
4328,NyukPitu_01088.jpg,Batik_Lasem/motifs (isen-isen)/Nyuk Pitu/all_motifs (1291)/NyukPitu_01088.jpg,Nyuk Pitu,Nyuk Pitu,all_motifs (1291),Latohan Dragon.jpg,Sekar Kencana,2022,raw (crop),28 x 28,sRGB IEC61966-2.1,VJB
4329,NyukPitu_01089.jpg,Batik_Lasem/motifs (isen-isen)/Nyuk Pitu/all_motifs (1291)/NyukPitu_01089.jpg,Nyuk Pitu,Nyuk Pitu,all_motifs (1291),Latohan Dragon.jpg,Sekar Kencana,2022,raw (crop),28 x 28,sRGB IEC61966-2.1,VJB
4330,NyukPitu_01090.jpg,Batik_Lasem/motifs (isen-isen)/Nyuk Pitu/all_motifs (1291)/NyukPitu_01090.jpg,Nyuk Pitu,Nyuk Pitu,all_motifs (1291),Latohan Dragon.jpg,Sekar Kencana,2022,raw (crop),28 x 28,sRGB IEC61966-2.1,VJB
4332,NyukPitu_01092.jpg,Batik_Lasem/motifs (isen-isen)/Nyuk Pitu/all_motifs (1291)/NyukPitu_01092.jpg,Nyuk Pitu,Nyuk Pitu,all_motifs (1291),Latohan Dragon.jpg,Sekar Kencana,2022,raw (crop),28 x 28,sRGB IEC61966-2.1,VJB
4335,NyukPitu_01095.jpg,Batik_Lasem/motifs (isen-isen)/Nyuk Pitu/all_motifs (1291)/NyukPitu_01095.jpg,Nyuk Pitu,Nyuk Pitu,all_motifs (1291),Latohan Dragon.jpg,Sekar Kencana,2022,raw (crop),28 x 28,sRGB IEC61966-2.1,VJB
4336,NyukPitu_01096.jpg,Batik_Lasem/motifs (isen-isen)/Nyuk Pitu/all_motifs (1291)/NyukPitu_01096.jpg,Nyuk Pitu,Nyuk Pitu,all_motifs (1291),Phoenix in Bright Green.jpg,KUB Srikandi,2022,raw (crop),142 x 142,sRGB IEC61966-2.1,VJB
4337,NyukPitu_01097.jpg,Batik_Lasem/motifs (isen-isen)/Nyuk Pitu/all_motifs (1291)/NyukPitu_01097.jpg,Nyuk Pitu,Nyuk Pitu,all_motifs (1291),Latohan Dragon.jpg,Sekar Kencana,2022,raw (crop),28 x 28,sRGB IEC61966-2.1,VJB
4338,NyukPitu_01098.jpg,Batik_Lasem/motifs (isen-isen)/Nyuk Pitu/all_motifs (1291)/NyukPitu_01098.jpg,Nyuk Pitu,Nyuk Pitu,all_motifs (1291),Latohan Dragon.jpg,Sekar Kencana,2022,raw (crop),28 x 28,sRGB IEC61966-2.1,VJB
4340,NyukPitu_01100.jpg,Batik_Lasem/motifs (isen-isen)/Nyuk Pitu/all_motifs (1291)/NyukPitu_01100.jpg,Nyuk Pitu,Nyuk Pitu,all_motifs (1291),Latohan Dragon.jpg,Sekar Kencana,2022,raw (crop),28 x 28,sRGB IEC61966-2.1,VJB
4344,NyukPitu_01104.jpg,Batik_Lasem/motifs (isen-isen)/Nyuk Pitu/all_motifs (1291)/NyukPitu_01104.jpg,Nyuk Pitu,Nyuk Pitu,all_motifs (1291),Latohan Dragon.jpg,Sekar Kencana,2022,raw (crop),28 x 28,sRGB IEC61966-2.1,VJB
4345,NyukPitu_01105.jpg,Batik_Lasem/motifs (isen-isen)/Nyuk Pitu/all_motifs (1291)/NyukPitu_01105.jpg,Nyuk Pitu,Nyuk Pitu,all_motifs (1291),Latohan Dragon.jpg,Sekar Kencana,2022,raw (crop),28 x 28,sRGB IEC61966-2.1,VJB
4346,NyukPitu_01106.jpg,Batik_Lasem/motifs (isen-isen)/Nyuk Pitu/all_motifs (1291)/NyukPitu_01106.jpg,Nyuk Pitu,Nyuk Pitu,all_motifs (1291),Latohan Dragon.jpg,Sekar Kencana,2022,raw (crop),28 x 28,sRGB IEC61966-2.1,VJB
4349,NyukPitu_01109.jpg,Batik_Lasem/motifs (isen-isen)/Nyuk Pitu/all_motifs (1291)/NyukPitu_01109.jpg,Nyuk Pitu,Nyuk Pitu,all_motifs (1291),Latohan Dragon.jpg,Sekar Kencana,2022,raw (crop),28 x 28,sRGB IEC61966-2.1,VJB
4352,NyukPitu_01112.jpg,Batik_Lasem/motifs (isen-isen)/Nyuk Pitu/all_motifs (1291)/NyukPitu_01112.jpg,Nyuk Pitu,Nyuk Pitu,all_motifs (1291),Latohan Dragon.jpg,Sekar Kencana,2022,raw (crop),28 x 28,sRGB IEC61966-2.1,VJB
4354,NyukPitu_01114.jpg,Batik_Lasem/motifs (isen-isen)/Nyuk Pitu/all_motifs (1291)/NyukPitu_01114.jpg,Nyuk Pitu,Nyuk Pitu,all_motifs (1291),Latohan Dragon.jpg,Sekar Kencana,2022,raw (crop),28 x 28,sRGB IEC61966-2.1,VJB
4356,NyukPitu_01116.jpg,Batik_Lasem/motifs (isen-isen)/Nyuk Pitu/all_motifs (1291)/NyukPitu_01116.jpg,Nyuk Pitu,Nyuk Pitu,all_motifs (1291),Latohan Dragon.jpg,Sekar Kencana,2022,raw (crop),28 x 28,sRGB IEC61966-2.1,VJB
4359,NyukPitu_01119.jpg,Batik_Lasem/motifs (isen-isen)/Nyuk Pitu/all_motifs (1291)/NyukPitu_01119.jpg,Nyuk Pitu,Nyuk Pitu,all_motifs (1291),Latohan Dragon.jpg,Sekar Kencana,2022,raw (crop),28 x 28,sRGB IEC61966-2.1,VJB
4362,NyukPitu_01122.jpg,Batik_Lasem/motifs (isen-isen)/Nyuk Pitu/all_motifs (1291)/NyukPitu_01122.jpg,Nyuk Pitu,Nyuk Pitu,all_motifs (1291),Latohan Dragon.jpg,Sekar Kencana,2022,raw (crop),28 x 28,sRGB IEC61966-2.1,VJB
4364,NyukPitu_01124.jpg,Batik_Lasem/motifs (isen-isen)/Nyuk Pitu/all_motifs (1291)/NyukPitu_01124.jpg,Nyuk Pitu,Nyuk Pitu,all_motifs (1291),Latohan Dragon.jpg,Sekar Kencana,2022,raw (crop),28 x 28,sRGB IEC61966-2.1,VJB
4367,NyukPitu_01127.jpg,Batik_Lasem/motifs (isen-isen)/Nyuk Pitu/all_motifs (1291)/NyukPitu_01127.jpg,Nyuk Pitu,Nyuk Pitu,all_motifs (1291),Latohan Dragon.jpg,Sekar Kencana,2022,raw (crop),28 x 28,sRGB IEC61966-2.1,VJB
4368,NyukPitu_01128.jpg,Batik_Lasem/motifs (isen-isen)/Nyuk Pitu/all_motifs (1291)/NyukPitu_01128.jpg,Nyuk Pitu,Nyuk Pitu,all_motifs (1291),Latohan Dragon.jpg,Sekar Kencana,2022,raw (crop),28 x 28,sRGB IEC61966-2.1,VJB
4370,NyukPitu_01130.jpg,Batik_Lasem/motifs (isen-isen)/Nyuk Pitu/all_motifs (1291)/NyukPitu_01130.jpg,Nyuk Pitu,Nyuk Pitu,all_motifs (1291),Latohan Dragon.jpg,Sekar Kencana,2022,raw (crop),28 x 28,sRGB IEC61966-2.1,VJB
4371,NyukPitu_01131.jpg,Batik_Lasem/motifs (isen-isen)/Nyuk Pitu/all_motifs (1291)/NyukPitu_01131.jpg,Nyuk Pitu,Nyuk Pitu,all_motifs (1291),Latohan Dragon.jpg,Sekar Kencana,2022,raw (crop),28 x 28,sRGB IEC61966-2.1,VJB
4375,NyukPitu_01135.jpg,Batik_Lasem/motifs (isen-isen)/Nyuk Pitu/all_motifs (1291)/NyukPitu_01135.jpg,Nyuk Pitu,Nyuk Pitu,all_motifs (1291),Latohan Dragon.jpg,Sekar Kencana,2022,raw (crop),28 x 28,sRGB IEC61966-2.1,VJB
4376,NyukPitu_01136.jpg,Batik_Lasem/motifs (isen-isen)/Nyuk Pitu/all_motifs (1291)/NyukPitu_01136.jpg,Nyuk Pitu,Nyuk Pitu,all_motifs (1291),Latohan Dragon.jpg,Sekar Kencana,2022,raw (crop),28 x 28,sRGB IEC61966-2.1,VJB
4377,NyukPitu_01137.jpg,Batik_Lasem/motifs (isen-isen)/Nyuk Pitu/all_motifs (1291)/NyukPitu_01137.jpg,Nyuk Pitu,Nyuk Pitu,all_motifs (1291),Latohan Dragon.jpg,Sekar Kencana,2022,raw (crop),28 x 28,sRGB IEC61966-2.1,VJB
4381,NyukPitu_01141.jpg,Batik_Lasem/motifs (isen-isen)/Nyuk Pitu/all_motifs (1291)/NyukPitu_01141.jpg,Nyuk Pitu,Nyuk Pitu,all_motifs (1291),Latohan Dragon.jpg,Sekar Kencana,2022,raw (crop),28 x 28,sRGB IEC61966-2.1,VJB
4382,NyukPitu_01142.jpg,Batik_Lasem/motifs (isen-isen)/Nyuk Pitu/all_motifs (1291)/NyukPitu_01142.jpg,Nyuk Pitu,Nyuk Pitu,all_motifs (1291),Latohan Dragon.jpg,Sekar Kencana,2022,raw (crop),28 x 28,sRGB IEC61966-2.1,VJB
4383,NyukPitu_01143.jpg,Batik_Lasem/motifs (isen-isen)/Nyuk Pitu/all_motifs (1291)/NyukPitu_01143.jpg,Nyuk Pitu,Nyuk Pitu,all_motifs (1291),Latohan Dragon.jpg,Sekar Kencana,2022,raw (crop),28 x 28,sRGB IEC61966-2.1,VJB
4385,NyukPitu_01145.jpg,Batik_Lasem/motifs (isen-isen)/Nyuk Pitu/all_motifs (1291)/NyukPitu_01145.jpg,Nyuk Pitu,Nyuk Pitu,all_motifs (1291),Latohan Dragon.jpg,Sekar Kencana,2022,raw (crop),28 x 28,sRGB IEC61966-2.1,VJB
4386,NyukPitu_01146.jpg,Batik_Lasem/motifs (isen-isen)/Nyuk Pitu/all_motifs (1291)/NyukPitu_01146.jpg,Nyuk Pitu,Nyuk Pitu,all_motifs (1291),Latohan Dragon.jpg,Sekar Kencana,2022,raw (crop),28 x 28,sRGB IEC61966-2.1,VJB
4387,NyukPitu_01147.jpg,Batik_Lasem/motifs (isen-isen)/Nyuk Pitu/all_motifs (1291)/NyukPitu_01147.jpg,Nyuk Pitu,Nyuk Pitu,all_motifs (1291),Latohan Dragon.jpg,Sekar Kencana,2022,raw (crop),28 x 28,sRGB IEC61966-2.1,VJB
4390,NyukPitu_01150.jpg,Batik_Lasem/motifs (isen-isen)/Nyuk Pitu/all_motifs (1291)/NyukPitu_01150.jpg,Nyuk Pitu,Nyuk Pitu,all_motifs (1291),Phoenix in Bright Green.jpg,KUB Srikandi,2022,raw (crop),142 x 142,sRGB IEC61966-2.1,VJB
4392,NyukPitu_01152.jpg,Batik_Lasem/motifs (isen-isen)/Nyuk Pitu/all_motifs (1291)/NyukPitu_01152.jpg,Nyuk Pitu,Nyuk Pitu,all_motifs (1291),Latohan Dragon.jpg,Sekar Kencana,2022,raw (crop),28 x 28,sRGB IEC61966-2.1,VJB
4394,NyukPitu_01154.jpg,Batik_Lasem/motifs (isen-isen)/Nyuk Pitu/all_motifs (1291)/NyukPitu_01154.jpg,Nyuk Pitu,Nyuk Pitu,all_motifs (1291),Latohan Dragon.jpg,Sekar Kencana,2022,raw (crop),28 x 28,sRGB IEC61966-2.1,VJB
4395,NyukPitu_01155.jpg,Batik_Lasem/motifs (isen-isen)/Nyuk Pitu/all_motifs (1291)/NyukPitu_01155.jpg,Nyuk Pitu,Nyuk Pitu,all_motifs (1291),Latohan Dragon.jpg,Sekar Kencana,2022,raw (crop),28 x 28,sRGB IEC61966-2.1,VJB
4396,NyukPitu_01156.jpg,Batik_Lasem/motifs (isen-isen)/Nyuk Pitu/all_motifs (1291)/NyukPitu_01156.jpg,Nyuk Pitu,Nyuk Pitu,all_motifs (1291),Latohan Dragon.jpg,Sekar Kencana,2022,raw (crop),28 x 28,sRGB IEC61966-2.1,VJB
4398,NyukPitu_01158.jpg,Batik_Lasem/motifs (isen-isen)/Nyuk Pitu/all_motifs (1291)/NyukPitu_01158.jpg,Nyuk Pitu,Nyuk Pitu,all_motifs (1291),Latohan Dragon.jpg,Sekar Kencana,2022,raw (crop),28 x 28,sRGB IEC61966-2.1,VJB
4399,NyukPitu_01159.jpg,Batik_Lasem/motifs (isen-isen)/Nyuk Pitu/all_motifs (1291)/NyukPitu_01159.jpg,Nyuk Pitu,Nyuk Pitu,all_motifs (1291),Latohan Dragon.jpg,Sekar Kencana,2022,raw (crop),28 x 28,sRGB IEC61966-2.1,VJB
4401,NyukPitu_01161.jpg,Batik_Lasem/motifs (isen-isen)/Nyuk Pitu/all_motifs (1291)/NyukPitu_01161.jpg,Nyuk Pitu,Nyuk Pitu,all_motifs (1291),Phoenix in Bright Green.jpg,KUB Srikandi,2022,raw (crop),142 x 142,sRGB IEC61966-2.1,VJB
4406,NyukPitu_01166.jpg,Batik_Lasem/motifs (isen-isen)/Nyuk Pitu/all_motifs (1291)/NyukPitu_01166.jpg,Nyuk Pitu,Nyuk Pitu,all_motifs (1291),Latohan Dragon.jpg,Sekar Kencana,2022,raw (crop),28 x 28,sRGB IEC61966-2.1,VJB
4407,NyukPitu_01167.jpg,Batik_Lasem/motifs (isen-isen)/Nyuk Pitu/all_motifs (1291)/NyukPitu_01167.jpg,Nyuk Pitu,Nyuk Pitu,all_motifs (1291),Latohan Dragon.jpg,Sekar Kencana,2022,raw (crop),28 x 28,sRGB IEC61966-2.1,VJB
4409,NyukPitu_01169.jpg,Batik_Lasem/motifs (isen-isen)/Nyuk Pitu/all_motifs (1291)/NyukPitu_01169.jpg,Nyuk Pitu,Nyuk Pitu,all_motifs (1291),Latohan Dragon.jpg,Sekar Kencana,2022,raw (crop),28 x 28,sRGB IEC61966-2.1,VJB
4410,NyukPitu_01170.jpg,Batik_Lasem/motifs (isen-isen)/Nyuk Pitu/all_motifs (1291)/NyukPitu_01170.jpg,Nyuk Pitu,Nyuk Pitu,all_motifs (1291),Latohan Dragon.jpg,Sekar Kencana,2022,raw (crop),28 x 28,sRGB IEC61966-2.1,VJB
4413,NyukPitu_01173.jpg,Batik_Lasem/motifs (isen-isen)/Nyuk Pitu/all_motifs (1291)/NyukPitu_01173.jpg,Nyuk Pitu,Nyuk Pitu,all_motifs (1291),Latohan Dragon.jpg,Sekar Kencana,2022,raw (crop),28 x 28,sRGB IEC61966-2.1,VJB
4415,NyukPitu_01175.jpg,Batik_Lasem/motifs (isen-isen)/Nyuk Pitu/all_motifs (1291)/NyukPitu_01175.jpg,Nyuk Pitu,Nyuk Pitu,all_motifs (1291),Latohan Dragon.jpg,Sekar Kencana,2022,raw (crop),28 x 28,sRGB IEC61966-2.1,VJB
4418,NyukPitu_01178.jpg,Batik_Lasem/motifs (isen-isen)/Nyuk Pitu/all_motifs (1291)/NyukPitu_01178.jpg,Nyuk Pitu,Nyuk Pitu,all_motifs (1291),Latohan Dragon.jpg,Sekar Kencana,2022,raw (crop),28 x 28,sRGB IEC61966-2.1,VJB
4421,NyukPitu_01181.jpg,Batik_Lasem/motifs (isen-isen)/Nyuk Pitu/all_motifs (1291)/NyukPitu_01181.jpg,Nyuk Pitu,Nyuk Pitu,all_motifs (1291),Latohan Dragon.jpg,Sekar Kencana,2022,raw (crop),28 x 28,sRGB IEC61966-2.1,VJB
4424,NyukPitu_01184.jpg,Batik_Lasem/motifs (isen-isen)/Nyuk Pitu/all_motifs (1291)/NyukPitu_01184.jpg,Nyuk Pitu,Nyuk Pitu,all_motifs (1291),Latohan Dragon.jpg,Sekar Kencana,2022,raw (crop),28 x 28,sRGB IEC61966-2.1,VJB
4425,NyukPitu_01185.jpg,Batik_Lasem/motifs (isen-isen)/Nyuk Pitu/all_motifs (1291)/NyukPitu_01185.jpg,Nyuk Pitu,Nyuk Pitu,all_motifs (1291),Latohan Dragon.jpg,Sekar Kencana,2022,raw (crop),28 x 28,sRGB IEC61966-2.1,VJB
4430,NyukPitu_01190.jpg,Batik_Lasem/motifs (isen-isen)/Nyuk Pitu/all_motifs (1291)/NyukPitu_01190.jpg,Nyuk Pitu,Nyuk Pitu,all_motifs (1291),Latohan Dragon.jpg,Sekar Kencana,2022,raw (crop),28 x 28,sRGB IEC61966-2.1,VJB
4433,NyukPitu_01193.jpg,Batik_Lasem/motifs (isen-isen)/Nyuk Pitu/all_motifs (1291)/NyukPitu_01193.jpg,Nyuk Pitu,Nyuk Pitu,all_motifs (1291),Phoenix in Purple.jpg,KUB Srikandi,2022,raw (crop),28 x 28,sRGB IEC61966-2.1,VJB
4436,NyukPitu_01196.jpg,Batik_Lasem/motifs (isen-isen)/Nyuk Pitu/all_motifs (1291)/NyukPitu_01196.jpg,Nyuk Pitu,Nyuk Pitu,all_motifs (1291),Phoenix in Purple.jpg,KUB Srikandi,2022,raw (crop),28 x 28,sRGB IEC61966-2.1,VJB
4437,NyukPitu_01197.jpg,Batik_Lasem/motifs (isen-isen)/Nyuk Pitu/all_motifs (1291)/NyukPitu_01197.jpg,Nyuk Pitu,Nyuk Pitu,all_motifs (1291),Phoenix in Purple.jpg,KUB Srikandi,2022,raw (crop),28 x 28,sRGB IEC61966-2.1,VJB
4438,NyukPitu_01198.jpg,Batik_Lasem/motifs (isen-isen)/Nyuk Pitu/all_motifs (1291)/NyukPitu_01198.jpg,Nyuk Pitu,Nyuk Pitu,all_motifs (1291),Phoenix in Purple.jpg,KUB Srikandi,2022,raw (crop),28 x 28,sRGB IEC61966-2.1,VJB
4440,NyukPitu_01200.jpg,Batik_Lasem/motifs (isen-isen)/Nyuk Pitu/all_motifs (1291)/NyukPitu_01200.jpg,Nyuk Pitu,Nyuk Pitu,all_motifs (1291),Phoenix in Purple.jpg,KUB Srikandi,2022,raw (crop),28 x 28,sRGB IEC61966-2.1,VJB
4441,NyukPitu_01201.jpg,Batik_Lasem/motifs (isen-isen)/Nyuk Pitu/all_motifs (1291)/NyukPitu_01201.jpg,Nyuk Pitu,Nyuk Pitu,all_motifs (1291),Phoenix in Purple.jpg,KUB Srikandi,2022,raw (crop),28 x 28,sRGB IEC61966-2.1,VJB
4442,NyukPitu_01202.jpg,Batik_Lasem/motifs (isen-isen)/Nyuk Pitu/all_motifs (1291)/NyukPitu_01202.jpg,Nyuk Pitu,Nyuk Pitu,all_motifs (1291),Phoenix in Purple.jpg,KUB Srikandi,2022,raw (crop),28 x 28,sRGB IEC61966-2.1,VJB
4444,NyukPitu_01204.jpg,Batik_Lasem/motifs (isen-isen)/Nyuk Pitu/all_motifs (1291)/NyukPitu_01204.jpg,Nyuk Pitu,Nyuk Pitu,all_motifs (1291),Phoenix in Purple.jpg,KUB Srikandi,2022,raw (crop),28 x 28,sRGB IEC61966-2.1,VJB
4446,NyukPitu_01206.jpg,Batik_Lasem/motifs (isen-isen)/Nyuk Pitu/all_motifs (1291)/NyukPitu_01206.jpg,Nyuk Pitu,Nyuk Pitu,all_motifs (1291),Phoenix in Purple.jpg,KUB Srikandi,2022,raw (crop),28 x 28,sRGB IEC61966-2.1,VJB
4448,NyukPitu_01208.jpg,Batik_Lasem/motifs (isen-isen)/Nyuk Pitu/all_motifs (1291)/NyukPitu_01208.jpg,Nyuk Pitu,Nyuk Pitu,all_motifs (1291),Phoenix in Purple.jpg,KUB Srikandi,2022,raw (crop),28 x 28,sRGB IEC61966-2.1,VJB
4450,NyukPitu_01210.jpg,Batik_Lasem/motifs (isen-isen)/Nyuk Pitu/all_motifs (1291)/NyukPitu_01210.jpg,Nyuk Pitu,Nyuk Pitu,all_motifs (1291),Phoenix in Purple.jpg,KUB Srikandi,2022,raw (crop),28 x 28,sRGB IEC61966-2.1,VJB
4452,NyukPitu_01212.jpg,Batik_Lasem/motifs (isen-isen)/Nyuk Pitu/all_motifs (1291)/NyukPitu_01212.jpg,Nyuk Pitu,Nyuk Pitu,all_motifs (1291),Phoenix in Purple.jpg,KUB Srikandi,2022,raw (crop),28 x 28,sRGB IEC61966-2.1,VJB
4454,NyukPitu_01214.jpg,Batik_Lasem/motifs (isen-isen)/Nyuk Pitu/all_motifs (1291)/NyukPitu_01214.jpg,Nyuk Pitu,Nyuk Pitu,all_motifs (1291),Phoenix in Purple.jpg,KUB Srikandi,2022,raw (crop),28 x 28,sRGB IEC61966-2.1,VJB
4455,NyukPitu_01215.jpg,Batik_Lasem/motifs (isen-isen)/Nyuk Pitu/all_motifs (1291)/NyukPitu_01215.jpg,Nyuk Pitu,Nyuk Pitu,all_motifs (1291),Phoenix in Purple.jpg,KUB Srikandi,2022,raw (crop),28 x 28,sRGB IEC61966-2.1,VJB
4457,NyukPitu_01217.jpg,Batik_Lasem/motifs (isen-isen)/Nyuk Pitu/all_motifs (1291)/NyukPitu_01217.jpg,Nyuk Pitu,Nyuk Pitu,all_motifs (1291),Phoenix in Purple.jpg,KUB Srikandi,2022,raw (crop),28 x 28,sRGB IEC61966-2.1,VJB
4459,NyukPitu_01219.jpg,Batik_Lasem/motifs (isen-isen)/Nyuk Pitu/all_motifs (1291)/NyukPitu_01219.jpg,Nyuk Pitu,Nyuk Pitu,all_motifs (1291),Phoenix in Purple.jpg,KUB Srikandi,2022,raw (crop),28 x 28,sRGB IEC61966-2.1,VJB
4461,NyukPitu_01221.jpg,Batik_Lasem/motifs (isen-isen)/Nyuk Pitu/all_motifs (1291)/NyukPitu_01221.jpg,Nyuk Pitu,Nyuk Pitu,all_motifs (1291),Phoenix in Purple.jpg,KUB Srikandi,2022,raw (crop),28 x 28,sRGB IEC61966-2.1,VJB
4463,NyukPitu_01223.jpg,Batik_Lasem/motifs (isen-isen)/Nyuk Pitu/all_motifs (1291)/NyukPitu_01223.jpg,Nyuk Pitu,Nyuk Pitu,all_motifs (1291),Phoenix in Purple.jpg,KUB Srikandi,2022,raw (crop),28 x 28,sRGB IEC61966-2.1,VJB
4465,NyukPitu_01225.jpg,Batik_Lasem/motifs (isen-isen)/Nyuk Pitu/all_motifs (1291)/NyukPitu_01225.jpg,Nyuk Pitu,Nyuk Pitu,all_motifs (1291),Phoenix in Purple.jpg,KUB Srikandi,2022,raw (crop),28 x 28,sRGB IEC61966-2.1,VJB
4466,NyukPitu_01226.jpg,Batik_Lasem/motifs (isen-isen)/Nyuk Pitu/all_motifs (1291)/NyukPitu_01226.jpg,Nyuk Pitu,Nyuk Pitu,all_motifs (1291),Phoenix in Purple.jpg,KUB Srikandi,2022,raw (crop),28 x 28,sRGB IEC61966-2.1,VJB
4467,NyukPitu_01227.jpg,Batik_Lasem/motifs (isen-isen)/Nyuk Pitu/all_motifs (1291)/NyukPitu_01227.jpg,Nyuk Pitu,Nyuk Pitu,all_motifs (1291),Phoenix in Purple.jpg,KUB Srikandi,2022,raw (crop),28 x 28,sRGB IEC61966-2.1,VJB
4468,NyukPitu_01228.jpg,Batik_Lasem/motifs (isen-isen)/Nyuk Pitu/all_motifs (1291)/NyukPitu_01228.jpg,Nyuk Pitu,Nyuk Pitu,all_motifs (1291),Phoenix in Purple.jpg,KUB Srikandi,2022,raw (crop),28 x 28,sRGB IEC61966-2.1,VJB
4469,NyukPitu_01229.jpg,Batik_Lasem/motifs (isen-isen)/Nyuk Pitu/all_motifs (1291)/NyukPitu_01229.jpg,Nyuk Pitu,Nyuk Pitu,all_motifs (1291),Phoenix in Purple.jpg,KUB Srikandi,2022,raw (crop),28 x 28,sRGB IEC61966-2.1,VJB
4471,NyukPitu_01231.jpg,Batik_Lasem/motifs (isen-isen)/Nyuk Pitu/all_motifs (1291)/NyukPitu_01231.jpg,Nyuk Pitu,Nyuk Pitu,all_motifs (1291),Phoenix in Purple.jpg,KUB Srikandi,2022,raw (crop),28 x 28,sRGB IEC61966-2.1,VJB
4473,NyukPitu_01233.jpg,Batik_Lasem/motifs (isen-isen)/Nyuk Pitu/all_motifs (1291)/NyukPitu_01233.jpg,Nyuk Pitu,Nyuk Pitu,all_motifs (1291),Phoenix in Purple.jpg,KUB Srikandi,2022,raw (crop),28 x 28,sRGB IEC61966-2.1,VJB
4477,NyukPitu_01237.jpg,Batik_Lasem/motifs (isen-isen)/Nyuk Pitu/all_motifs (1291)/NyukPitu_01237.jpg,Nyuk Pitu,Nyuk Pitu,all_motifs (1291),Phoenix in Purple.jpg,KUB Srikandi,2022,raw (crop),28 x 28,sRGB IEC61966-2.1,VJB
4479,NyukPitu_01239.jpg,Batik_Lasem/motifs (isen-isen)/Nyuk Pitu/all_motifs (1291)/NyukPitu_01239.jpg,Nyuk Pitu,Nyuk Pitu,all_motifs (1291),Phoenix in Purple.jpg,KUB Srikandi,2022,raw (crop),28 x 28,sRGB IEC61966-2.1,VJB
4480,NyukPitu_01240.jpg,Batik_Lasem/motifs (isen-isen)/Nyuk Pitu/all_motifs (1291)/NyukPitu_01240.jpg,Nyuk Pitu,Nyuk Pitu,all_motifs (1291),Phoenix in Purple.jpg,KUB Srikandi,2022,raw (crop),28 x 28,sRGB IEC61966-2.1,VJB
4481,NyukPitu_01241.jpg,Batik_Lasem/motifs (isen-isen)/Nyuk Pitu/all_motifs (1291)/NyukPitu_01241.jpg,Nyuk Pitu,Nyuk Pitu,all_motifs (1291),Phoenix in Purple.jpg,KUB Srikandi,2022,raw (crop),28 x 28,sRGB IEC61966-2.1,VJB
4483,NyukPitu_01243.jpg,Batik_Lasem/motifs (isen-isen)/Nyuk Pitu/all_motifs (1291)/NyukPitu_01243.jpg,Nyuk Pitu,Nyuk Pitu,all_motifs (1291),Phoenix in Purple.jpg,KUB Srikandi,2022,raw (crop),28 x 28,sRGB IEC61966-2.1,VJB
4485,NyukPitu_01245.jpg,Batik_Lasem/motifs (isen-isen)/Nyuk Pitu/all_motifs (1291)/NyukPitu_01245.jpg,Nyuk Pitu,Nyuk Pitu,all_motifs (1291),Phoenix in Purple.jpg,KUB Srikandi,2022,raw (crop),28 x 28,sRGB IEC61966-2.1,VJB
4488,NyukPitu_01248.jpg,Batik_Lasem/motifs (isen-isen)/Nyuk Pitu/all_motifs (1291)/NyukPitu_01248.jpg,Nyuk Pitu,Nyuk Pitu,all_motifs (1291),Phoenix in Purple.jpg,KUB Srikandi,2022,raw (crop),28 x 28,sRGB IEC61966-2.1,VJB
4490,NyukPitu_01250.jpg,Batik_Lasem/motifs (isen-isen)/Nyuk Pitu/all_motifs (1291)/NyukPitu_01250.jpg,Nyuk Pitu,Nyuk Pitu,all_motifs (1291),Phoenix in Purple.jpg,KUB Srikandi,2022,raw (crop),28 x 28,sRGB IEC61966-2.1,VJB
4491,NyukPitu_01251.jpg,Batik_Lasem/motifs (isen-isen)/Nyuk Pitu/all_motifs (1291)/NyukPitu_01251.jpg,Nyuk Pitu,Nyuk Pitu,all_motifs (1291),Phoenix in Purple.jpg,KUB Srikandi,2022,raw (crop),28 x 28,sRGB IEC61966-2.1,VJB
4492,NyukPitu_01252.jpg,Batik_Lasem/motifs (isen-isen)/Nyuk Pitu/all_motifs (1291)/NyukPitu_01252.jpg,Nyuk Pitu,Nyuk Pitu,all_motifs (1291),Phoenix in Purple.jpg,KUB Srikandi,2022,raw (crop),28 x 28,sRGB IEC61966-2.1,VJB
4493,NyukPitu_01253.jpg,Batik_Lasem/motifs (isen-isen)/Nyuk Pitu/all_motifs (1291)/NyukPitu_01253.jpg,Nyuk Pitu,Nyuk Pitu,all_motifs (1291),Phoenix in Purple.jpg,KUB Srikandi,2022,raw (crop),28 x 28,sRGB IEC61966-2.1,VJB
4496,NyukPitu_01256.jpg,Batik_Lasem/motifs (isen-isen)/Nyuk Pitu/all_motifs (1291)/NyukPitu_01256.jpg,Nyuk Pitu,Nyuk Pitu,all_motifs (1291),Phoenix With Green Lotus.jpg,KUB Srikandi,2022,raw (crop),28 x 28,sRGB IEC61966-2.1,VJB
4498,NyukPitu_01258.jpg,Batik_Lasem/motifs (isen-isen)/Nyuk Pitu/all_motifs (1291)/NyukPitu_01258.jpg,Nyuk Pitu,Nyuk Pitu,all_motifs (1291),Phoenix With Green Lotus.jpg,KUB Srikandi,2022,raw (crop),28 x 28,sRGB IEC61966-2.1,VJB
4500,NyukPitu_01260.jpg,Batik_Lasem/motifs (isen-isen)/Nyuk Pitu/all_motifs (1291)/NyukPitu_01260.jpg,Nyuk Pitu,Nyuk Pitu,all_motifs (1291),Phoenix With Green Lotus.jpg,KUB Srikandi,2022,raw (crop),28 x 28,sRGB IEC61966-2.1,VJB
4502,NyukPitu_01262.jpg,Batik_Lasem/motifs (isen-isen)/Nyuk Pitu/all_motifs (1291)/NyukPitu_01262.jpg,Nyuk Pitu,Nyuk Pitu,all_motifs (1291),Phoenix With Green Lotus.jpg,KUB Srikandi,2022,raw (crop),28 x 28,sRGB IEC61966-2.1,VJB
4503,NyukPitu_01263.jpg,Batik_Lasem/motifs (isen-isen)/Nyuk Pitu/all_motifs (1291)/NyukPitu_01263.jpg,Nyuk Pitu,Nyuk Pitu,all_motifs (1291),Phoenix With Green Lotus.jpg,KUB Srikandi,2022,raw (crop),28 x 28,sRGB IEC61966-2.1,VJB
4505,NyukPitu_01265.jpg,Batik_Lasem/motifs (isen-isen)/Nyuk Pitu/all_motifs (1291)/NyukPitu_01265.jpg,Nyuk Pitu,Nyuk Pitu,all_motifs (1291),Phoenix With Green Lotus.jpg,KUB Srikandi,2022,raw (crop),28 x 28,sRGB IEC61966-2.1,VJB
4507,NyukPitu_01267.jpg,Batik_Lasem/motifs (isen-isen)/Nyuk Pitu/all_motifs (1291)/NyukPitu_01267.jpg,Nyuk Pitu,Nyuk Pitu,all_motifs (1291),Phoenix in Purple.jpg,KUB Srikandi,2022,raw (crop),28 x 28,sRGB IEC61966-2.1,VJB
4508,NyukPitu_01268.jpg,Batik_Lasem/motifs (isen-isen)/Nyuk Pitu/all_motifs (1291)/NyukPitu_01268.jpg,Nyuk Pitu,Nyuk Pitu,all_motifs (1291),Phoenix in Purple.jpg,KUB Srikandi,2022,raw (crop),28 x 28,sRGB IEC61966-2.1,VJB
4509,NyukPitu_01269.jpg,Batik_Lasem/motifs (isen-isen)/Nyuk Pitu/all_motifs (1291)/NyukPitu_01269.jpg,Nyuk Pitu,Nyuk Pitu,all_motifs (1291),Phoenix in Purple.jpg,KUB Srikandi,2022,raw (crop),28 x 28,sRGB IEC61966-2.1,VJB
4511,NyukPitu_01271.jpg,Batik_Lasem/motifs (isen-isen)/Nyuk Pitu/all_motifs (1291)/NyukPitu_01271.jpg,Nyuk Pitu,Nyuk Pitu,all_motifs (1291),Phoenix in Purple.jpg,KUB Srikandi,2022,raw (crop),28 x 28,sRGB IEC61966-2.1,VJB
4515,NyukPitu_01275.jpg,Batik_Lasem/motifs (isen-isen)/Nyuk Pitu/all_motifs (1291)/NyukPitu_01275.jpg,Nyuk Pitu,Nyuk Pitu,all_motifs (1291),Phoenix in Purple.jpg,KUB Srikandi,2022,raw (crop),28 x 28,sRGB IEC61966-2.1,VJB
4516,NyukPitu_01276.jpg,Batik_Lasem/motifs (isen-isen)/Nyuk Pitu/all_motifs (1291)/NyukPitu_01276.jpg,Nyuk Pitu,Nyuk Pitu,all_motifs (1291),Phoenix in Purple.jpg,KUB Srikandi,2022,raw (crop),28 x 28,sRGB IEC61966-2.1,VJB
4517,NyukPitu_01277.jpg,Batik_Lasem/motifs (isen-isen)/Nyuk Pitu/all_motifs (1291)/NyukPitu_01277.jpg,Nyuk Pitu,Nyuk Pitu,all_motifs (1291),Phoenix in Purple.jpg,KUB Srikandi,2022,raw (crop),28 x 28,sRGB IEC61966-2.1,VJB
4518,NyukPitu_01278.jpg,Batik_Lasem/motifs (isen-isen)/Nyuk Pitu/all_motifs (1291)/NyukPitu_01278.jpg,Nyuk Pitu,Nyuk Pitu,all_motifs (1291),Phoenix in Purple.jpg,KUB Srikandi,2022,raw (crop),28 x 28,sRGB IEC61966-2.1,VJB
4519,NyukPitu_01279.jpg,Batik_Lasem/motifs (isen-isen)/Nyuk Pitu/all_motifs (1291)/NyukPitu_01279.jpg,Nyuk Pitu,Nyuk Pitu,all_motifs (1291),Phoenix With Green Lotus.jpg,KUB Srikandi,2022,raw (crop),28 x 28,sRGB IEC61966-2.1,VJB
4523,NyukPitu_01283.jpg,Batik_Lasem/motifs (isen-isen)/Nyuk Pitu/all_motifs (1291)/NyukPitu_01283.jpg,Nyuk Pitu,Nyuk Pitu,all_motifs (1291),Phoenix in Purple.jpg,KUB Srikandi,2022,raw (crop),28 x 28,sRGB IEC61966-2.1,VJB
4524,NyukPitu_01284.jpg,Batik_Lasem/motifs (isen-isen)/Nyuk Pitu/all_motifs (1291)/NyukPitu_01284.jpg,Nyuk Pitu,Nyuk Pitu,all_motifs (1291),Phoenix in Purple.jpg,KUB Srikandi,2022,raw (crop),28 x 28,sRGB IEC61966-2.1,VJB
4525,NyukPitu_01285.jpg,Batik_Lasem/motifs (isen-isen)/Nyuk Pitu/all_motifs (1291)/NyukPitu_01285.jpg,Nyuk Pitu,Nyuk Pitu,all_motifs (1291),Phoenix in Purple.jpg,KUB Srikandi,2022,raw (crop),28 x 28,sRGB IEC61966-2.1,VJB
4526,NyukPitu_01286.jpg,Batik_Lasem/motifs (isen-isen)/Nyuk Pitu/all_motifs (1291)/NyukPitu_01286.jpg,Nyuk Pitu,Nyuk Pitu,all_motifs (1291),Phoenix in Purple.jpg,KUB Srikandi,2022,raw (crop),28 x 28,sRGB IEC61966-2.1,VJB
4527,NyukPitu_01287.jpg,Batik_Lasem/motifs (isen-isen)/Nyuk Pitu/all_motifs (1291)/NyukPitu_01287.jpg,Nyuk Pitu,Nyuk Pitu,all_motifs (1291),Phoenix in Purple.jpg,KUB Srikandi,2022,raw (crop),28 x 28,sRGB IEC61966-2.1,VJB
4529,NyukPitu_01289.jpg,Batik_Lasem/motifs (isen-isen)/Nyuk Pitu/all_motifs (1291)/NyukPitu_01289.jpg,Nyuk Pitu,Nyuk Pitu,all_motifs (1291),Phoenix in Purple.jpg,KUB Srikandi,2022,raw (crop),28 x 28,sRGB IEC61966-2.1,VJB
4535,Seritan_00004.jpg,Batik_Lasem/motifs (isen-isen)/Seritan/all_motifs (1328)/Seritan_00004.jpg,Seritan,Seritan,all_motifs (1328),Batik Artisan with Seritan Background.jpg,Pesona Canting,2022,raw (crop),28 x 28,sRGB IEC61966-2.1,VJB
4537,Seritan_00006.jpg,Batik_Lasem/motifs (isen-isen)/Seritan/all_motifs (1328)/Seritan_00006.jpg,Seritan,Seritan,all_motifs (1328),Batik Artisan with Seritan Background.jpg,Pesona Canting,2022,raw (crop),142 x 142,sRGB IEC61966-2.1,VJB
4541,Seritan_00010.jpg,Batik_Lasem/motifs (isen-isen)/Seritan/all_motifs (1328)/Seritan_00010.jpg,Seritan,Seritan,all_motifs (1328),Batik Artisan with Seritan Background.jpg,Pesona Canting,2022,raw (crop),142 x 142,sRGB IEC61966-2.1,VJB
4542,Seritan_00011.jpg,Batik_Lasem/motifs (isen-isen)/Seritan/all_motifs (1328)/Seritan_00011.jpg,Seritan,Seritan,all_motifs (1328),Batik Artisan with Seritan Background.jpg,Pesona Canting,2022,raw (crop),142 x 142,sRGB IEC61966-2.1,VJB
4544,Seritan_00013.jpg,Batik_Lasem/motifs (isen-isen)/Seritan/all_motifs (1328)/Seritan_00013.jpg,Seritan,Seritan,all_motifs (1328),Batik Artisan with Seritan Background.jpg,Pesona Canting,2022,raw (crop),142 x 142,sRGB IEC61966-2.1,VJB
4546,Seritan_00015.jpg,Batik_Lasem/motifs (isen-isen)/Seritan/all_motifs (1328)/Seritan_00015.jpg,Seritan,Seritan,all_motifs (1328),Batik Artisan with Seritan Background.jpg,Pesona Canting,2022,raw (crop),142 x 142,sRGB IEC61966-2.1,VJB
4547,Seritan_00016.jpg,Batik_Lasem/motifs (isen-isen)/Seritan/all_motifs (1328)/Seritan_00016.jpg,Seritan,Seritan,all_motifs (1328),Batik Artisan with Seritan Background.jpg,Pesona Canting,2022,raw (crop),142 x 142,sRGB IEC61966-2.1,VJB
4548,Seritan_00017.jpg,Batik_Lasem/motifs (isen-isen)/Seritan/all_motifs (1328)/Seritan_00017.jpg,Seritan,Seritan,all_motifs (1328),Batik Artisan with Seritan Background.jpg,Pesona Canting,2022,raw (crop),142 x 142,sRGB IEC61966-2.1,VJB
4551,Seritan_00020.jpg,Batik_Lasem/motifs (isen-isen)/Seritan/all_motifs (1328)/Seritan_00020.jpg,Seritan,Seritan,all_motifs (1328),Batik Artisan with Seritan Background.jpg,Pesona Canting,2022,raw (crop),142 x 142,sRGB IEC61966-2.1,VJB
4552,Seritan_00021.jpg,Batik_Lasem/motifs (isen-isen)/Seritan/all_motifs (1328)/Seritan_00021.jpg,Seritan,Seritan,all_motifs (1328),Batik Artisan with Seritan Background.jpg,Pesona Canting,2022,raw (crop),142 x 142,sRGB IEC61966-2.1,VJB
4556,Seritan_00025.jpg,Batik_Lasem/motifs (isen-isen)/Seritan/all_motifs (1328)/Seritan_00025.jpg,Seritan,Seritan,all_motifs (1328),Sekar Jagad Chinese Character.jpg,Sekar Kencana,2022,raw (crop),142 x 142,sRGB IEC61966-2.1,VJB
4557,Seritan_00026.jpg,Batik_Lasem/motifs (isen-isen)/Seritan/all_motifs (1328)/Seritan_00026.jpg,Seritan,Seritan,all_motifs (1328),Batik Artisan with Seritan Background.jpg,Pesona Canting,2022,raw (crop),142 x 142,sRGB IEC61966-2.1,VJB
4560,Seritan_00029.jpg,Batik_Lasem/motifs (isen-isen)/Seritan/all_motifs (1328)/Seritan_00029.jpg,Seritan,Seritan,all_motifs (1328),Sekar Jagad Chinese Character.jpg,Sekar Kencana,2022,raw (crop),142 x 142,sRGB IEC61966-2.1,VJB
4561,Seritan_00030.jpg,Batik_Lasem/motifs (isen-isen)/Seritan/all_motifs (1328)/Seritan_00030.jpg,Seritan,Seritan,all_motifs (1328),Sekar Jagad Chinese Character.jpg,Sekar Kencana,2022,raw (crop),142 x 142,sRGB IEC61966-2.1,VJB
4563,Seritan_00032.jpg,Batik_Lasem/motifs (isen-isen)/Seritan/all_motifs (1328)/Seritan_00032.jpg,Seritan,Seritan,all_motifs (1328),Sekar Jagad Chinese Character.jpg,Sekar Kencana,2022,raw (crop),142 x 142,sRGB IEC61966-2.1,VJB
4564,Seritan_00033.jpg,Batik_Lasem/motifs (isen-isen)/Seritan/all_motifs (1328)/Seritan_00033.jpg,Seritan,Seritan,all_motifs (1328),Sekar Jagad Chinese Character.jpg,Sekar Kencana,2022,raw (crop),142 x 142,sRGB IEC61966-2.1,VJB
4565,Seritan_00034.jpg,Batik_Lasem/motifs (isen-isen)/Seritan/all_motifs (1328)/Seritan_00034.jpg,Seritan,Seritan,all_motifs (1328),Sekar Jagad Chinese Character.jpg,Sekar Kencana,2022,raw (crop),142 x 142,sRGB IEC61966-2.1,VJB
4567,Seritan_00036.jpg,Batik_Lasem/motifs (isen-isen)/Seritan/all_motifs (1328)/Seritan_00036.jpg,Seritan,Seritan,all_motifs (1328),Sekar Jagad Chinese Character.jpg,Sekar Kencana,2022,raw (crop),142 x 142,sRGB IEC61966-2.1,VJB
4569,Seritan_00038.jpg,Batik_Lasem/motifs (isen-isen)/Seritan/all_motifs (1328)/Seritan_00038.jpg,Seritan,Seritan,all_motifs (1328),Sekar Jagad Chinese Character.jpg,Sekar Kencana,2022,raw (crop),142 x 142,sRGB IEC61966-2.1,VJB
4570,Seritan_00039.jpg,Batik_Lasem/motifs (isen-isen)/Seritan/all_motifs (1328)/Seritan_00039.jpg,Seritan,Seritan,all_motifs (1328),Sekar Jagad Chinese Character.jpg,Sekar Kencana,2022,raw (crop),142 x 142,sRGB IEC61966-2.1,VJB
4572,Seritan_00041.jpg,Batik_Lasem/motifs (isen-isen)/Seritan/all_motifs (1328)/Seritan_00041.jpg,Seritan,Seritan,all_motifs (1328),Sekar Jagad Chinese Character.jpg,Sekar Kencana,2022,raw (crop),142 x 142,sRGB IEC61966-2.1,VJB
4575,Seritan_00044.jpg,Batik_Lasem/motifs (isen-isen)/Seritan/all_motifs (1328)/Seritan_00044.jpg,Seritan,Seritan,all_motifs (1328),Batik Artisan with Seritan Background.jpg,Pesona Canting,2022,raw (crop),142 x 142,sRGB IEC61966-2.1,VJB
4576,Seritan_00045.jpg,Batik_Lasem/motifs (isen-isen)/Seritan/all_motifs (1328)/Seritan_00045.jpg,Seritan,Seritan,all_motifs (1328),Batik Artisan with Seritan Background.jpg,Pesona Canting,2022,raw (crop),142 x 142,sRGB IEC61966-2.1,VJB
4578,Seritan_00047.jpg,Batik_Lasem/motifs (isen-isen)/Seritan/all_motifs (1328)/Seritan_00047.jpg,Seritan,Seritan,all_motifs (1328),Batik Artisan with Seritan Background.jpg,Pesona Canting,2022,raw (crop),142 x 142,sRGB IEC61966-2.1,VJB
4579,Seritan_00048.jpg,Batik_Lasem/motifs (isen-isen)/Seritan/all_motifs (1328)/Seritan_00048.jpg,Seritan,Seritan,all_motifs (1328),Batik Artisan with Seritan Background.jpg,Pesona Canting,2022,raw (crop),142 x 142,sRGB IEC61966-2.1,VJB
4582,Seritan_00051.jpg,Batik_Lasem/motifs (isen-isen)/Seritan/all_motifs (1328)/Seritan_00051.jpg,Seritan,Seritan,all_motifs (1328),Batik Artisan with Seritan Background.jpg,Pesona Canting,2022,raw (crop),142 x 142,sRGB IEC61966-2.1,VJB
4583,Seritan_00052.jpg,Batik_Lasem/motifs (isen-isen)/Seritan/all_motifs (1328)/Seritan_00052.jpg,Seritan,Seritan,all_motifs (1328),Batik Artisan with Seritan Background.jpg,Pesona Canting,2022,raw (crop),142 x 142,sRGB IEC61966-2.1,VJB
4588,Seritan_00057.jpg,Batik_Lasem/motifs (isen-isen)/Seritan/all_motifs (1328)/Seritan_00057.jpg,Seritan,Seritan,all_motifs (1328),Batik Artisan with Seritan Background.jpg,Pesona Canting,2022,raw (crop),142 x 142,sRGB IEC61966-2.1,VJB
4589,Seritan_00058.jpg,Batik_Lasem/motifs (isen-isen)/Seritan/all_motifs (1328)/Seritan_00058.jpg,Seritan,Seritan,all_motifs (1328),Sekar Jagad Chinese Character.jpg,Sekar Kencana,2022,raw (crop),142 x 142,sRGB IEC61966-2.1,VJB
4596,Seritan_00065.jpg,Batik_Lasem/motifs (isen-isen)/Seritan/all_motifs (1328)/Seritan_00065.jpg,Seritan,Seritan,all_motifs (1328),Batik Artisan with Seritan Background.jpg,Pesona Canting,2022,raw (crop),142 x 142,sRGB IEC61966-2.1,VJB
4599,Seritan_00068.jpg,Batik_Lasem/motifs (isen-isen)/Seritan/all_motifs (1328)/Seritan_00068.jpg,Seritan,Seritan,all_motifs (1328),Batik Artisan with Seritan Background.jpg,Pesona Canting,2022,raw (crop),142 x 142,sRGB IEC61966-2.1,VJB
4603,Seritan_00072.jpg,Batik_Lasem/motifs (isen-isen)/Seritan/all_motifs (1328)/Seritan_00072.jpg,Seritan,Seritan,all_motifs (1328),Batik Artisan with Seritan Background.jpg,Pesona Canting,2022,raw (crop),142 x 142,sRGB IEC61966-2.1,VJB
4604,Seritan_00073.jpg,Batik_Lasem/motifs (isen-isen)/Seritan/all_motifs (1328)/Seritan_00073.jpg,Seritan,Seritan,all_motifs (1328),Batik Artisan with Seritan Background.jpg,Pesona Canting,2022,raw (crop),142 x 142,sRGB IEC61966-2.1,VJB
4605,Seritan_00074.jpg,Batik_Lasem/motifs (isen-isen)/Seritan/all_motifs (1328)/Seritan_00074.jpg,Seritan,Seritan,all_motifs (1328),Batik Artisan with Seritan Background.jpg,Pesona Canting,2022,raw (crop),142 x 142,sRGB IEC61966-2.1,VJB
4607,Seritan_00076.jpg,Batik_Lasem/motifs (isen-isen)/Seritan/all_motifs (1328)/Seritan_00076.jpg,Seritan,Seritan,all_motifs (1328),Batik Artisan with Seritan Background.jpg,Pesona Canting,2022,raw (crop),142 x 142,sRGB IEC61966-2.1,VJB
4608,Seritan_00077.jpg,Batik_Lasem/motifs (isen-isen)/Seritan/all_motifs (1328)/Seritan_00077.jpg,Seritan,Seritan,all_motifs (1328),Batik Artisan with Seritan Background.jpg,Pesona Canting,2022,raw (crop),142 x 142,sRGB IEC61966-2.1,VJB
4611,Seritan_00080.jpg,Batik_Lasem/motifs (isen-isen)/Seritan/all_motifs (1328)/Seritan_00080.jpg,Seritan,Seritan,all_motifs (1328),Sekar Jagad Chinese Character.jpg,Sekar Kencana,2022,raw (crop),142 x 142,sRGB IEC61966-2.1,VJB
4612,Seritan_00081.jpg,Batik_Lasem/motifs (isen-isen)/Seritan/all_motifs (1328)/Seritan_00081.jpg,Seritan,Seritan,all_motifs (1328),Batik Artisan with Seritan Background.jpg,Pesona Canting,2022,raw (crop),142 x 142,sRGB IEC61966-2.1,VJB
4615,Seritan_00084.jpg,Batik_Lasem/motifs (isen-isen)/Seritan/all_motifs (1328)/Seritan_00084.jpg,Seritan,Seritan,all_motifs (1328),Batik Artisan with Seritan Background.jpg,Pesona Canting,2022,raw (crop),142 x 142,sRGB IEC61966-2.1,VJB
4619,Seritan_00088.jpg,Batik_Lasem/motifs (isen-isen)/Seritan/all_motifs (1328)/Seritan_00088.jpg,Seritan,Seritan,all_motifs (1328),Batik Artisan with Seritan Background.jpg,Pesona Canting,2022,raw (crop),142 x 142,sRGB IEC61966-2.1,VJB
4620,Seritan_00089.jpg,Batik_Lasem/motifs (isen-isen)/Seritan/all_motifs (1328)/Seritan_00089.jpg,Seritan,Seritan,all_motifs (1328),Batik Artisan with Seritan Background.jpg,Pesona Canting,2022,raw (crop),142 x 142,sRGB IEC61966-2.1,VJB
4622,Seritan_00091.jpg,Batik_Lasem/motifs (isen-isen)/Seritan/all_motifs (1328)/Seritan_00091.jpg,Seritan,Seritan,all_motifs (1328),Sekar Jagad Chinese Character.jpg,Sekar Kencana,2022,raw (crop),142 x 142,sRGB IEC61966-2.1,VJB
4624,Seritan_00093.jpg,Batik_Lasem/motifs (isen-isen)/Seritan/all_motifs (1328)/Seritan_00093.jpg,Seritan,Seritan,all_motifs (1328),Batik Artisan with Seritan Background.jpg,Pesona Canting,2022,raw (crop),142 x 142,sRGB IEC61966-2.1,VJB
4627,Seritan_00096.jpg,Batik_Lasem/motifs (isen-isen)/Seritan/all_motifs (1328)/Seritan_00096.jpg,Seritan,Seritan,all_motifs (1328),Batik Artisan with Seritan Background.jpg,Pesona Canting,2022,raw (crop),142 x 142,sRGB IEC61966-2.1,VJB
4628,Seritan_00097.jpg,Batik_Lasem/motifs (isen-isen)/Seritan/all_motifs (1328)/Seritan_00097.jpg,Seritan,Seritan,all_motifs (1328),Batik Artisan with Seritan Background.jpg,Pesona Canting,2022,raw (crop),142 x 142,sRGB IEC61966-2.1,VJB
4631,Seritan_00100.jpg,Batik_Lasem/motifs (isen-isen)/Seritan/all_motifs (1328)/Seritan_00100.jpg,Seritan,Seritan,all_motifs (1328),Sekar Jagad Chinese Character.jpg,Sekar Kencana,2022,raw (crop),142 x 142,sRGB IEC61966-2.1,VJB
4632,Seritan_00101.jpg,Batik_Lasem/motifs (isen-isen)/Seritan/all_motifs (1328)/Seritan_00101.jpg,Seritan,Seritan,all_motifs (1328),Sekar Jagad Chinese Character.jpg,Sekar Kencana,2022,raw (crop),142 x 142,sRGB IEC61966-2.1,VJB
4633,Seritan_00102.jpg,Batik_Lasem/motifs (isen-isen)/Seritan/all_motifs (1328)/Seritan_00102.jpg,Seritan,Seritan,all_motifs (1328),Sekar Jagad Chinese Character.jpg,Sekar Kencana,2022,raw (crop),142 x 142,sRGB IEC61966-2.1,VJB
4635,Seritan_00104.jpg,Batik_Lasem/motifs (isen-isen)/Seritan/all_motifs (1328)/Seritan_00104.jpg,Seritan,Seritan,all_motifs (1328),Sekar Jagad Chinese Character.jpg,Sekar Kencana,2022,raw (crop),142 x 142,sRGB IEC61966-2.1,VJB
4637,Seritan_00106.jpg,Batik_Lasem/motifs (isen-isen)/Seritan/all_motifs (1328)/Seritan_00106.jpg,Seritan,Seritan,all_motifs (1328),Sekar Jagad Chinese Character.jpg,Sekar Kencana,2022,raw (crop),142 x 142,sRGB IEC61966-2.1,VJB
4638,Seritan_00107.jpg,Batik_Lasem/motifs (isen-isen)/Seritan/all_motifs (1328)/Seritan_00107.jpg,Seritan,Seritan,all_motifs (1328),Sekar Jagad Chinese Character.jpg,Sekar Kencana,2022,raw (crop),142 x 142,sRGB IEC61966-2.1,VJB
4640,Seritan_00109.jpg,Batik_Lasem/motifs (isen-isen)/Seritan/all_motifs (1328)/Seritan_00109.jpg,Seritan,Seritan,all_motifs (1328),Sekar Jagad Chinese Character.jpg,Sekar Kencana,2022,raw (crop),142 x 142,sRGB IEC61966-2.1,VJB
4642,Seritan_00111.jpg,Batik_Lasem/motifs (isen-isen)/Seritan/all_motifs (1328)/Seritan_00111.jpg,Seritan,Seritan,all_motifs (1328),Sekar Jagad Chinese Character.jpg,Sekar Kencana,2022,raw (crop),142 x 142,sRGB IEC61966-2.1,VJB
4643,Seritan_00112.jpg,Batik_Lasem/motifs (isen-isen)/Seritan/all_motifs (1328)/Seritan_00112.jpg,Seritan,Seritan,all_motifs (1328),Batik Artisan with Seritan Background.jpg,Pesona Canting,2022,raw (crop),142 x 142,sRGB IEC61966-2.1,VJB
4645,Seritan_00114.jpg,Batik_Lasem/motifs (isen-isen)/Seritan/all_motifs (1328)/Seritan_00114.jpg,Seritan,Seritan,all_motifs (1328),Sekar Jagad Chinese Character.jpg,Sekar Kencana,2022,raw (crop),142 x 142,sRGB IEC61966-2.1,VJB
4647,Seritan_00116.jpg,Batik_Lasem/motifs (isen-isen)/Seritan/all_motifs (1328)/Seritan_00116.jpg,Seritan,Seritan,all_motifs (1328),Batik Artisan with Seritan Background.jpg,Pesona Canting,2022,raw (crop),142 x 142,sRGB IEC61966-2.1,VJB
4649,Seritan_00118.jpg,Batik_Lasem/motifs (isen-isen)/Seritan/all_motifs (1328)/Seritan_00118.jpg,Seritan,Seritan,all_motifs (1328),Batik Artisan with Seritan Background.jpg,Pesona Canting,2022,raw (crop),142 x 142,sRGB IEC61966-2.1,VJB
4651,Seritan_00120.jpg,Batik_Lasem/motifs (isen-isen)/Seritan/all_motifs (1328)/Seritan_00120.jpg,Seritan,Seritan,all_motifs (1328),Batik Artisan with Seritan Background.jpg,Pesona Canting,2022,raw (crop),142 x 142,sRGB IEC61966-2.1,VJB
4653,Seritan_00122.jpg,Batik_Lasem/motifs (isen-isen)/Seritan/all_motifs (1328)/Seritan_00122.jpg,Seritan,Seritan,all_motifs (1328),Batik Artisan with Seritan Background.jpg,Pesona Canting,2022,raw (crop),142 x 142,sRGB IEC61966-2.1,VJB
4654,Seritan_00123.jpg,Batik_Lasem/motifs (isen-isen)/Seritan/all_motifs (1328)/Seritan_00123.jpg,Seritan,Seritan,all_motifs (1328),Batik Artisan with Seritan Background.jpg,Pesona Canting,2022,raw (crop),142 x 142,sRGB IEC61966-2.1,VJB
4658,Seritan_00127.jpg,Batik_Lasem/motifs (isen-isen)/Seritan/all_motifs (1328)/Seritan_00127.jpg,Seritan,Seritan,all_motifs (1328),Batik Artisan with Seritan Background.jpg,Pesona Canting,2022,raw (crop),142 x 142,sRGB IEC61966-2.1,VJB
4660,Seritan_00129.jpg,Batik_Lasem/motifs (isen-isen)/Seritan/all_motifs (1328)/Seritan_00129.jpg,Seritan,Seritan,all_motifs (1328),Batik Artisan with Seritan Background.jpg,Pesona Canting,2022,raw (crop),142 x 142,sRGB IEC61966-2.1,VJB
4661,Seritan_00130.jpg,Batik_Lasem/motifs (isen-isen)/Seritan/all_motifs (1328)/Seritan_00130.jpg,Seritan,Seritan,all_motifs (1328),Sekar Jagad Chinese Character.jpg,Sekar Kencana,2022,raw (crop),142 x 142,sRGB IEC61966-2.1,VJB
4664,Seritan_00133.jpg,Batik_Lasem/motifs (isen-isen)/Seritan/all_motifs (1328)/Seritan_00133.jpg,Seritan,Seritan,all_motifs (1328),Sekar Jagad Chinese Character.jpg,Sekar Kencana,2022,raw (crop),142 x 142,sRGB IEC61966-2.1,VJB
4668,Seritan_00137.jpg,Batik_Lasem/motifs (isen-isen)/Seritan/all_motifs (1328)/Seritan_00137.jpg,Seritan,Seritan,all_motifs (1328),Sekar Jagad Chinese Character.jpg,Sekar Kencana,2022,raw (crop),142 x 142,sRGB IEC61966-2.1,VJB
4671,Seritan_00140.jpg,Batik_Lasem/motifs (isen-isen)/Seritan/all_motifs (1328)/Seritan_00140.jpg,Seritan,Seritan,all_motifs (1328),Sekar Jagad Chinese Character.jpg,Sekar Kencana,2022,raw (crop),142 x 142,sRGB IEC61966-2.1,VJB
4672,Seritan_00141.jpg,Batik_Lasem/motifs (isen-isen)/Seritan/all_motifs (1328)/Seritan_00141.jpg,Seritan,Seritan,all_motifs (1328),Sekar Jagad Chinese Character.jpg,Sekar Kencana,2022,raw (crop),142 x 142,sRGB IEC61966-2.1,VJB
4673,Seritan_00142.jpg,Batik_Lasem/motifs (isen-isen)/Seritan/all_motifs (1328)/Seritan_00142.jpg,Seritan,Seritan,all_motifs (1328),Batik Artisan with Seritan Background.jpg,Pesona Canting,2022,raw (crop),142 x 142,sRGB IEC61966-2.1,VJB
4674,Seritan_00143.jpg,Batik_Lasem/motifs (isen-isen)/Seritan/all_motifs (1328)/Seritan_00143.jpg,Seritan,Seritan,all_motifs (1328),Batik Artisan with Seritan Background.jpg,Pesona Canting,2022,raw (crop),142 x 142,sRGB IEC61966-2.1,VJB
4675,Seritan_00144.jpg,Batik_Lasem/motifs (isen-isen)/Seritan/all_motifs (1328)/Seritan_00144.jpg,Seritan,Seritan,all_motifs (1328),Batik Artisan with Seritan Background.jpg,Pesona Canting,2022,raw (crop),142 x 142,sRGB IEC61966-2.1,VJB
4676,Seritan_00145.jpg,Batik_Lasem/motifs (isen-isen)/Seritan/all_motifs (1328)/Seritan_00145.jpg,Seritan,Seritan,all_motifs (1328),Batik Artisan with Seritan Background.jpg,Pesona Canting,2022,raw (crop),142 x 142,sRGB IEC61966-2.1,VJB
4678,Seritan_00147.jpg,Batik_Lasem/motifs (isen-isen)/Seritan/all_motifs (1328)/Seritan_00147.jpg,Seritan,Seritan,all_motifs (1328),Sekar Jagad Chinese Character.jpg,Sekar Kencana,2022,raw (crop),142 x 142,sRGB IEC61966-2.1,VJB
4679,Seritan_00148.jpg,Batik_Lasem/motifs (isen-isen)/Seritan/all_motifs (1328)/Seritan_00148.jpg,Seritan,Seritan,all_motifs (1328),Batik Artisan with Seritan Background.jpg,Pesona Canting,2022,raw (crop),142 x 142,sRGB IEC61966-2.1,VJB
4680,Seritan_00149.jpg,Batik_Lasem/motifs (isen-isen)/Seritan/all_motifs (1328)/Seritan_00149.jpg,Seritan,Seritan,all_motifs (1328),Sekar Jagad Chinese Character.jpg,Sekar Kencana,2022,raw (crop),142 x 142,sRGB IEC61966-2.1,VJB
4681,Seritan_00150.jpg,Batik_Lasem/motifs (isen-isen)/Seritan/all_motifs (1328)/Seritan_00150.jpg,Seritan,Seritan,all_motifs (1328),Sekar Jagad Chinese Character.jpg,Sekar Kencana,2022,raw (crop),142 x 142,sRGB IEC61966-2.1,VJB
4682,Seritan_00151.jpg,Batik_Lasem/motifs (isen-isen)/Seritan/all_motifs (1328)/Seritan_00151.jpg,Seritan,Seritan,all_motifs (1328),Batik Artisan with Seritan Background.jpg,Pesona Canting,2022,raw (crop),142 x 142,sRGB IEC61966-2.1,VJB
4689,Seritan_00158.jpg,Batik_Lasem/motifs (isen-isen)/Seritan/all_motifs (1328)/Seritan_00158.jpg,Seritan,Seritan,all_motifs (1328),Sekar Jagad Chinese Character.jpg,Sekar Kencana,2022,raw (crop),142 x 142,sRGB IEC61966-2.1,VJB
4690,Seritan_00159.jpg,Batik_Lasem/motifs (isen-isen)/Seritan/all_motifs (1328)/Seritan_00159.jpg,Seritan,Seritan,all_motifs (1328),Batik Artisan with Seritan Background.jpg,Pesona Canting,2022,raw (crop),142 x 142,sRGB IEC61966-2.1,VJB
4691,Seritan_00160.jpg,Batik_Lasem/motifs (isen-isen)/Seritan/all_motifs (1328)/Seritan_00160.jpg,Seritan,Seritan,all_motifs (1328),Latohan Dragon.jpg,KUB Srikandi,2022,raw (crop),142 x 142,sRGB IEC61966-2.1,VJB
4694,Seritan_00163.jpg,Batik_Lasem/motifs (isen-isen)/Seritan/all_motifs (1328)/Seritan_00163.jpg,Seritan,Seritan,all_motifs (1328),Latohan Dragon.jpg,KUB Srikandi,2022,raw (crop),142 x 142,sRGB IEC61966-2.1,VJB
4696,Seritan_00165.jpg,Batik_Lasem/motifs (isen-isen)/Seritan/all_motifs (1328)/Seritan_00165.jpg,Seritan,Seritan,all_motifs (1328),Latohan Dragon.jpg,KUB Srikandi,2022,raw (crop),142 x 142,sRGB IEC61966-2.1,VJB
4697,Seritan_00166.jpg,Batik_Lasem/motifs (isen-isen)/Seritan/all_motifs (1328)/Seritan_00166.jpg,Seritan,Seritan,all_motifs (1328),Latohan Dragon.jpg,KUB Srikandi,2022,raw (crop),142 x 142,sRGB IEC61966-2.1,VJB
4698,Seritan_00167.jpg,Batik_Lasem/motifs (isen-isen)/Seritan/all_motifs (1328)/Seritan_00167.jpg,Seritan,Seritan,all_motifs (1328),Latohan Dragon.jpg,KUB Srikandi,2022,raw (crop),142 x 142,sRGB IEC61966-2.1,VJB
4699,Seritan_00168.jpg,Batik_Lasem/motifs (isen-isen)/Seritan/all_motifs (1328)/Seritan_00168.jpg,Seritan,Seritan,all_motifs (1328),Latohan Dragon.jpg,KUB Srikandi,2022,raw (crop),142 x 142,sRGB IEC61966-2.1,VJB
4701,Seritan_00170.jpg,Batik_Lasem/motifs (isen-isen)/Seritan/all_motifs (1328)/Seritan_00170.jpg,Seritan,Seritan,all_motifs (1328),Latohan Dragon.jpg,KUB Srikandi,2022,raw (crop),142 x 142,sRGB IEC61966-2.1,VJB
4702,Seritan_00171.jpg,Batik_Lasem/motifs (isen-isen)/Seritan/all_motifs (1328)/Seritan_00171.jpg,Seritan,Seritan,all_motifs (1328),Latohan Dragon.jpg,KUB Srikandi,2022,raw (crop),28 x 28,sRGB IEC61966-2.1,VJB
4703,Seritan_00172.jpg,Batik_Lasem/motifs (isen-isen)/Seritan/all_motifs (1328)/Seritan_00172.jpg,Seritan,Seritan,all_motifs (1328),Artisan Latar Tanahan.jpg,Pesona Canting,2022,raw (crop),142 x 142,sRGB IEC61966-2.1,VJB
4704,Seritan_00173.jpg,Batik_Lasem/motifs (isen-isen)/Seritan/all_motifs (1328)/Seritan_00173.jpg,Seritan,Seritan,all_motifs (1328),Latohan Dragon.jpg,KUB Srikandi,2022,raw (crop),28 x 28,sRGB IEC61966-2.1,VJB
4705,Seritan_00174.jpg,Batik_Lasem/motifs (isen-isen)/Seritan/all_motifs (1328)/Seritan_00174.jpg,Seritan,Seritan,all_motifs (1328),Artisan Latar Tanahan.jpg,Pesona Canting,2022,raw (crop),142 x 142,sRGB IEC61966-2.1,VJB
4706,Seritan_00175.jpg,Batik_Lasem/motifs (isen-isen)/Seritan/all_motifs (1328)/Seritan_00175.jpg,Seritan,Seritan,all_motifs (1328),Latohan Dragon.jpg,KUB Srikandi,2022,raw (crop),28 x 28,sRGB IEC61966-2.1,VJB
4709,Seritan_00178.jpg,Batik_Lasem/motifs (isen-isen)/Seritan/all_motifs (1328)/Seritan_00178.jpg,Seritan,Seritan,all_motifs (1328),Artisan Latar Tanahan.jpg,Pesona Canting,2022,raw (crop),142 x 142,sRGB IEC61966-2.1,VJB
4710,Seritan_00179.jpg,Batik_Lasem/motifs (isen-isen)/Seritan/all_motifs (1328)/Seritan_00179.jpg,Seritan,Seritan,all_motifs (1328),Latohan Dragon.jpg,KUB Srikandi,2022,raw (crop),28 x 28,sRGB IEC61966-2.1,VJB
4711,Seritan_00180.jpg,Batik_Lasem/motifs (isen-isen)/Seritan/all_motifs (1328)/Seritan_00180.jpg,Seritan,Seritan,all_motifs (1328),Artisan Latar Tanahan.jpg,Pesona Canting,2022,raw (crop),142 x 142,sRGB IEC61966-2.1,VJB
4714,Seritan_00183.jpg,Batik_Lasem/motifs (isen-isen)/Seritan/all_motifs (1328)/Seritan_00183.jpg,Seritan,Seritan,all_motifs (1328),Latohan Dragon.jpg,KUB Srikandi,2022,raw (crop),28 x 28,sRGB IEC61966-2.1,VJB
4715,Seritan_00184.jpg,Batik_Lasem/motifs (isen-isen)/Seritan/all_motifs (1328)/Seritan_00184.jpg,Seritan,Seritan,all_motifs (1328),Artisan Latar Tanahan.jpg,Pesona Canting,2022,raw (crop),142 x 142,sRGB IEC61966-2.1,VJB
4720,Seritan_00189.jpg,Batik_Lasem/motifs (isen-isen)/Seritan/all_motifs (1328)/Seritan_00189.jpg,Seritan,Seritan,all_motifs (1328),Sekar Jagad Chinese Character.jpg,Sekar Kencana,2022,raw (crop),142 x 142,sRGB IEC61966-2.1,VJB
4721,Seritan_00190.jpg,Batik_Lasem/motifs (isen-isen)/Seritan/all_motifs (1328)/Seritan_00190.jpg,Seritan,Seritan,all_motifs (1328),Latohan Dragon.jpg,KUB Srikandi,2022,raw (crop),28 x 28,sRGB IEC61966-2.1,VJB
4723,Seritan_00192.jpg,Batik_Lasem/motifs (isen-isen)/Seritan/all_motifs (1328)/Seritan_00192.jpg,Seritan,Seritan,all_motifs (1328),Latohan Dragon.jpg,KUB Srikandi,2022,raw (crop),28 x 28,sRGB IEC61966-2.1,VJB
4725,Seritan_00194.jpg,Batik_Lasem/motifs (isen-isen)/Seritan/all_motifs (1328)/Seritan_00194.jpg,Seritan,Seritan,all_motifs (1328),Latohan Dragon.jpg,KUB Srikandi,2022,raw (crop),28 x 28,sRGB IEC61966-2.1,VJB
4727,Seritan_00196.jpg,Batik_Lasem/motifs (isen-isen)/Seritan/all_motifs (1328)/Seritan_00196.jpg,Seritan,Seritan,all_motifs (1328),Latohan Dragon.jpg,KUB Srikandi,2022,raw (crop),28 x 28,sRGB IEC61966-2.1,VJB
4730,Seritan_00199.jpg,Batik_Lasem/motifs (isen-isen)/Seritan/all_motifs (1328)/Seritan_00199.jpg,Seritan,Seritan,all_motifs (1328),Artisan Latar Tanahan.jpg,Pesona Canting,2022,raw (crop),142 x 142,sRGB IEC61966-2.1,VJB
4734,Seritan_00203.jpg,Batik_Lasem/motifs (isen-isen)/Seritan/all_motifs (1328)/Seritan_00203.jpg,Seritan,Seritan,all_motifs (1328),Artisan Latar Tanahan.jpg,Pesona Canting,2022,raw (crop),142 x 142,sRGB IEC61966-2.1,VJB
4736,Seritan_00205.jpg,Batik_Lasem/motifs (isen-isen)/Seritan/all_motifs (1328)/Seritan_00205.jpg,Seritan,Seritan,all_motifs (1328),Artisan Latar Tanahan.jpg,Pesona Canting,2022,raw (crop),142 x 142,sRGB IEC61966-2.1,VJB
4738,Seritan_00207.jpg,Batik_Lasem/motifs (isen-isen)/Seritan/all_motifs (1328)/Seritan_00207.jpg,Seritan,Seritan,all_motifs (1328),Artisan Latar Tanahan.jpg,Pesona Canting,2022,raw (crop),142 x 142,sRGB IEC61966-2.1,VJB
4741,Seritan_00210.jpg,Batik_Lasem/motifs (isen-isen)/Seritan/all_motifs (1328)/Seritan_00210.jpg,Seritan,Seritan,all_motifs (1328),Sekar Jagad Chinese Character.jpg,Sekar Kencana,2022,raw (crop),142 x 142,sRGB IEC61966-2.1,VJB
4743,Seritan_00212.jpg,Batik_Lasem/motifs (isen-isen)/Seritan/all_motifs (1328)/Seritan_00212.jpg,Seritan,Seritan,all_motifs (1328),Artisan Latar Tanahan.jpg,Pesona Canting,2022,raw (crop),142 x 142,sRGB IEC61966-2.1,VJB
4744,Seritan_00213.jpg,Batik_Lasem/motifs (isen-isen)/Seritan/all_motifs (1328)/Seritan_00213.jpg,Seritan,Seritan,all_motifs (1328),Latohan Dragon.jpg,KUB Srikandi,2022,raw (crop),28 x 28,sRGB IEC61966-2.1,VJB
4745,Seritan_00214.jpg,Batik_Lasem/motifs (isen-isen)/Seritan/all_motifs (1328)/Seritan_00214.jpg,Seritan,Seritan,all_motifs (1328),Artisan Latar Tanahan.jpg,Pesona Canting,2022,raw (crop),142 x 142,sRGB IEC61966-2.1,VJB
4747,Seritan_00216.jpg,Batik_Lasem/motifs (isen-isen)/Seritan/all_motifs (1328)/Seritan_00216.jpg,Seritan,Seritan,all_motifs (1328),Artisan Latar Tanahan.jpg,Pesona Canting,2022,raw (crop),142 x 142,sRGB IEC61966-2.1,VJB
4749,Seritan_00218.jpg,Batik_Lasem/motifs (isen-isen)/Seritan/all_motifs (1328)/Seritan_00218.jpg,Seritan,Seritan,all_motifs (1328),Artisan Latar Tanahan.jpg,Pesona Canting,2022,raw (crop),142 x 142,sRGB IEC61966-2.1,VJB
4751,Seritan_00220.jpg,Batik_Lasem/motifs (isen-isen)/Seritan/all_motifs (1328)/Seritan_00220.jpg,Seritan,Seritan,all_motifs (1328),Artisan Latar Tanahan.jpg,Pesona Canting,2022,raw (crop),142 x 142,sRGB IEC61966-2.1,VJB
4754,Seritan_00223.jpg,Batik_Lasem/motifs (isen-isen)/Seritan/all_motifs (1328)/Seritan_00223.jpg,Seritan,Seritan,all_motifs (1328),Latohan Dragon.jpg,KUB Srikandi,2022,raw (crop),28 x 28,sRGB IEC61966-2.1,VJB
4758,Seritan_00227.jpg,Batik_Lasem/motifs (isen-isen)/Seritan/all_motifs (1328)/Seritan_00227.jpg,Seritan,Seritan,all_motifs (1328),Latohan Dragon.jpg,KUB Srikandi,2022,raw (crop),28 x 28,sRGB IEC61966-2.1,VJB
4759,Seritan_00228.jpg,Batik_Lasem/motifs (isen-isen)/Seritan/all_motifs (1328)/Seritan_00228.jpg,Seritan,Seritan,all_motifs (1328),Artisan Latar Tanahan.jpg,Pesona Canting,2022,raw (crop),142 x 142,sRGB IEC61966-2.1,VJB
4760,Seritan_00229.jpg,Batik_Lasem/motifs (isen-isen)/Seritan/all_motifs (1328)/Seritan_00229.jpg,Seritan,Seritan,all_motifs (1328),Latohan Dragon.jpg,KUB Srikandi,2022,raw (crop),28 x 28,sRGB IEC61966-2.1,VJB
4761,Seritan_00230.jpg,Batik_Lasem/motifs (isen-isen)/Seritan/all_motifs (1328)/Seritan_00230.jpg,Seritan,Seritan,all_motifs (1328),Artisan Latar Tanahan.jpg,Pesona Canting,2022,raw (crop),142 x 142,sRGB IEC61966-2.1,VJB
4762,Seritan_00231.jpg,Batik_Lasem/motifs (isen-isen)/Seritan/all_motifs (1328)/Seritan_00231.jpg,Seritan,Seritan,all_motifs (1328),Sekar Jagad Chinese Character.jpg,Sekar Kencana,2022,raw (crop),142 x 142,sRGB IEC61966-2.1,VJB
4767,Seritan_00236.jpg,Batik_Lasem/motifs (isen-isen)/Seritan/all_motifs (1328)/Seritan_00236.jpg,Seritan,Seritan,all_motifs (1328),Latohan Dragon.jpg,KUB Srikandi,2022,raw (crop),28 x 28,sRGB IEC61966-2.1,VJB
4768,Seritan_00237.jpg,Batik_Lasem/motifs (isen-isen)/Seritan/all_motifs (1328)/Seritan_00237.jpg,Seritan,Seritan,all_motifs (1328),Artisan Latar Tanahan.jpg,Pesona Canting,2022,raw (crop),142 x 142,sRGB IEC61966-2.1,VJB
4771,Seritan_00240.jpg,Batik_Lasem/motifs (isen-isen)/Seritan/all_motifs (1328)/Seritan_00240.jpg,Seritan,Seritan,all_motifs (1328),Latohan Dragon.jpg,KUB Srikandi,2022,raw (crop),28 x 28,sRGB IEC61966-2.1,VJB
4772,Seritan_00241.jpg,Batik_Lasem/motifs (isen-isen)/Seritan/all_motifs (1328)/Seritan_00241.jpg,Seritan,Seritan,all_motifs (1328),Artisan Latar Tanahan.jpg,Pesona Canting,2022,raw (crop),142 x 142,sRGB IEC61966-2.1,VJB
4773,Seritan_00242.jpg,Batik_Lasem/motifs (isen-isen)/Seritan/all_motifs (1328)/Seritan_00242.jpg,Seritan,Seritan,all_motifs (1328),Latohan Dragon.jpg,KUB Srikandi,2022,raw (crop),28 x 28,sRGB IEC61966-2.1,VJB
4775,Seritan_00244.jpg,Batik_Lasem/motifs (isen-isen)/Seritan/all_motifs (1328)/Seritan_00244.jpg,Seritan,Seritan,all_motifs (1328),Latohan Dragon.jpg,KUB Srikandi,2022,raw (crop),28 x 28,sRGB IEC61966-2.1,VJB
4777,Seritan_00246.jpg,Batik_Lasem/motifs (isen-isen)/Seritan/all_motifs (1328)/Seritan_00246.jpg,Seritan,Seritan,all_motifs (1328),Latohan Dragon.jpg,KUB Srikandi,2022,raw (crop),28 x 28,sRGB IEC61966-2.1,VJB
4778,Seritan_00247.jpg,Batik_Lasem/motifs (isen-isen)/Seritan/all_motifs (1328)/Seritan_00247.jpg,Seritan,Seritan,all_motifs (1328),King of the Jungle and Trees.jpg,Pesona Canting,2022,raw (crop),142 x 142,sRGB IEC61966-2.1,VJB
4780,Seritan_00249.jpg,Batik_Lasem/motifs (isen-isen)/Seritan/all_motifs (1328)/Seritan_00249.jpg,Seritan,Seritan,all_motifs (1328),King of the Jungle and Trees.jpg,Pesona Canting,2022,raw (crop),142 x 142,sRGB IEC61966-2.1,VJB
4782,Seritan_00251.jpg,Batik_Lasem/motifs (isen-isen)/Seritan/all_motifs (1328)/Seritan_00251.jpg,Seritan,Seritan,all_motifs (1328),King of the Jungle and Trees.jpg,Pesona Canting,2022,raw (crop),142 x 142,sRGB IEC61966-2.1,VJB
4783,Seritan_00252.jpg,Batik_Lasem/motifs (isen-isen)/Seritan/all_motifs (1328)/Seritan_00252.jpg,Seritan,Seritan,all_motifs (1328),Sekar Jagad Chinese Character.jpg,Sekar Kencana,2022,raw (crop),142 x 142,sRGB IEC61966-2.1,VJB
4786,Seritan_00255.jpg,Batik_Lasem/motifs (isen-isen)/Seritan/all_motifs (1328)/Seritan_00255.jpg,Seritan,Seritan,all_motifs (1328),Artisan Latar Tanahan.jpg,Pesona Canting,2022,raw (crop),28 x 28,sRGB IEC61966-2.1,VJB
4792,Seritan_00261.jpg,Batik_Lasem/motifs (isen-isen)/Seritan/all_motifs (1328)/Seritan_00261.jpg,Seritan,Seritan,all_motifs (1328),Artisan Latar Tanahan.jpg,Pesona Canting,2022,raw (crop),28 x 28,sRGB IEC61966-2.1,VJB
4793,Seritan_00262.jpg,Batik_Lasem/motifs (isen-isen)/Seritan/all_motifs (1328)/Seritan_00262.jpg,Seritan,Seritan,all_motifs (1328),Isen Cloth 3.jpg,Pusaka Beruang,2022,raw (crop),142 x 142,sRGB IEC61966-2.1,VJB
4796,Seritan_00265.jpg,Batik_Lasem/motifs (isen-isen)/Seritan/all_motifs (1328)/Seritan_00265.jpg,Seritan,Seritan,all_motifs (1328),Artisan Latar Tanahan.jpg,Pesona Canting,2022,raw (crop),28 x 28,sRGB IEC61966-2.1,VJB
4801,Seritan_00270.jpg,Batik_Lasem/motifs (isen-isen)/Seritan/all_motifs (1328)/Seritan_00270.jpg,Seritan,Seritan,all_motifs (1328),Isen Cloth 3.jpg,Pusaka Beruang,2022,raw (crop),142 x 142,sRGB IEC61966-2.1,VJB
4802,Seritan_00271.jpg,Batik_Lasem/motifs (isen-isen)/Seritan/all_motifs (1328)/Seritan_00271.jpg,Seritan,Seritan,all_motifs (1328),Artisan Latar Tanahan.jpg,Pesona Canting,2022,raw (crop),28 x 28,sRGB IEC61966-2.1,VJB
4803,Seritan_00272.jpg,Batik_Lasem/motifs (isen-isen)/Seritan/all_motifs (1328)/Seritan_00272.jpg,Seritan,Seritan,all_motifs (1328),Isen Cloth 3.jpg,Pusaka Beruang,2022,raw (crop),142 x 142,sRGB IEC61966-2.1,VJB
4805,Seritan_00274.jpg,Batik_Lasem/motifs (isen-isen)/Seritan/all_motifs (1328)/Seritan_00274.jpg,Seritan,Seritan,all_motifs (1328),Isen Cloth 4.jpg,KUB Srikandi,2022,raw (crop),142 x 142,sRGB IEC61966-2.1,VJB
4806,Seritan_00275.jpg,Batik_Lasem/motifs (isen-isen)/Seritan/all_motifs (1328)/Seritan_00275.jpg,Seritan,Seritan,all_motifs (1328),Artisan Latar Tanahan.jpg,Pesona Canting,2022,raw (crop),28 x 28,sRGB IEC61966-2.1,VJB
4808,Seritan_00277.jpg,Batik_Lasem/motifs (isen-isen)/Seritan/all_motifs (1328)/Seritan_00277.jpg,Seritan,Seritan,all_motifs (1328),Isen Cloth 4.jpg,KUB Srikandi,2022,raw (crop),28 x 28,sRGB IEC61966-2.1,VJB
4809,Seritan_00278.jpg,Batik_Lasem/motifs (isen-isen)/Seritan/all_motifs (1328)/Seritan_00278.jpg,Seritan,Seritan,all_motifs (1328),Isen Cloth 4.jpg,KUB Srikandi,2022,raw (crop),28 x 28,sRGB IEC61966-2.1,VJB
4810,Seritan_00279.jpg,Batik_Lasem/motifs (isen-isen)/Seritan/all_motifs (1328)/Seritan_00279.jpg,Seritan,Seritan,all_motifs (1328),Isen Cloth 4.jpg,KUB Srikandi,2022,raw (crop),28 x 28,sRGB IEC61966-2.1,VJB
4812,Seritan_00281.jpg,Batik_Lasem/motifs (isen-isen)/Seritan/all_motifs (1328)/Seritan_00281.jpg,Seritan,Seritan,all_motifs (1328),Isen Cloth 4.jpg,KUB Srikandi,2022,raw (crop),28 x 28,sRGB IEC61966-2.1,VJB
4813,Seritan_00282.jpg,Batik_Lasem/motifs (isen-isen)/Seritan/all_motifs (1328)/Seritan_00282.jpg,Seritan,Seritan,all_motifs (1328),Isen Cloth 4.jpg,KUB Srikandi,2022,raw (crop),28 x 28,sRGB IEC61966-2.1,VJB
4814,Seritan_00283.jpg,Batik_Lasem/motifs (isen-isen)/Seritan/all_motifs (1328)/Seritan_00283.jpg,Seritan,Seritan,all_motifs (1328),Isen Cloth 4.jpg,KUB Srikandi,2022,raw (crop),28 x 28,sRGB IEC61966-2.1,VJB
4815,Seritan_00284.jpg,Batik_Lasem/motifs (isen-isen)/Seritan/all_motifs (1328)/Seritan_00284.jpg,Seritan,Seritan,all_motifs (1328),Isen Cloth 4.jpg,KUB Srikandi,2022,raw (crop),28 x 28,sRGB IEC61966-2.1,VJB
4816,Seritan_00285.jpg,Batik_Lasem/motifs (isen-isen)/Seritan/all_motifs (1328)/Seritan_00285.jpg,Seritan,Seritan,all_motifs (1328),Isen Cloth 4.jpg,KUB Srikandi,2022,raw (crop),28 x 28,sRGB IEC61966-2.1,VJB
4817,Seritan_00286.jpg,Batik_Lasem/motifs (isen-isen)/Seritan/all_motifs (1328)/Seritan_00286.jpg,Seritan,Seritan,all_motifs (1328),Isen Cloth 4.jpg,KUB Srikandi,2022,raw (crop),142 x 142,sRGB IEC61966-2.1,VJB
4818,Seritan_00287.jpg,Batik_Lasem/motifs (isen-isen)/Seritan/all_motifs (1328)/Seritan_00287.jpg,Seritan,Seritan,all_motifs (1328),Isen Cloth 4.jpg,KUB Srikandi,2022,raw (crop),28 x 28,sRGB IEC61966-2.1,VJB
4819,Seritan_00288.jpg,Batik_Lasem/motifs (isen-isen)/Seritan/all_motifs (1328)/Seritan_00288.jpg,Seritan,Seritan,all_motifs (1328),Isen Cloth 4.jpg,KUB Srikandi,2022,raw (crop),28 x 28,sRGB IEC61966-2.1,VJB
4820,Seritan_00289.jpg,Batik_Lasem/motifs (isen-isen)/Seritan/all_motifs (1328)/Seritan_00289.jpg,Seritan,Seritan,all_motifs (1328),Isen Cloth 4.jpg,KUB Srikandi,2022,raw (crop),28 x 28,sRGB IEC61966-2.1,VJB
4821,Seritan_00290.jpg,Batik_Lasem/motifs (isen-isen)/Seritan/all_motifs (1328)/Seritan_00290.jpg,Seritan,Seritan,all_motifs (1328),Isen Cloth 4.jpg,KUB Srikandi,2022,raw (crop),28 x 28,sRGB IEC61966-2.1,VJB
4823,Seritan_00292.jpg,Batik_Lasem/motifs (isen-isen)/Seritan/all_motifs (1328)/Seritan_00292.jpg,Seritan,Seritan,all_motifs (1328),Isen Cloth 4.jpg,KUB Srikandi,2022,raw (crop),28 x 28,sRGB IEC61966-2.1,VJB
4825,Seritan_00294.jpg,Batik_Lasem/motifs (isen-isen)/Seritan/all_motifs (1328)/Seritan_00294.jpg,Seritan,Seritan,all_motifs (1328),Isen Cloth 4.jpg,KUB Srikandi,2022,raw (crop),28 x 28,sRGB IEC61966-2.1,VJB
4827,Seritan_00296.jpg,Batik_Lasem/motifs (isen-isen)/Seritan/all_motifs (1328)/Seritan_00296.jpg,Seritan,Seritan,all_motifs (1328),Isen Cloth 4.jpg,KUB Srikandi,2022,raw (crop),28 x 28,sRGB IEC61966-2.1,VJB
4829,Seritan_00298.jpg,Batik_Lasem/motifs (isen-isen)/Seritan/all_motifs (1328)/Seritan_00298.jpg,Seritan,Seritan,all_motifs (1328),Isen Cloth 4.jpg,KUB Srikandi,2022,raw (crop),28 x 28,sRGB IEC61966-2.1,VJB
4831,Seritan_00300.jpg,Batik_Lasem/motifs (isen-isen)/Seritan/all_motifs (1328)/Seritan_00300.jpg,Seritan,Seritan,all_motifs (1328),Isen Cloth 4.jpg,KUB Srikandi,2022,raw (crop),28 x 28,sRGB IEC61966-2.1,VJB
4834,Seritan_00303.jpg,Batik_Lasem/motifs (isen-isen)/Seritan/all_motifs (1328)/Seritan_00303.jpg,Seritan,Seritan,all_motifs (1328),Isen Cloth 4.jpg,KUB Srikandi,2022,raw (crop),28 x 28,sRGB IEC61966-2.1,VJB
4835,Seritan_00304.jpg,Batik_Lasem/motifs (isen-isen)/Seritan/all_motifs (1328)/Seritan_00304.jpg,Seritan,Seritan,all_motifs (1328),Isen Cloth 4.jpg,KUB Srikandi,2022,raw (crop),28 x 28,sRGB IEC61966-2.1,VJB
4837,Seritan_00306.jpg,Batik_Lasem/motifs (isen-isen)/Seritan/all_motifs (1328)/Seritan_00306.jpg,Seritan,Seritan,all_motifs (1328),Isen Cloth 4.jpg,KUB Srikandi,2022,raw (crop),28 x 28,sRGB IEC61966-2.1,VJB
4838,Seritan_00307.jpg,Batik_Lasem/motifs (isen-isen)/Seritan/all_motifs (1328)/Seritan_00307.jpg,Seritan,Seritan,all_motifs (1328),Isen Cloth 4.jpg,KUB Srikandi,2022,raw (crop),28 x 28,sRGB IEC61966-2.1,VJB
4845,Seritan_00314.jpg,Batik_Lasem/motifs (isen-isen)/Seritan/all_motifs (1328)/Seritan_00314.jpg,Seritan,Seritan,all_motifs (1328),Isen Cloth 4.jpg,KUB Srikandi,2022,raw (crop),28 x 28,sRGB IEC61966-2.1,VJB
4846,Seritan_00315.jpg,Batik_Lasem/motifs (isen-isen)/Seritan/all_motifs (1328)/Seritan_00315.jpg,Seritan,Seritan,all_motifs (1328),Isen Cloth 4.jpg,KUB Srikandi,2022,raw (crop),28 x 28,sRGB IEC61966-2.1,VJB
4851,Seritan_00320.jpg,Batik_Lasem/motifs (isen-isen)/Seritan/all_motifs (1328)/Seritan_00320.jpg,Seritan,Seritan,all_motifs (1328),Isen Cloth 4.jpg,KUB Srikandi,2022,raw (crop),28 x 28,sRGB IEC61966-2.1,VJB
4852,Seritan_00321.jpg,Batik_Lasem/motifs (isen-isen)/Seritan/all_motifs (1328)/Seritan_00321.jpg,Seritan,Seritan,all_motifs (1328),Isen Cloth 4.jpg,KUB Srikandi,2022,raw (crop),28 x 28,sRGB IEC61966-2.1,VJB
4853,Seritan_00322.jpg,Batik_Lasem/motifs (isen-isen)/Seritan/all_motifs (1328)/Seritan_00322.jpg,Seritan,Seritan,all_motifs (1328),Isen Cloth 4.jpg,KUB Srikandi,2022,raw (crop),28 x 28,sRGB IEC61966-2.1,VJB
4855,Seritan_00324.jpg,Batik_Lasem/motifs (isen-isen)/Seritan/all_motifs (1328)/Seritan_00324.jpg,Seritan,Seritan,all_motifs (1328),Isen Cloth 4.jpg,KUB Srikandi,2022,raw (crop),28 x 28,sRGB IEC61966-2.1,VJB
4857,Seritan_00326.jpg,Batik_Lasem/motifs (isen-isen)/Seritan/all_motifs (1328)/Seritan_00326.jpg,Seritan,Seritan,all_motifs (1328),Isen Cloth 4.jpg,KUB Srikandi,2022,raw (crop),28 x 28,sRGB IEC61966-2.1,VJB
4861,Seritan_00330.jpg,Batik_Lasem/motifs (isen-isen)/Seritan/all_motifs (1328)/Seritan_00330.jpg,Seritan,Seritan,all_motifs (1328),Isen Cloth 4.jpg,KUB Srikandi,2022,raw (crop),142 x 142,sRGB IEC61966-2.1,VJB
4862,Seritan_00331.jpg,Batik_Lasem/motifs (isen-isen)/Seritan/all_motifs (1328)/Seritan_00331.jpg,Seritan,Seritan,all_motifs (1328),Isen Cloth 4.jpg,KUB Srikandi,2022,raw (crop),28 x 28,sRGB IEC61966-2.1,VJB
4866,Seritan_00335.jpg,Batik_Lasem/motifs (isen-isen)/Seritan/all_motifs (1328)/Seritan_00335.jpg,Seritan,Seritan,all_motifs (1328),Isen Cloth 4.jpg,KUB Srikandi,2022,raw (crop),28 x 28,sRGB IEC61966-2.1,VJB
4868,Seritan_00337.jpg,Batik_Lasem/motifs (isen-isen)/Seritan/all_motifs (1328)/Seritan_00337.jpg,Seritan,Seritan,all_motifs (1328),Isen Cloth 4.jpg,KUB Srikandi,2022,raw (crop),28 x 28,sRGB IEC61966-2.1,VJB
4871,Seritan_00340.jpg,Batik_Lasem/motifs (isen-isen)/Seritan/all_motifs (1328)/Seritan_00340.jpg,Seritan,Seritan,all_motifs (1328),Isen Cloth 4.jpg,KUB Srikandi,2022,raw (crop),28 x 28,sRGB IEC61966-2.1,VJB
4872,Seritan_00341.jpg,Batik_Lasem/motifs (isen-isen)/Seritan/all_motifs (1328)/Seritan_00341.jpg,Seritan,Seritan,all_motifs (1328),Isen Cloth 4.jpg,KUB Srikandi,2022,raw (crop),142 x 142,sRGB IEC61966-2.1,VJB
4873,Seritan_00342.jpg,Batik_Lasem/motifs (isen-isen)/Seritan/all_motifs (1328)/Seritan_00342.jpg,Seritan,Seritan,all_motifs (1328),Isen Cloth 4.jpg,KUB Srikandi,2022,raw (crop),28 x 28,sRGB IEC61966-2.1,VJB
4874,Seritan_00343.jpg,Batik_Lasem/motifs (isen-isen)/Seritan/all_motifs (1328)/Seritan_00343.jpg,Seritan,Seritan,all_motifs (1328),Isen Cloth 4.jpg,KUB Srikandi,2022,raw (crop),28 x 28,sRGB IEC61966-2.1,VJB
4875,Seritan_00344.jpg,Batik_Lasem/motifs (isen-isen)/Seritan/all_motifs (1328)/Seritan_00344.jpg,Seritan,Seritan,all_motifs (1328),Isen Cloth 4.jpg,KUB Srikandi,2022,raw (crop),28 x 28,sRGB IEC61966-2.1,VJB
4877,Seritan_00346.jpg,Batik_Lasem/motifs (isen-isen)/Seritan/all_motifs (1328)/Seritan_00346.jpg,Seritan,Seritan,all_motifs (1328),Isen Cloth 4.jpg,KUB Srikandi,2022,raw (crop),28 x 28,sRGB IEC61966-2.1,VJB
4878,Seritan_00347.jpg,Batik_Lasem/motifs (isen-isen)/Seritan/all_motifs (1328)/Seritan_00347.jpg,Seritan,Seritan,all_motifs (1328),Isen Cloth 4.jpg,KUB Srikandi,2022,raw (crop),28 x 28,sRGB IEC61966-2.1,VJB
4879,Seritan_00348.jpg,Batik_Lasem/motifs (isen-isen)/Seritan/all_motifs (1328)/Seritan_00348.jpg,Seritan,Seritan,all_motifs (1328),Isen Cloth 4.jpg,KUB Srikandi,2022,raw (crop),28 x 28,sRGB IEC61966-2.1,VJB
4880,Seritan_00349.jpg,Batik_Lasem/motifs (isen-isen)/Seritan/all_motifs (1328)/Seritan_00349.jpg,Seritan,Seritan,all_motifs (1328),Isen Cloth 4.jpg,KUB Srikandi,2022,raw (crop),28 x 28,sRGB IEC61966-2.1,VJB
4882,Seritan_00351.jpg,Batik_Lasem/motifs (isen-isen)/Seritan/all_motifs (1328)/Seritan_00351.jpg,Seritan,Seritan,all_motifs (1328),Isen Cloth 4.jpg,KUB Srikandi,2022,raw (crop),142 x 142,sRGB IEC61966-2.1,VJB
4884,Seritan_00353.jpg,Batik_Lasem/motifs (isen-isen)/Seritan/all_motifs (1328)/Seritan_00353.jpg,Seritan,Seritan,all_motifs (1328),Isen Cloth 4.jpg,KUB Srikandi,2022,raw (crop),28 x 28,sRGB IEC61966-2.1,VJB
4885,Seritan_00354.jpg,Batik_Lasem/motifs (isen-isen)/Seritan/all_motifs (1328)/Seritan_00354.jpg,Seritan,Seritan,all_motifs (1328),Isen Cloth 4.jpg,KUB Srikandi,2022,raw (crop),28 x 28,sRGB IEC61966-2.1,VJB
4886,Seritan_00355.jpg,Batik_Lasem/motifs (isen-isen)/Seritan/all_motifs (1328)/Seritan_00355.jpg,Seritan,Seritan,all_motifs (1328),Isen Cloth 4.jpg,KUB Srikandi,2022,raw (crop),28 x 28,sRGB IEC61966-2.1,VJB
4891,Seritan_00360.jpg,Batik_Lasem/motifs (isen-isen)/Seritan/all_motifs (1328)/Seritan_00360.jpg,Seritan,Seritan,all_motifs (1328),Isen Cloth 4.jpg,KUB Srikandi,2022,raw (crop),28 x 28,sRGB IEC61966-2.1,VJB
4893,Seritan_00362.jpg,Batik_Lasem/motifs (isen-isen)/Seritan/all_motifs (1328)/Seritan_00362.jpg,Seritan,Seritan,all_motifs (1328),Isen Cloth 4.jpg,KUB Srikandi,2022,raw (crop),142 x 142,sRGB IEC61966-2.1,VJB
4895,Seritan_00364.jpg,Batik_Lasem/motifs (isen-isen)/Seritan/all_motifs (1328)/Seritan_00364.jpg,Seritan,Seritan,all_motifs (1328),Isen Cloth 4.jpg,KUB Srikandi,2022,raw (crop),28 x 28,sRGB IEC61966-2.1,VJB
4896,Seritan_00365.jpg,Batik_Lasem/motifs (isen-isen)/Seritan/all_motifs (1328)/Seritan_00365.jpg,Seritan,Seritan,all_motifs (1328),Isen Cloth 4.jpg,KUB Srikandi,2022,raw (crop),28 x 28,sRGB IEC61966-2.1,VJB
4897,Seritan_00366.jpg,Batik_Lasem/motifs (isen-isen)/Seritan/all_motifs (1328)/Seritan_00366.jpg,Seritan,Seritan,all_motifs (1328),Isen Cloth 4.jpg,KUB Srikandi,2022,raw (crop),28 x 28,sRGB IEC61966-2.1,VJB
4899,Seritan_00368.jpg,Batik_Lasem/motifs (isen-isen)/Seritan/all_motifs (1328)/Seritan_00368.jpg,Seritan,Seritan,all_motifs (1328),Isen Cloth 4.jpg,KUB Srikandi,2022,raw (crop),28 x 28,sRGB IEC61966-2.1,VJB
4900,Seritan_00369.jpg,Batik_Lasem/motifs (isen-isen)/Seritan/all_motifs (1328)/Seritan_00369.jpg,Seritan,Seritan,all_motifs (1328),Isen Cloth 4.jpg,KUB Srikandi,2022,raw (crop),28 x 28,sRGB IEC61966-2.1,VJB
4903,Seritan_00372.jpg,Batik_Lasem/motifs (isen-isen)/Seritan/all_motifs (1328)/Seritan_00372.jpg,Seritan,Seritan,all_motifs (1328),Batik Artisan with Seritan Background.jpg,KUB Srikandi,2022,raw (crop),28 x 28,sRGB IEC61966-2.1,VJB
4906,Seritan_00375.jpg,Batik_Lasem/motifs (isen-isen)/Seritan/all_motifs (1328)/Seritan_00375.jpg,Seritan,Seritan,all_motifs (1328),Isen Cloth 4.jpg,KUB Srikandi,2022,raw (crop),28 x 28,sRGB IEC61966-2.1,VJB
4907,Seritan_00376.jpg,Batik_Lasem/motifs (isen-isen)/Seritan/all_motifs (1328)/Seritan_00376.jpg,Seritan,Seritan,all_motifs (1328),Isen Cloth 4.jpg,KUB Srikandi,2022,raw (crop),28 x 28,sRGB IEC61966-2.1,VJB
4908,Seritan_00377.jpg,Batik_Lasem/motifs (isen-isen)/Seritan/all_motifs (1328)/Seritan_00377.jpg,Seritan,Seritan,all_motifs (1328),Isen Cloth 4.jpg,KUB Srikandi,2022,raw (crop),28 x 28,sRGB IEC61966-2.1,VJB
4909,Seritan_00378.jpg,Batik_Lasem/motifs (isen-isen)/Seritan/all_motifs (1328)/Seritan_00378.jpg,Seritan,Seritan,all_motifs (1328),Isen Cloth 4.jpg,KUB Srikandi,2022,raw (crop),28 x 28,sRGB IEC61966-2.1,VJB
4911,Seritan_00380.jpg,Batik_Lasem/motifs (isen-isen)/Seritan/all_motifs (1328)/Seritan_00380.jpg,Seritan,Seritan,all_motifs (1328),Isen Cloth 4.jpg,KUB Srikandi,2022,raw (crop),28 x 28,sRGB IEC61966-2.1,VJB
4914,Seritan_00383.jpg,Batik_Lasem/motifs (isen-isen)/Seritan/all_motifs (1328)/Seritan_00383.jpg,Seritan,Seritan,all_motifs (1328),Isen Cloth 4.jpg,KUB Srikandi,2022,raw (crop),28 x 28,sRGB IEC61966-2.1,VJB
4917,Seritan_00386.jpg,Batik_Lasem/motifs (isen-isen)/Seritan/all_motifs (1328)/Seritan_00386.jpg,Seritan,Seritan,all_motifs (1328),Isen Cloth 4.jpg,KUB Srikandi,2022,raw (crop),28 x 28,sRGB IEC61966-2.1,VJB
4918,Seritan_00387.jpg,Batik_Lasem/motifs (isen-isen)/Seritan/all_motifs (1328)/Seritan_00387.jpg,Seritan,Seritan,all_motifs (1328),Batik Artisan with Seritan Background.jpg,Pesona Canting,2022,raw (crop),28 x 28,sRGB IEC61966-2.1,VJB
4919,Seritan_00388.jpg,Batik_Lasem/motifs (isen-isen)/Seritan/all_motifs (1328)/Seritan_00388.jpg,Seritan,Seritan,all_motifs (1328),Batik Artisan with Seritan Background.jpg,Pesona Canting,2022,raw (crop),28 x 28,sRGB IEC61966-2.1,VJB
4920,Seritan_00389.jpg,Batik_Lasem/motifs (isen-isen)/Seritan/all_motifs (1328)/Seritan_00389.jpg,Seritan,Seritan,all_motifs (1328),Batik Artisan with Seritan Background.jpg,Pesona Canting,2022,raw (crop),28 x 28,sRGB IEC61966-2.1,VJB
4921,Seritan_00390.jpg,Batik_Lasem/motifs (isen-isen)/Seritan/all_motifs (1328)/Seritan_00390.jpg,Seritan,Seritan,all_motifs (1328),Batik Artisan with Seritan Background.jpg,Pesona Canting,2022,raw (crop),28 x 28,sRGB IEC61966-2.1,VJB
4922,Seritan_00391.jpg,Batik_Lasem/motifs (isen-isen)/Seritan/all_motifs (1328)/Seritan_00391.jpg,Seritan,Seritan,all_motifs (1328),Batik Artisan with Seritan Background.jpg,Pesona Canting,2022,raw (crop),28 x 28,sRGB IEC61966-2.1,VJB
4924,Seritan_00393.jpg,Batik_Lasem/motifs (isen-isen)/Seritan/all_motifs (1328)/Seritan_00393.jpg,Seritan,Seritan,all_motifs (1328),Batik Artisan with Seritan Background.jpg,Pesona Canting,2022,raw (crop),28 x 28,sRGB IEC61966-2.1,VJB
4925,Seritan_00394.jpg,Batik_Lasem/motifs (isen-isen)/Seritan/all_motifs (1328)/Seritan_00394.jpg,Seritan,Seritan,all_motifs (1328),Batik Artisan with Seritan Background.jpg,Pesona Canting,2022,raw (crop),28 x 28,sRGB IEC61966-2.1,VJB
4926,Seritan_00395.jpg,Batik_Lasem/motifs (isen-isen)/Seritan/all_motifs (1328)/Seritan_00395.jpg,Seritan,Seritan,all_motifs (1328),Batik Artisan with Seritan Background.jpg,Pesona Canting,2022,raw (crop),28 x 28,sRGB IEC61966-2.1,VJB
4929,Seritan_00398.jpg,Batik_Lasem/motifs (isen-isen)/Seritan/all_motifs (1328)/Seritan_00398.jpg,Seritan,Seritan,all_motifs (1328),Batik Artisan with Seritan Background.jpg,Pesona Canting,2022,raw (crop),28 x 28,sRGB IEC61966-2.1,VJB
4932,Seritan_00401.jpg,Batik_Lasem/motifs (isen-isen)/Seritan/all_motifs (1328)/Seritan_00401.jpg,Seritan,Seritan,all_motifs (1328),Batik Artisan with Seritan Background.jpg,Pesona Canting,2022,raw (crop),28 x 28,sRGB IEC61966-2.1,VJB
4934,Seritan_00403.jpg,Batik_Lasem/motifs (isen-isen)/Seritan/all_motifs (1328)/Seritan_00403.jpg,Seritan,Seritan,all_motifs (1328),Batik Artisan with Seritan Background.jpg,Pesona Canting,2022,raw (crop),28 x 28,sRGB IEC61966-2.1,VJB
4935,Seritan_00404.jpg,Batik_Lasem/motifs (isen-isen)/Seritan/all_motifs (1328)/Seritan_00404.jpg,Seritan,Seritan,all_motifs (1328),Batik Artisan with Seritan Background.jpg,Pesona Canting,2022,raw (crop),28 x 28,sRGB IEC61966-2.1,VJB
4936,Seritan_00405.jpg,Batik_Lasem/motifs (isen-isen)/Seritan/all_motifs (1328)/Seritan_00405.jpg,Seritan,Seritan,all_motifs (1328),Batik Artisan with Seritan Background.jpg,Pesona Canting,2022,raw (crop),28 x 28,sRGB IEC61966-2.1,VJB
4937,Seritan_00406.jpg,Batik_Lasem/motifs (isen-isen)/Seritan/all_motifs (1328)/Seritan_00406.jpg,Seritan,Seritan,all_motifs (1328),Isen Cloth 4.jpg,KUB Srikandi,2022,raw (crop),142 x 142,sRGB IEC61966-2.1,VJB
4938,Seritan_00407.jpg,Batik_Lasem/motifs (isen-isen)/Seritan/all_motifs (1328)/Seritan_00407.jpg,Seritan,Seritan,all_motifs (1328),Batik Artisan with Seritan Background.jpg,Pesona Canting,2022,raw (crop),28 x 28,sRGB IEC61966-2.1,VJB
4940,Seritan_00409.jpg,Batik_Lasem/motifs (isen-isen)/Seritan/all_motifs (1328)/Seritan_00409.jpg,Seritan,Seritan,all_motifs (1328),Batik Artisan with Seritan Background.jpg,Pesona Canting,2022,raw (crop),28 x 28,sRGB IEC61966-2.1,VJB
4942,Seritan_00411.jpg,Batik_Lasem/motifs (isen-isen)/Seritan/all_motifs (1328)/Seritan_00411.jpg,Seritan,Seritan,all_motifs (1328),Batik Artisan with Seritan Background.jpg,Pesona Canting,2022,raw (crop),28 x 28,sRGB IEC61966-2.1,VJB
4947,Seritan_00416.jpg,Batik_Lasem/motifs (isen-isen)/Seritan/all_motifs (1328)/Seritan_00416.jpg,Seritan,Seritan,all_motifs (1328),Batik Artisan with Seritan Background.jpg,Pesona Canting,2022,raw (crop),28 x 28,sRGB IEC61966-2.1,VJB
4948,Seritan_00417.jpg,Batik_Lasem/motifs (isen-isen)/Seritan/all_motifs (1328)/Seritan_00417.jpg,Seritan,Seritan,all_motifs (1328),Batik Artisan with Seritan Background.jpg,Pesona Canting,2022,raw (crop),142 x 142,sRGB IEC61966-2.1,VJB
4949,Seritan_00418.jpg,Batik_Lasem/motifs (isen-isen)/Seritan/all_motifs (1328)/Seritan_00418.jpg,Seritan,Seritan,all_motifs (1328),Batik Artisan with Seritan Background.jpg,Pesona Canting,2022,raw (crop),28 x 28,sRGB IEC61966-2.1,VJB
4955,Seritan_00424.jpg,Batik_Lasem/motifs (isen-isen)/Seritan/all_motifs (1328)/Seritan_00424.jpg,Seritan,Seritan,all_motifs (1328),Batik Artisan with Seritan Background.jpg,Pesona Canting,2022,raw (crop),28 x 28,sRGB IEC61966-2.1,VJB
4958,Seritan_00427.jpg,Batik_Lasem/motifs (isen-isen)/Seritan/all_motifs (1328)/Seritan_00427.jpg,Seritan,Seritan,all_motifs (1328),Batik Artisan with Seritan Background.jpg,Pesona Canting,2022,raw (crop),28 x 28,sRGB IEC61966-2.1,VJB
4959,Seritan_00428.jpg,Batik_Lasem/motifs (isen-isen)/Seritan/all_motifs (1328)/Seritan_00428.jpg,Seritan,Seritan,all_motifs (1328),Isen Cloth 4.jpg,KUB Srikandi,2022,raw (crop),142 x 142,sRGB IEC61966-2.1,VJB
4961,Seritan_00430.jpg,Batik_Lasem/motifs (isen-isen)/Seritan/all_motifs (1328)/Seritan_00430.jpg,Seritan,Seritan,all_motifs (1328),Batik Artisan with Seritan Background.jpg,Pesona Canting,2022,raw (crop),28 x 28,sRGB IEC61966-2.1,VJB
4962,Seritan_00431.jpg,Batik_Lasem/motifs (isen-isen)/Seritan/all_motifs (1328)/Seritan_00431.jpg,Seritan,Seritan,all_motifs (1328),Batik Artisan with Seritan Background.jpg,Pesona Canting,2022,raw (crop),28 x 28,sRGB IEC61966-2.1,VJB
4964,Seritan_00433.jpg,Batik_Lasem/motifs (isen-isen)/Seritan/all_motifs (1328)/Seritan_00433.jpg,Seritan,Seritan,all_motifs (1328),Batik Artisan with Seritan Background.jpg,Pesona Canting,2022,raw (crop),28 x 28,sRGB IEC61966-2.1,VJB
4965,Seritan_00434.jpg,Batik_Lasem/motifs (isen-isen)/Seritan/all_motifs (1328)/Seritan_00434.jpg,Seritan,Seritan,all_motifs (1328),Batik Artisan with Seritan Background.jpg,Pesona Canting,2022,raw (crop),28 x 28,sRGB IEC61966-2.1,VJB
4966,Seritan_00435.jpg,Batik_Lasem/motifs (isen-isen)/Seritan/all_motifs (1328)/Seritan_00435.jpg,Seritan,Seritan,all_motifs (1328),Batik Artisan with Seritan Background.jpg,Pesona Canting,2022,raw (crop),28 x 28,sRGB IEC61966-2.1,VJB
4969,Seritan_00438.jpg,Batik_Lasem/motifs (isen-isen)/Seritan/all_motifs (1328)/Seritan_00438.jpg,Seritan,Seritan,all_motifs (1328),Batik Artisan with Seritan Background.jpg,Pesona Canting,2022,raw (crop),28 x 28,sRGB IEC61966-2.1,VJB
4970,Seritan_00439.jpg,Batik_Lasem/motifs (isen-isen)/Seritan/all_motifs (1328)/Seritan_00439.jpg,Seritan,Seritan,all_motifs (1328),Isen Cloth 4.jpg,KUB Srikandi,2022,raw (crop),142 x 142,sRGB IEC61966-2.1,VJB
4972,Seritan_00441.jpg,Batik_Lasem/motifs (isen-isen)/Seritan/all_motifs (1328)/Seritan_00441.jpg,Seritan,Seritan,all_motifs (1328),Batik Artisan with Seritan Background.jpg,Pesona Canting,2022,raw (crop),28 x 28,sRGB IEC61966-2.1,VJB
4973,Seritan_00442.jpg,Batik_Lasem/motifs (isen-isen)/Seritan/all_motifs (1328)/Seritan_00442.jpg,Seritan,Seritan,all_motifs (1328),Batik Artisan with Seritan Background.jpg,Pesona Canting,2022,raw (crop),28 x 28,sRGB IEC61966-2.1,VJB
4975,Seritan_00444.jpg,Batik_Lasem/motifs (isen-isen)/Seritan/all_motifs (1328)/Seritan_00444.jpg,Seritan,Seritan,all_motifs (1328),Batik Artisan with Seritan Background.jpg,Pesona Canting,2022,raw (crop),28 x 28,sRGB IEC61966-2.1,VJB
4976,Seritan_00445.jpg,Batik_Lasem/motifs (isen-isen)/Seritan/all_motifs (1328)/Seritan_00445.jpg,Seritan,Seritan,all_motifs (1328),Batik Artisan with Seritan Background.jpg,Pesona Canting,2022,raw (crop),28 x 28,sRGB IEC61966-2.1,VJB
4977,Seritan_00446.jpg,Batik_Lasem/motifs (isen-isen)/Seritan/all_motifs (1328)/Seritan_00446.jpg,Seritan,Seritan,all_motifs (1328),Batik Artisan with Seritan Background.jpg,Pesona Canting,2022,raw (crop),28 x 28,sRGB IEC61966-2.1,VJB
4978,Seritan_00447.jpg,Batik_Lasem/motifs (isen-isen)/Seritan/all_motifs (1328)/Seritan_00447.jpg,Seritan,Seritan,all_motifs (1328),Batik Artisan with Seritan Background.jpg,Pesona Canting,2022,raw (crop),28 x 28,sRGB IEC61966-2.1,VJB
4979,Seritan_00448.jpg,Batik_Lasem/motifs (isen-isen)/Seritan/all_motifs (1328)/Seritan_00448.jpg,Seritan,Seritan,all_motifs (1328),Batik Artisan with Seritan Background.jpg,Pesona Canting,2022,raw (crop),28 x 28,sRGB IEC61966-2.1,VJB
4980,Seritan_00449.jpg,Batik_Lasem/motifs (isen-isen)/Seritan/all_motifs (1328)/Seritan_00449.jpg,Seritan,Seritan,all_motifs (1328),Isen Cloth 4.jpg,KUB Srikandi,2022,raw (crop),142 x 142,sRGB IEC61966-2.1,VJB
4981,Seritan_00450.jpg,Batik_Lasem/motifs (isen-isen)/Seritan/all_motifs (1328)/Seritan_00450.jpg,Seritan,Seritan,all_motifs (1328),Batik Artisan with Seritan Background.jpg,Pesona Canting,2022,raw (crop),28 x 28,sRGB IEC61966-2.1,VJB
4983,Seritan_00452.jpg,Batik_Lasem/motifs (isen-isen)/Seritan/all_motifs (1328)/Seritan_00452.jpg,Seritan,Seritan,all_motifs (1328),Batik Artisan with Seritan Background.jpg,Pesona Canting,2022,raw (crop),28 x 28,sRGB IEC61966-2.1,VJB
4985,Seritan_00454.jpg,Batik_Lasem/motifs (isen-isen)/Seritan/all_motifs (1328)/Seritan_00454.jpg,Seritan,Seritan,all_motifs (1328),Batik Artisan with Seritan Background.jpg,Pesona Canting,2022,raw (crop),28 x 28,sRGB IEC61966-2.1,VJB
4986,Seritan_00455.jpg,Batik_Lasem/motifs (isen-isen)/Seritan/all_motifs (1328)/Seritan_00455.jpg,Seritan,Seritan,all_motifs (1328),Batik Artisan with Seritan Background.jpg,Pesona Canting,2022,raw (crop),28 x 28,sRGB IEC61966-2.1,VJB
4987,Seritan_00456.jpg,Batik_Lasem/motifs (isen-isen)/Seritan/all_motifs (1328)/Seritan_00456.jpg,Seritan,Seritan,all_motifs (1328),Batik Artisan with Seritan Background.jpg,Pesona Canting,2022,raw (crop),28 x 28,sRGB IEC61966-2.1,VJB
4989,Seritan_00458.jpg,Batik_Lasem/motifs (isen-isen)/Seritan/all_motifs (1328)/Seritan_00458.jpg,Seritan,Seritan,all_motifs (1328),Batik Artisan with Seritan Background.jpg,Pesona Canting,2022,raw (crop),28 x 28,sRGB IEC61966-2.1,VJB
4995,Seritan_00464.jpg,Batik_Lasem/motifs (isen-isen)/Seritan/all_motifs (1328)/Seritan_00464.jpg,Seritan,Seritan,all_motifs (1328),Batik Artisan with Seritan Background.jpg,Pesona Canting,2022,raw (crop),28 x 28,sRGB IEC61966-2.1,VJB
4998,Seritan_00467.jpg,Batik_Lasem/motifs (isen-isen)/Seritan/all_motifs (1328)/Seritan_00467.jpg,Seritan,Seritan,all_motifs (1328),Batik Artisan with Seritan Background.jpg,Pesona Canting,2022,raw (crop),28 x 28,sRGB IEC61966-2.1,VJB
5000,Seritan_00469.jpg,Batik_Lasem/motifs (isen-isen)/Seritan/all_motifs (1328)/Seritan_00469.jpg,Seritan,Seritan,all_motifs (1328),Batik Artisan with Seritan Background.jpg,Pesona Canting,2022,raw (crop),28 x 28,sRGB IEC61966-2.1,VJB
5001,Seritan_00470.jpg,Batik_Lasem/motifs (isen-isen)/Seritan/all_motifs (1328)/Seritan_00470.jpg,Seritan,Seritan,all_motifs (1328),Batik Artisan with Seritan Background.jpg,Pesona Canting,2022,raw (crop),28 x 28,sRGB IEC61966-2.1,VJB
5002,Seritan_00471.jpg,Batik_Lasem/motifs (isen-isen)/Seritan/all_motifs (1328)/Seritan_00471.jpg,Seritan,Seritan,all_motifs (1328),Batik Artisan with Seritan Background.jpg,Pesona Canting,2022,raw (crop),142 x 142,sRGB IEC61966-2.1,VJB
5005,Seritan_00474.jpg,Batik_Lasem/motifs (isen-isen)/Seritan/all_motifs (1328)/Seritan_00474.jpg,Seritan,Seritan,all_motifs (1328),Batik Artisan with Seritan Background.jpg,Pesona Canting,2022,raw (crop),28 x 28,sRGB IEC61966-2.1,VJB
5006,Seritan_00475.jpg,Batik_Lasem/motifs (isen-isen)/Seritan/all_motifs (1328)/Seritan_00475.jpg,Seritan,Seritan,all_motifs (1328),Batik Artisan with Seritan Background.jpg,Pesona Canting,2022,raw (crop),28 x 28,sRGB IEC61966-2.1,VJB
5010,Seritan_00479.jpg,Batik_Lasem/motifs (isen-isen)/Seritan/all_motifs (1328)/Seritan_00479.jpg,Seritan,Seritan,all_motifs (1328),Batik Artisan with Seritan Background.jpg,Pesona Canting,2022,raw (crop),28 x 28,sRGB IEC61966-2.1,VJB
5011,Seritan_00480.jpg,Batik_Lasem/motifs (isen-isen)/Seritan/all_motifs (1328)/Seritan_00480.jpg,Seritan,Seritan,all_motifs (1328),Batik Artisan with Seritan Background.jpg,Pesona Canting,2022,raw (crop),28 x 28,sRGB IEC61966-2.1,VJB
5013,Seritan_00482.jpg,Batik_Lasem/motifs (isen-isen)/Seritan/all_motifs (1328)/Seritan_00482.jpg,Seritan,Seritan,all_motifs (1328),Isen Cloth 4.jpg,KUB Srikandi,2022,raw (crop),142 x 142,sRGB IEC61966-2.1,VJB
5015,Seritan_00484.jpg,Batik_Lasem/motifs (isen-isen)/Seritan/all_motifs (1328)/Seritan_00484.jpg,Seritan,Seritan,all_motifs (1328),Batik Artisan with Seritan Background.jpg,Pesona Canting,2022,raw (crop),28 x 28,sRGB IEC61966-2.1,VJB
5017,Seritan_00486.jpg,Batik_Lasem/motifs (isen-isen)/Seritan/all_motifs (1328)/Seritan_00486.jpg,Seritan,Seritan,all_motifs (1328),Batik Artisan with Seritan Background.jpg,Pesona Canting,2022,raw (crop),28 x 28,sRGB IEC61966-2.1,VJB
5018,Seritan_00487.jpg,Batik_Lasem/motifs (isen-isen)/Seritan/all_motifs (1328)/Seritan_00487.jpg,Seritan,Seritan,all_motifs (1328),Batik Artisan with Seritan Background.jpg,Pesona Canting,2022,raw (crop),28 x 28,sRGB IEC61966-2.1,VJB
5021,Seritan_00490.jpg,Batik_Lasem/motifs (isen-isen)/Seritan/all_motifs (1328)/Seritan_00490.jpg,Seritan,Seritan,all_motifs (1328),Batik Artisan with Seritan Background.jpg,Pesona Canting,2022,raw (crop),28 x 28,sRGB IEC61966-2.1,VJB
5022,Seritan_00491.jpg,Batik_Lasem/motifs (isen-isen)/Seritan/all_motifs (1328)/Seritan_00491.jpg,Seritan,Seritan,all_motifs (1328),Batik Artisan with Seritan Background.jpg,Pesona Canting,2022,raw (crop),28 x 28,sRGB IEC61966-2.1,VJB
5026,Seritan_00495.jpg,Batik_Lasem/motifs (isen-isen)/Seritan/all_motifs (1328)/Seritan_00495.jpg,Seritan,Seritan,all_motifs (1328),Batik Artisan with Seritan Background.jpg,Pesona Canting,2022,raw (crop),28 x 28,sRGB IEC61966-2.1,VJB
5027,Seritan_00496.jpg,Batik_Lasem/motifs (isen-isen)/Seritan/all_motifs (1328)/Seritan_00496.jpg,Seritan,Seritan,all_motifs (1328),Batik Artisan with Seritan Background.jpg,Pesona Canting,2022,raw (crop),28 x 28,sRGB IEC61966-2.1,VJB
5028,Seritan_00497.jpg,Batik_Lasem/motifs (isen-isen)/Seritan/all_motifs (1328)/Seritan_00497.jpg,Seritan,Seritan,all_motifs (1328),Batik Artisan with Seritan Background.jpg,Pesona Canting,2022,raw (crop),28 x 28,sRGB IEC61966-2.1,VJB
5030,Seritan_00499.jpg,Batik_Lasem/motifs (isen-isen)/Seritan/all_motifs (1328)/Seritan_00499.jpg,Seritan,Seritan,all_motifs (1328),Batik Artisan with Seritan Background.jpg,Pesona Canting,2022,raw (crop),28 x 28,sRGB IEC61966-2.1,VJB
5033,Seritan_00502.jpg,Batik_Lasem/motifs (isen-isen)/Seritan/all_motifs (1328)/Seritan_00502.jpg,Seritan,Seritan,all_motifs (1328),Batik Artisan with Seritan Background.jpg,Pesona Canting,2022,raw (crop),28 x 28,sRGB IEC61966-2.1,VJB
5035,Seritan_00504.jpg,Batik_Lasem/motifs (isen-isen)/Seritan/all_motifs (1328)/Seritan_00504.jpg,Seritan,Seritan,all_motifs (1328),Isen Cloth 4.jpg,KUB Srikandi,2022,raw (crop),142 x 142,sRGB IEC61966-2.1,VJB
5036,Seritan_00505.jpg,Batik_Lasem/motifs (isen-isen)/Seritan/all_motifs (1328)/Seritan_00505.jpg,Seritan,Seritan,all_motifs (1328),Batik Artisan with Seritan Background.jpg,Pesona Canting,2022,raw (crop),28 x 28,sRGB IEC61966-2.1,VJB
5037,Seritan_00506.jpg,Batik_Lasem/motifs (isen-isen)/Seritan/all_motifs (1328)/Seritan_00506.jpg,Seritan,Seritan,all_motifs (1328),Batik Artisan with Seritan Background.jpg,Pesona Canting,2022,raw (crop),28 x 28,sRGB IEC61966-2.1,VJB
5038,Seritan_00507.jpg,Batik_Lasem/motifs (isen-isen)/Seritan/all_motifs (1328)/Seritan_00507.jpg,Seritan,Seritan,all_motifs (1328),Batik Artisan with Seritan Background.jpg,Pesona Canting,2022,raw (crop),28 x 28,sRGB IEC61966-2.1,VJB
5040,Seritan_00509.jpg,Batik_Lasem/motifs (isen-isen)/Seritan/all_motifs (1328)/Seritan_00509.jpg,Seritan,Seritan,all_motifs (1328),Batik Artisan with Seritan Background.jpg,Pesona Canting,2022,raw (crop),28 x 28,sRGB IEC61966-2.1,VJB
5043,Seritan_00512.jpg,Batik_Lasem/motifs (isen-isen)/Seritan/all_motifs (1328)/Seritan_00512.jpg,Seritan,Seritan,all_motifs (1328),Batik Artisan with Seritan Background.jpg,Pesona Canting,2022,raw (crop),28 x 28,sRGB IEC61966-2.1,VJB
5044,Seritan_00513.jpg,Batik_Lasem/motifs (isen-isen)/Seritan/all_motifs (1328)/Seritan_00513.jpg,Seritan,Seritan,all_motifs (1328),Batik Artisan with Seritan Background.jpg,Pesona Canting,2022,raw (crop),28 x 28,sRGB IEC61966-2.1,VJB
5045,Seritan_00514.jpg,Batik_Lasem/motifs (isen-isen)/Seritan/all_motifs (1328)/Seritan_00514.jpg,Seritan,Seritan,all_motifs (1328),Batik Artisan with Seritan Background.jpg,Pesona Canting,2022,raw (crop),28 x 28,sRGB IEC61966-2.1,VJB
5046,Seritan_00515.jpg,Batik_Lasem/motifs (isen-isen)/Seritan/all_motifs (1328)/Seritan_00515.jpg,Seritan,Seritan,all_motifs (1328),Isen Cloth 4.jpg,KUB Srikandi,2022,raw (crop),142 x 142,sRGB IEC61966-2.1,VJB
5047,Seritan_00516.jpg,Batik_Lasem/motifs (isen-isen)/Seritan/all_motifs (1328)/Seritan_00516.jpg,Seritan,Seritan,all_motifs (1328),Batik Artisan with Seritan Background.jpg,Pesona Canting,2022,raw (crop),28 x 28,sRGB IEC61966-2.1,VJB
5048,Seritan_00517.jpg,Batik_Lasem/motifs (isen-isen)/Seritan/all_motifs (1328)/Seritan_00517.jpg,Seritan,Seritan,all_motifs (1328),Batik Artisan with Seritan Background.jpg,Pesona Canting,2022,raw (crop),28 x 28,sRGB IEC61966-2.1,VJB
5049,Seritan_00518.jpg,Batik_Lasem/motifs (isen-isen)/Seritan/all_motifs (1328)/Seritan_00518.jpg,Seritan,Seritan,all_motifs (1328),Batik Artisan with Seritan Background.jpg,Pesona Canting,2022,raw (crop),28 x 28,sRGB IEC61966-2.1,VJB
5050,Seritan_00519.jpg,Batik_Lasem/motifs (isen-isen)/Seritan/all_motifs (1328)/Seritan_00519.jpg,Seritan,Seritan,all_motifs (1328),Batik Artisan with Seritan Background.jpg,Pesona Canting,2022,raw (crop),28 x 28,sRGB IEC61966-2.1,VJB
5053,Seritan_00522.jpg,Batik_Lasem/motifs (isen-isen)/Seritan/all_motifs (1328)/Seritan_00522.jpg,Seritan,Seritan,all_motifs (1328),Batik Artisan with Seritan Background.jpg,Pesona Canting,2022,raw (crop),28 x 28,sRGB IEC61966-2.1,VJB
5055,Seritan_00524.jpg,Batik_Lasem/motifs (isen-isen)/Seritan/all_motifs (1328)/Seritan_00524.jpg,Seritan,Seritan,all_motifs (1328),Batik Artisan with Seritan Background.jpg,Pesona Canting,2022,raw (crop),28 x 28,sRGB IEC61966-2.1,VJB
5057,Seritan_00526.jpg,Batik_Lasem/motifs (isen-isen)/Seritan/all_motifs (1328)/Seritan_00526.jpg,Seritan,Seritan,all_motifs (1328),Batik Artisan with Seritan Background.jpg,Pesona Canting,2022,raw (crop),142 x 142,sRGB IEC61966-2.1,VJB
5059,Seritan_00528.jpg,Batik_Lasem/motifs (isen-isen)/Seritan/all_motifs (1328)/Seritan_00528.jpg,Seritan,Seritan,all_motifs (1328),Batik Artisan with Seritan Background.jpg,Pesona Canting,2022,raw (crop),28 x 28,sRGB IEC61966-2.1,VJB
5062,Seritan_00531.jpg,Batik_Lasem/motifs (isen-isen)/Seritan/all_motifs (1328)/Seritan_00531.jpg,Seritan,Seritan,all_motifs (1328),Batik Artisan with Seritan Background.jpg,Pesona Canting,2022,raw (crop),28 x 28,sRGB IEC61966-2.1,VJB
5063,Seritan_00532.jpg,Batik_Lasem/motifs (isen-isen)/Seritan/all_motifs (1328)/Seritan_00532.jpg,Seritan,Seritan,all_motifs (1328),Batik Artisan with Seritan Background.jpg,Pesona Canting,2022,raw (crop),28 x 28,sRGB IEC61966-2.1,VJB
5066,Seritan_00535.jpg,Batik_Lasem/motifs (isen-isen)/Seritan/all_motifs (1328)/Seritan_00535.jpg,Seritan,Seritan,all_motifs (1328),Batik Artisan with Seritan Background.jpg,Pesona Canting,2022,raw (crop),28 x 28,sRGB IEC61966-2.1,VJB
5067,Seritan_00536.jpg,Batik_Lasem/motifs (isen-isen)/Seritan/all_motifs (1328)/Seritan_00536.jpg,Seritan,Seritan,all_motifs (1328),Batik Artisan with Seritan Background.jpg,Pesona Canting,2022,raw (crop),28 x 28,sRGB IEC61966-2.1,VJB
5069,Seritan_00538.jpg,Batik_Lasem/motifs (isen-isen)/Seritan/all_motifs (1328)/Seritan_00538.jpg,Seritan,Seritan,all_motifs (1328),Batik Artisan with Seritan Background.jpg,Pesona Canting,2022,raw (crop),28 x 28,sRGB IEC61966-2.1,VJB
5072,Seritan_00541.jpg,Batik_Lasem/motifs (isen-isen)/Seritan/all_motifs (1328)/Seritan_00541.jpg,Seritan,Seritan,all_motifs (1328),Batik Artisan with Seritan Background.jpg,Pesona Canting,2022,raw (crop),28 x 28,sRGB IEC61966-2.1,VJB
5073,Seritan_00542.jpg,Batik_Lasem/motifs (isen-isen)/Seritan/all_motifs (1328)/Seritan_00542.jpg,Seritan,Seritan,all_motifs (1328),Batik Artisan with Seritan Background.jpg,Pesona Canting,2022,raw (crop),28 x 28,sRGB IEC61966-2.1,VJB
5074,Seritan_00543.jpg,Batik_Lasem/motifs (isen-isen)/Seritan/all_motifs (1328)/Seritan_00543.jpg,Seritan,Seritan,all_motifs (1328),Batik Artisan with Seritan Background.jpg,Pesona Canting,2022,raw (crop),28 x 28,sRGB IEC61966-2.1,VJB
5079,Seritan_00548.jpg,Batik_Lasem/motifs (isen-isen)/Seritan/all_motifs (1328)/Seritan_00548.jpg,Seritan,Seritan,all_motifs (1328),Batik Artisan with Seritan Background.jpg,Pesona Canting,2022,raw (crop),142 x 142,sRGB IEC61966-2.1,VJB
5080,Seritan_00549.jpg,Batik_Lasem/motifs (isen-isen)/Seritan/all_motifs (1328)/Seritan_00549.jpg,Seritan,Seritan,all_motifs (1328),Batik Artisan with Seritan Background.jpg,Pesona Canting,2022,raw (crop),28 x 28,sRGB IEC61966-2.1,VJB
5081,Seritan_00550.jpg,Batik_Lasem/motifs (isen-isen)/Seritan/all_motifs (1328)/Seritan_00550.jpg,Seritan,Seritan,all_motifs (1328),Batik Artisan with Seritan Background.jpg,Pesona Canting,2022,raw (crop),28 x 28,sRGB IEC61966-2.1,VJB
5086,Seritan_00555.jpg,Batik_Lasem/motifs (isen-isen)/Seritan/all_motifs (1328)/Seritan_00555.jpg,Seritan,Seritan,all_motifs (1328),Batik Artisan with Seritan Background.jpg,Pesona Canting,2022,raw (crop),28 x 28,sRGB IEC61966-2.1,VJB
5092,Seritan_00561.jpg,Batik_Lasem/motifs (isen-isen)/Seritan/all_motifs (1328)/Seritan_00561.jpg,Seritan,Seritan,all_motifs (1328),Batik Artisan with Seritan Background.jpg,Pesona Canting,2022,raw (crop),28 x 28,sRGB IEC61966-2.1,VJB
5097,Seritan_00566.jpg,Batik_Lasem/motifs (isen-isen)/Seritan/all_motifs (1328)/Seritan_00566.jpg,Seritan,Seritan,all_motifs (1328),Batik Artisan with Seritan Background.jpg,Pesona Canting,2022,raw (crop),28 x 28,sRGB IEC61966-2.1,VJB
5099,Seritan_00568.jpg,Batik_Lasem/motifs (isen-isen)/Seritan/all_motifs (1328)/Seritan_00568.jpg,Seritan,Seritan,all_motifs (1328),Batik Artisan with Seritan Background.jpg,Pesona Canting,2022,raw (crop),28 x 28,sRGB IEC61966-2.1,VJB
5102,Seritan_00571.jpg,Batik_Lasem/motifs (isen-isen)/Seritan/all_motifs (1328)/Seritan_00571.jpg,Seritan,Seritan,all_motifs (1328),Batik Artisan with Seritan Background.jpg,Pesona Canting,2022,raw (crop),28 x 28,sRGB IEC61966-2.1,VJB
5106,Seritan_00575.jpg,Batik_Lasem/motifs (isen-isen)/Seritan/all_motifs (1328)/Seritan_00575.jpg,Seritan,Seritan,all_motifs (1328),Batik Artisan with Seritan Background.jpg,Pesona Canting,2022,raw (crop),28 x 28,sRGB IEC61966-2.1,VJB
5107,Seritan_00576.jpg,Batik_Lasem/motifs (isen-isen)/Seritan/all_motifs (1328)/Seritan_00576.jpg,Seritan,Seritan,all_motifs (1328),Batik Artisan with Seritan Background.jpg,Pesona Canting,2022,raw (crop),28 x 28,sRGB IEC61966-2.1,VJB
5109,Seritan_00578.jpg,Batik_Lasem/motifs (isen-isen)/Seritan/all_motifs (1328)/Seritan_00578.jpg,Seritan,Seritan,all_motifs (1328),Batik Artisan with Seritan Background.jpg,Pesona Canting,2022,raw (crop),28 x 28,sRGB IEC61966-2.1,VJB
5110,Seritan_00579.jpg,Batik_Lasem/motifs (isen-isen)/Seritan/all_motifs (1328)/Seritan_00579.jpg,Seritan,Seritan,all_motifs (1328),Batik Artisan with Seritan Background.jpg,Pesona Canting,2022,raw (crop),28 x 28,sRGB IEC61966-2.1,VJB
5113,Seritan_00582.jpg,Batik_Lasem/motifs (isen-isen)/Seritan/all_motifs (1328)/Seritan_00582.jpg,Seritan,Seritan,all_motifs (1328),Batik Artisan with Seritan Background.jpg,Pesona Canting,2022,raw (crop),28 x 28,sRGB IEC61966-2.1,VJB
5114,Seritan_00583.jpg,Batik_Lasem/motifs (isen-isen)/Seritan/all_motifs (1328)/Seritan_00583.jpg,Seritan,Seritan,all_motifs (1328),Batik Artisan with Seritan Background.jpg,Pesona Canting,2022,raw (crop),28 x 28,sRGB IEC61966-2.1,VJB
5115,Seritan_00584.jpg,Batik_Lasem/motifs (isen-isen)/Seritan/all_motifs (1328)/Seritan_00584.jpg,Seritan,Seritan,all_motifs (1328),Batik Artisan with Seritan Background.jpg,Pesona Canting,2022,raw (crop),28 x 28,sRGB IEC61966-2.1,VJB
5119,Seritan_00588.jpg,Batik_Lasem/motifs (isen-isen)/Seritan/all_motifs (1328)/Seritan_00588.jpg,Seritan,Seritan,all_motifs (1328),Batik Artisan with Seritan Background.jpg,Pesona Canting,2022,raw (crop),28 x 28,sRGB IEC61966-2.1,VJB
5121,Seritan_00590.jpg,Batik_Lasem/motifs (isen-isen)/Seritan/all_motifs (1328)/Seritan_00590.jpg,Seritan,Seritan,all_motifs (1328),Batik Artisan with Seritan Background.jpg,Pesona Canting,2022,raw (crop),28 x 28,sRGB IEC61966-2.1,VJB
5122,Seritan_00591.jpg,Batik_Lasem/motifs (isen-isen)/Seritan/all_motifs (1328)/Seritan_00591.jpg,Seritan,Seritan,all_motifs (1328),Batik Artisan with Seritan Background.jpg,Pesona Canting,2022,raw (crop),28 x 28,sRGB IEC61966-2.1,VJB
5123,Seritan_00592.jpg,Batik_Lasem/motifs (isen-isen)/Seritan/all_motifs (1328)/Seritan_00592.jpg,Seritan,Seritan,all_motifs (1328),Batik Artisan with Seritan Background.jpg,Pesona Canting,2022,raw (crop),142 x 142,sRGB IEC61966-2.1,VJB
5127,Seritan_00596.jpg,Batik_Lasem/motifs (isen-isen)/Seritan/all_motifs (1328)/Seritan_00596.jpg,Seritan,Seritan,all_motifs (1328),Batik Artisan with Seritan Background.jpg,Pesona Canting,2022,raw (crop),28 x 28,sRGB IEC61966-2.1,VJB
5128,Seritan_00597.jpg,Batik_Lasem/motifs (isen-isen)/Seritan/all_motifs (1328)/Seritan_00597.jpg,Seritan,Seritan,all_motifs (1328),Batik Artisan with Seritan Background.jpg,Pesona Canting,2022,raw (crop),28 x 28,sRGB IEC61966-2.1,VJB
5129,Seritan_00598.jpg,Batik_Lasem/motifs (isen-isen)/Seritan/all_motifs (1328)/Seritan_00598.jpg,Seritan,Seritan,all_motifs (1328),Batik Artisan with Seritan Background.jpg,Pesona Canting,2022,raw (crop),28 x 28,sRGB IEC61966-2.1,VJB
5130,Seritan_00599.jpg,Batik_Lasem/motifs (isen-isen)/Seritan/all_motifs (1328)/Seritan_00599.jpg,Seritan,Seritan,all_motifs (1328),Batik Artisan with Seritan Background.jpg,Pesona Canting,2022,raw (crop),28 x 28,sRGB IEC61966-2.1,VJB
5132,Seritan_00601.jpg,Batik_Lasem/motifs (isen-isen)/Seritan/all_motifs (1328)/Seritan_00601.jpg,Seritan,Seritan,all_motifs (1328),Batik Artisan with Seritan Background.jpg,Pesona Canting,2022,raw (crop),28 x 28,sRGB IEC61966-2.1,VJB
5133,Seritan_00602.jpg,Batik_Lasem/motifs (isen-isen)/Seritan/all_motifs (1328)/Seritan_00602.jpg,Seritan,Seritan,all_motifs (1328),Batik Artisan with Seritan Background.jpg,Pesona Canting,2022,raw (crop),28 x 28,sRGB IEC61966-2.1,VJB
5134,Seritan_00603.jpg,Batik_Lasem/motifs (isen-isen)/Seritan/all_motifs (1328)/Seritan_00603.jpg,Seritan,Seritan,all_motifs (1328),Batik Artisan with Seritan Background.jpg,Pesona Canting,2022,raw (crop),142 x 142,sRGB IEC61966-2.1,VJB
5135,Seritan_00604.jpg,Batik_Lasem/motifs (isen-isen)/Seritan/all_motifs (1328)/Seritan_00604.jpg,Seritan,Seritan,all_motifs (1328),Batik Artisan with Seritan Background.jpg,Pesona Canting,2022,raw (crop),142 x 142,sRGB IEC61966-2.1,VJB
5136,Seritan_00605.jpg,Batik_Lasem/motifs (isen-isen)/Seritan/all_motifs (1328)/Seritan_00605.jpg,Seritan,Seritan,all_motifs (1328),Batik Artisan with Seritan Background.jpg,Pesona Canting,2022,raw (crop),28 x 28,sRGB IEC61966-2.1,VJB
5137,Seritan_00606.jpg,Batik_Lasem/motifs (isen-isen)/Seritan/all_motifs (1328)/Seritan_00606.jpg,Seritan,Seritan,all_motifs (1328),Batik Artisan with Seritan Background.jpg,Pesona Canting,2022,raw (crop),28 x 28,sRGB IEC61966-2.1,VJB
5142,Seritan_00611.jpg,Batik_Lasem/motifs (isen-isen)/Seritan/all_motifs (1328)/Seritan_00611.jpg,Seritan,Seritan,all_motifs (1328),Batik Artisan with Seritan Background.jpg,Pesona Canting,2022,raw (crop),28 x 28,sRGB IEC61966-2.1,VJB
5146,Seritan_00615.jpg,Batik_Lasem/motifs (isen-isen)/Seritan/all_motifs (1328)/Seritan_00615.jpg,Seritan,Seritan,all_motifs (1328),Batik Artisan with Seritan Background.jpg,Pesona Canting,2022,raw (crop),142 x 142,sRGB IEC61966-2.1,VJB
5147,Seritan_00616.jpg,Batik_Lasem/motifs (isen-isen)/Seritan/all_motifs (1328)/Seritan_00616.jpg,Seritan,Seritan,all_motifs (1328),Batik Artisan with Seritan Background.jpg,Pesona Canting,2022,raw (crop),28 x 28,sRGB IEC61966-2.1,VJB
5150,Seritan_00619.jpg,Batik_Lasem/motifs (isen-isen)/Seritan/all_motifs (1328)/Seritan_00619.jpg,Seritan,Seritan,all_motifs (1328),Batik Artisan with Seritan Background.jpg,Pesona Canting,2022,raw (crop),28 x 28,sRGB IEC61966-2.1,VJB
5154,Seritan_00623.jpg,Batik_Lasem/motifs (isen-isen)/Seritan/all_motifs (1328)/Seritan_00623.jpg,Seritan,Seritan,all_motifs (1328),Batik Artisan with Seritan Background.jpg,Pesona Canting,2022,raw (crop),28 x 28,sRGB IEC61966-2.1,VJB
5161,Seritan_00630.jpg,Batik_Lasem/motifs (isen-isen)/Seritan/all_motifs (1328)/Seritan_00630.jpg,Seritan,Seritan,all_motifs (1328),Batik Artisan with Seritan Background.jpg,Pesona Canting,2022,raw (crop),28 x 28,sRGB IEC61966-2.1,VJB
5162,Seritan_00631.jpg,Batik_Lasem/motifs (isen-isen)/Seritan/all_motifs (1328)/Seritan_00631.jpg,Seritan,Seritan,all_motifs (1328),Batik Artisan with Seritan Background.jpg,Pesona Canting,2022,raw (crop),28 x 28,sRGB IEC61966-2.1,VJB
5166,Seritan_00635.jpg,Batik_Lasem/motifs (isen-isen)/Seritan/all_motifs (1328)/Seritan_00635.jpg,Seritan,Seritan,all_motifs (1328),Batik Artisan with Seritan Background.jpg,Pesona Canting,2022,raw (crop),142 x 142,sRGB IEC61966-2.1,VJB
5167,Seritan_00636.jpg,Batik_Lasem/motifs (isen-isen)/Seritan/all_motifs (1328)/Seritan_00636.jpg,Seritan,Seritan,all_motifs (1328),Batik Artisan with Seritan Background.jpg,Pesona Canting,2022,raw (crop),28 x 28,sRGB IEC61966-2.1,VJB
5172,Seritan_00641.jpg,Batik_Lasem/motifs (isen-isen)/Seritan/all_motifs (1328)/Seritan_00641.jpg,Seritan,Seritan,all_motifs (1328),Batik Artisan with Seritan Background.jpg,Pesona Canting,2022,raw (crop),28 x 28,sRGB IEC61966-2.1,VJB
5173,Seritan_00642.jpg,Batik_Lasem/motifs (isen-isen)/Seritan/all_motifs (1328)/Seritan_00642.jpg,Seritan,Seritan,all_motifs (1328),Batik Artisan with Seritan Background.jpg,Pesona Canting,2022,raw (crop),28 x 28,sRGB IEC61966-2.1,VJB
5174,Seritan_00643.jpg,Batik_Lasem/motifs (isen-isen)/Seritan/all_motifs (1328)/Seritan_00643.jpg,Seritan,Seritan,all_motifs (1328),Batik Artisan with Seritan Background.jpg,Pesona Canting,2022,raw (crop),28 x 28,sRGB IEC61966-2.1,VJB
5177,Seritan_00646.jpg,Batik_Lasem/motifs (isen-isen)/Seritan/all_motifs (1328)/Seritan_00646.jpg,Seritan,Seritan,all_motifs (1328),Batik Artisan with Seritan Background.jpg,Pesona Canting,2022,raw (crop),142 x 142,sRGB IEC61966-2.1,VJB
5178,Seritan_00647.jpg,Batik_Lasem/motifs (isen-isen)/Seritan/all_motifs (1328)/Seritan_00647.jpg,Seritan,Seritan,all_motifs (1328),Batik Artisan with Seritan Background.jpg,Pesona Canting,2022,raw (crop),28 x 28,sRGB IEC61966-2.1,VJB
5180,Seritan_00649.jpg,Batik_Lasem/motifs (isen-isen)/Seritan/all_motifs (1328)/Seritan_00649.jpg,Seritan,Seritan,all_motifs (1328),Batik Artisan with Seritan Background.jpg,Pesona Canting,2022,raw (crop),28 x 28,sRGB IEC61966-2.1,VJB
5182,Seritan_00651.jpg,Batik_Lasem/motifs (isen-isen)/Seritan/all_motifs (1328)/Seritan_00651.jpg,Seritan,Seritan,all_motifs (1328),Batik Artisan with Seritan Background.jpg,Pesona Canting,2022,raw (crop),28 x 28,sRGB IEC61966-2.1,VJB
5183,Seritan_00652.jpg,Batik_Lasem/motifs (isen-isen)/Seritan/all_motifs (1328)/Seritan_00652.jpg,Seritan,Seritan,all_motifs (1328),Batik Artisan with Seritan Background.jpg,Pesona Canting,2022,raw (crop),28 x 28,sRGB IEC61966-2.1,VJB
5185,Seritan_00654.jpg,Batik_Lasem/motifs (isen-isen)/Seritan/all_motifs (1328)/Seritan_00654.jpg,Seritan,Seritan,all_motifs (1328),Batik Artisan with Seritan Background.jpg,Pesona Canting,2022,raw (crop),28 x 28,sRGB IEC61966-2.1,VJB
5186,Seritan_00655.jpg,Batik_Lasem/motifs (isen-isen)/Seritan/all_motifs (1328)/Seritan_00655.jpg,Seritan,Seritan,all_motifs (1328),Batik Artisan with Seritan Background.jpg,Pesona Canting,2022,raw (crop),28 x 28,sRGB IEC61966-2.1,VJB
5187,Seritan_00656.jpg,Batik_Lasem/motifs (isen-isen)/Seritan/all_motifs (1328)/Seritan_00656.jpg,Seritan,Seritan,all_motifs (1328),Batik Artisan with Seritan Background.jpg,Pesona Canting,2022,raw (crop),28 x 28,sRGB IEC61966-2.1,VJB
5191,Seritan_00660.jpg,Batik_Lasem/motifs (isen-isen)/Seritan/all_motifs (1328)/Seritan_00660.jpg,Seritan,Seritan,all_motifs (1328),Batik Artisan with Seritan Background.jpg,Pesona Canting,2022,raw (crop),28 x 28,sRGB IEC61966-2.1,VJB
5194,Seritan_00663.jpg,Batik_Lasem/motifs (isen-isen)/Seritan/all_motifs (1328)/Seritan_00663.jpg,Seritan,Seritan,all_motifs (1328),Batik Artisan with Seritan Background.jpg,Pesona Canting,2022,raw (crop),28 x 28,sRGB IEC61966-2.1,VJB
5196,Seritan_00665.jpg,Batik_Lasem/motifs (isen-isen)/Seritan/all_motifs (1328)/Seritan_00665.jpg,Seritan,Seritan,all_motifs (1328),Batik Artisan with Seritan Background.jpg,Pesona Canting,2022,raw (crop),28 x 28,sRGB IEC61966-2.1,VJB
5198,Seritan_00667.jpg,Batik_Lasem/motifs (isen-isen)/Seritan/all_motifs (1328)/Seritan_00667.jpg,Seritan,Seritan,all_motifs (1328),Batik Artisan with Seritan Background.jpg,Pesona Canting,2022,raw (crop),28 x 28,sRGB IEC61966-2.1,VJB
5200,Seritan_00669.jpg,Batik_Lasem/motifs (isen-isen)/Seritan/all_motifs (1328)/Seritan_00669.jpg,Seritan,Seritan,all_motifs (1328),Batik Artisan with Seritan Background.jpg,Pesona Canting,2022,raw (crop),28 x 28,sRGB IEC61966-2.1,VJB
5201,Seritan_00670.jpg,Batik_Lasem/motifs (isen-isen)/Seritan/all_motifs (1328)/Seritan_00670.jpg,Seritan,Seritan,all_motifs (1328),Batik Artisan with Seritan Background.jpg,Pesona Canting,2022,raw (crop),28 x 28,sRGB IEC61966-2.1,VJB
5203,Seritan_00672.jpg,Batik_Lasem/motifs (isen-isen)/Seritan/all_motifs (1328)/Seritan_00672.jpg,Seritan,Seritan,all_motifs (1328),Batik Artisan with Seritan Background.jpg,Pesona Canting,2022,raw (crop),28 x 28,sRGB IEC61966-2.1,VJB
5206,Seritan_00675.jpg,Batik_Lasem/motifs (isen-isen)/Seritan/all_motifs (1328)/Seritan_00675.jpg,Seritan,Seritan,all_motifs (1328),Batik Artisan with Seritan Background.jpg,Pesona Canting,2022,raw (crop),28 x 28,sRGB IEC61966-2.1,VJB
5208,Seritan_00677.jpg,Batik_Lasem/motifs (isen-isen)/Seritan/all_motifs (1328)/Seritan_00677.jpg,Seritan,Seritan,all_motifs (1328),Batik Artisan with Seritan Background.jpg,Pesona Canting,2022,raw (crop),28 x 28,sRGB IEC61966-2.1,VJB
5214,Seritan_00683.jpg,Batik_Lasem/motifs (isen-isen)/Seritan/all_motifs (1328)/Seritan_00683.jpg,Seritan,Seritan,all_motifs (1328),Batik Artisan with Seritan Background.jpg,Pesona Canting,2022,raw (crop),28 x 28,sRGB IEC61966-2.1,VJB
5215,Seritan_00684.jpg,Batik_Lasem/motifs (isen-isen)/Seritan/all_motifs (1328)/Seritan_00684.jpg,Seritan,Seritan,all_motifs (1328),Batik Artisan with Seritan Background.jpg,Pesona Canting,2022,raw (crop),28 x 28,sRGB IEC61966-2.1,VJB
5218,Seritan_00687.jpg,Batik_Lasem/motifs (isen-isen)/Seritan/all_motifs (1328)/Seritan_00687.jpg,Seritan,Seritan,all_motifs (1328),Batik Artisan with Seritan Background.jpg,Pesona Canting,2022,raw (crop),28 x 28,sRGB IEC61966-2.1,VJB
5219,Seritan_00688.jpg,Batik_Lasem/motifs (isen-isen)/Seritan/all_motifs (1328)/Seritan_00688.jpg,Seritan,Seritan,all_motifs (1328),Batik Artisan with Seritan Background.jpg,Pesona Canting,2022,raw (crop),142 x 142,sRGB IEC61966-2.1,VJB
5220,Seritan_00689.jpg,Batik_Lasem/motifs (isen-isen)/Seritan/all_motifs (1328)/Seritan_00689.jpg,Seritan,Seritan,all_motifs (1328),Batik Artisan with Seritan Background.jpg,Pesona Canting,2022,raw (crop),28 x 28,sRGB IEC61966-2.1,VJB
5222,Seritan_00691.jpg,Batik_Lasem/motifs (isen-isen)/Seritan/all_motifs (1328)/Seritan_00691.jpg,Seritan,Seritan,all_motifs (1328),Batik Artisan with Seritan Background.jpg,Pesona Canting,2022,raw (crop),28 x 28,sRGB IEC61966-2.1,VJB
5223,Seritan_00692.jpg,Batik_Lasem/motifs (isen-isen)/Seritan/all_motifs (1328)/Seritan_00692.jpg,Seritan,Seritan,all_motifs (1328),Batik Artisan with Seritan Background.jpg,Pesona Canting,2022,raw (crop),28 x 28,sRGB IEC61966-2.1,VJB
5224,Seritan_00693.jpg,Batik_Lasem/motifs (isen-isen)/Seritan/all_motifs (1328)/Seritan_00693.jpg,Seritan,Seritan,all_motifs (1328),Batik Artisan with Seritan Background.jpg,Pesona Canting,2022,raw (crop),28 x 28,sRGB IEC61966-2.1,VJB
5227,Seritan_00696.jpg,Batik_Lasem/motifs (isen-isen)/Seritan/all_motifs (1328)/Seritan_00696.jpg,Seritan,Seritan,all_motifs (1328),Batik Artisan with Seritan Background.jpg,Pesona Canting,2022,raw (crop),28 x 28,sRGB IEC61966-2.1,VJB
5228,Seritan_00697.jpg,Batik_Lasem/motifs (isen-isen)/Seritan/all_motifs (1328)/Seritan_00697.jpg,Seritan,Seritan,all_motifs (1328),Batik Artisan with Seritan Background.jpg,Pesona Canting,2022,raw (crop),28 x 28,sRGB IEC61966-2.1,VJB
5229,Seritan_00698.jpg,Batik_Lasem/motifs (isen-isen)/Seritan/all_motifs (1328)/Seritan_00698.jpg,Seritan,Seritan,all_motifs (1328),Batik Artisan with Seritan Background.jpg,Pesona Canting,2022,raw (crop),28 x 28,sRGB IEC61966-2.1,VJB
5238,Seritan_00707.jpg,Batik_Lasem/motifs (isen-isen)/Seritan/all_motifs (1328)/Seritan_00707.jpg,Seritan,Seritan,all_motifs (1328),Batik Artisan with Seritan Background.jpg,Pesona Canting,2022,raw (crop),28 x 28,sRGB IEC61966-2.1,VJB
5240,Seritan_00709.jpg,Batik_Lasem/motifs (isen-isen)/Seritan/all_motifs (1328)/Seritan_00709.jpg,Seritan,Seritan,all_motifs (1328),Batik Artisan with Seritan Background.jpg,Pesona Canting,2022,raw (crop),142 x 142,sRGB IEC61966-2.1,VJB
5242,Seritan_00711.jpg,Batik_Lasem/motifs (isen-isen)/Seritan/all_motifs (1328)/Seritan_00711.jpg,Seritan,Seritan,all_motifs (1328),Batik Artisan with Seritan Background.jpg,Pesona Canting,2022,raw (crop),28 x 28,sRGB IEC61966-2.1,VJB
5245,Seritan_00714.jpg,Batik_Lasem/motifs (isen-isen)/Seritan/all_motifs (1328)/Seritan_00714.jpg,Seritan,Seritan,all_motifs (1328),Batik Artisan with Seritan Background.jpg,Pesona Canting,2022,raw (crop),28 x 28,sRGB IEC61966-2.1,VJB
5247,Seritan_00716.jpg,Batik_Lasem/motifs (isen-isen)/Seritan/all_motifs (1328)/Seritan_00716.jpg,Seritan,Seritan,all_motifs (1328),Batik Artisan with Seritan Background.jpg,Pesona Canting,2022,raw (crop),28 x 28,sRGB IEC61966-2.1,VJB
5248,Seritan_00717.jpg,Batik_Lasem/motifs (isen-isen)/Seritan/all_motifs (1328)/Seritan_00717.jpg,Seritan,Seritan,all_motifs (1328),Batik Artisan with Seritan Background.jpg,Pesona Canting,2022,raw (crop),28 x 28,sRGB IEC61966-2.1,VJB
5249,Seritan_00718.jpg,Batik_Lasem/motifs (isen-isen)/Seritan/all_motifs (1328)/Seritan_00718.jpg,Seritan,Seritan,all_motifs (1328),Batik Artisan with Seritan Background.jpg,Pesona Canting,2022,raw (crop),28 x 28,sRGB IEC61966-2.1,VJB
5250,Seritan_00719.jpg,Batik_Lasem/motifs (isen-isen)/Seritan/all_motifs (1328)/Seritan_00719.jpg,Seritan,Seritan,all_motifs (1328),Batik Artisan with Seritan Background.jpg,Pesona Canting,2022,raw (crop),28 x 28,sRGB IEC61966-2.1,VJB
5253,Seritan_00722.jpg,Batik_Lasem/motifs (isen-isen)/Seritan/all_motifs (1328)/Seritan_00722.jpg,Seritan,Seritan,all_motifs (1328),Batik Artisan with Seritan Background.jpg,Pesona Canting,2022,raw (crop),28 x 28,sRGB IEC61966-2.1,VJB
5255,Seritan_00724.jpg,Batik_Lasem/motifs (isen-isen)/Seritan/all_motifs (1328)/Seritan_00724.jpg,Seritan,Seritan,all_motifs (1328),Batik Artisan with Seritan Background.jpg,Pesona Canting,2022,raw (crop),28 x 28,sRGB IEC61966-2.1,VJB
5257,Seritan_00726.jpg,Batik_Lasem/motifs (isen-isen)/Seritan/all_motifs (1328)/Seritan_00726.jpg,Seritan,Seritan,all_motifs (1328),Batik Artisan with Seritan Background.jpg,Pesona Canting,2022,raw (crop),28 x 28,sRGB IEC61966-2.1,VJB
5259,Seritan_00728.jpg,Batik_Lasem/motifs (isen-isen)/Seritan/all_motifs (1328)/Seritan_00728.jpg,Seritan,Seritan,all_motifs (1328),Batik Artisan with Seritan Background.jpg,Pesona Canting,2022,raw (crop),28 x 28,sRGB IEC61966-2.1,VJB
5261,Seritan_00730.jpg,Batik_Lasem/motifs (isen-isen)/Seritan/all_motifs (1328)/Seritan_00730.jpg,Seritan,Seritan,all_motifs (1328),Batik Artisan with Seritan Background.jpg,Pesona Canting,2022,raw (crop),28 x 28,sRGB IEC61966-2.1,VJB
5262,Seritan_00731.jpg,Batik_Lasem/motifs (isen-isen)/Seritan/all_motifs (1328)/Seritan_00731.jpg,Seritan,Seritan,all_motifs (1328),Batik Artisan with Seritan Background.jpg,Pesona Canting,2022,raw (crop),28 x 28,sRGB IEC61966-2.1,VJB
5265,Seritan_00734.jpg,Batik_Lasem/motifs (isen-isen)/Seritan/all_motifs (1328)/Seritan_00734.jpg,Seritan,Seritan,all_motifs (1328),Batik Artisan with Seritan Background.jpg,Pesona Canting,2022,raw (crop),28 x 28,sRGB IEC61966-2.1,VJB
5266,Seritan_00735.jpg,Batik_Lasem/motifs (isen-isen)/Seritan/all_motifs (1328)/Seritan_00735.jpg,Seritan,Seritan,all_motifs (1328),Batik Artisan with Seritan Background.jpg,Pesona Canting,2022,raw (crop),28 x 28,sRGB IEC61966-2.1,VJB
5268,Seritan_00737.jpg,Batik_Lasem/motifs (isen-isen)/Seritan/all_motifs (1328)/Seritan_00737.jpg,Seritan,Seritan,all_motifs (1328),Batik Artisan with Seritan Background.jpg,Pesona Canting,2022,raw (crop),28 x 28,sRGB IEC61966-2.1,VJB
5270,Seritan_00739.jpg,Batik_Lasem/motifs (isen-isen)/Seritan/all_motifs (1328)/Seritan_00739.jpg,Seritan,Seritan,all_motifs (1328),Batik Artisan with Seritan Background.jpg,Pesona Canting,2022,raw (crop),28 x 28,sRGB IEC61966-2.1,VJB
5271,Seritan_00740.jpg,Batik_Lasem/motifs (isen-isen)/Seritan/all_motifs (1328)/Seritan_00740.jpg,Seritan,Seritan,all_motifs (1328),Batik Artisan with Seritan Background.jpg,Pesona Canting,2022,raw (crop),28 x 28,sRGB IEC61966-2.1,VJB
5272,Seritan_00741.jpg,Batik_Lasem/motifs (isen-isen)/Seritan/all_motifs (1328)/Seritan_00741.jpg,Seritan,Seritan,all_motifs (1328),Batik Artisan with Seritan Background.jpg,Pesona Canting,2022,raw (crop),28 x 28,sRGB IEC61966-2.1,VJB
5273,Seritan_00742.jpg,Batik_Lasem/motifs (isen-isen)/Seritan/all_motifs (1328)/Seritan_00742.jpg,Seritan,Seritan,all_motifs (1328),Batik Artisan with Seritan Background.jpg,Pesona Canting,2022,raw (crop),28 x 28,sRGB IEC61966-2.1,VJB
5274,Seritan_00743.jpg,Batik_Lasem/motifs (isen-isen)/Seritan/all_motifs (1328)/Seritan_00743.jpg,Seritan,Seritan,all_motifs (1328),Batik Artisan with Seritan Background.jpg,Pesona Canting,2022,raw (crop),142 x 142,sRGB IEC61966-2.1,VJB
5277,Seritan_00746.jpg,Batik_Lasem/motifs (isen-isen)/Seritan/all_motifs (1328)/Seritan_00746.jpg,Seritan,Seritan,all_motifs (1328),Batik Artisan with Seritan Background.jpg,Pesona Canting,2022,raw (crop),28 x 28,sRGB IEC61966-2.1,VJB
5278,Seritan_00747.jpg,Batik_Lasem/motifs (isen-isen)/Seritan/all_motifs (1328)/Seritan_00747.jpg,Seritan,Seritan,all_motifs (1328),Batik Artisan with Seritan Background.jpg,Pesona Canting,2022,raw (crop),28 x 28,sRGB IEC61966-2.1,VJB
5279,Seritan_00748.jpg,Batik_Lasem/motifs (isen-isen)/Seritan/all_motifs (1328)/Seritan_00748.jpg,Seritan,Seritan,all_motifs (1328),Batik Artisan with Seritan Background.jpg,Pesona Canting,2022,raw (crop),28 x 28,sRGB IEC61966-2.1,VJB
5280,Seritan_00749.jpg,Batik_Lasem/motifs (isen-isen)/Seritan/all_motifs (1328)/Seritan_00749.jpg,Seritan,Seritan,all_motifs (1328),Batik Artisan with Seritan Background.jpg,Pesona Canting,2022,raw (crop),28 x 28,sRGB IEC61966-2.1,VJB
5283,Seritan_00752.jpg,Batik_Lasem/motifs (isen-isen)/Seritan/all_motifs (1328)/Seritan_00752.jpg,Seritan,Seritan,all_motifs (1328),Batik Artisan with Seritan Background.jpg,Pesona Canting,2022,raw (crop),28 x 28,sRGB IEC61966-2.1,VJB
5284,Seritan_00753.jpg,Batik_Lasem/motifs (isen-isen)/Seritan/all_motifs (1328)/Seritan_00753.jpg,Seritan,Seritan,all_motifs (1328),Batik Artisan with Seritan Background.jpg,Pesona Canting,2022,raw (crop),142 x 142,sRGB IEC61966-2.1,VJB
5286,Seritan_00755.jpg,Batik_Lasem/motifs (isen-isen)/Seritan/all_motifs (1328)/Seritan_00755.jpg,Seritan,Seritan,all_motifs (1328),Batik Artisan with Seritan Background.jpg,Pesona Canting,2022,raw (crop),28 x 28,sRGB IEC61966-2.1,VJB
5289,Seritan_00758.jpg,Batik_Lasem/motifs (isen-isen)/Seritan/all_motifs (1328)/Seritan_00758.jpg,Seritan,Seritan,all_motifs (1328),Artisan Latar Tanahan.jpg,Pesona Canting,2022,raw (crop),28 x 28,sRGB IEC61966-2.1,VJB
5292,Seritan_00761.jpg,Batik_Lasem/motifs (isen-isen)/Seritan/all_motifs (1328)/Seritan_00761.jpg,Seritan,Seritan,all_motifs (1328),Artisan Latar Tanahan.jpg,Pesona Canting,2022,raw (crop),28 x 28,sRGB IEC61966-2.1,VJB
5293,Seritan_00762.jpg,Batik_Lasem/motifs (isen-isen)/Seritan/all_motifs (1328)/Seritan_00762.jpg,Seritan,Seritan,all_motifs (1328),Artisan Latar Tanahan.jpg,Pesona Canting,2022,raw (crop),28 x 28,sRGB IEC61966-2.1,VJB
5299,Seritan_00768.jpg,Batik_Lasem/motifs (isen-isen)/Seritan/all_motifs (1328)/Seritan_00768.jpg,Seritan,Seritan,all_motifs (1328),Artisan Latar Tanahan.jpg,Pesona Canting,2022,raw (crop),28 x 28,sRGB IEC61966-2.1,VJB
5301,Seritan_00770.jpg,Batik_Lasem/motifs (isen-isen)/Seritan/all_motifs (1328)/Seritan_00770.jpg,Seritan,Seritan,all_motifs (1328),Artisan Latar Tanahan.jpg,Pesona Canting,2022,raw (crop),28 x 28,sRGB IEC61966-2.1,VJB
5305,Seritan_00774.jpg,Batik_Lasem/motifs (isen-isen)/Seritan/all_motifs (1328)/Seritan_00774.jpg,Seritan,Seritan,all_motifs (1328),Artisan Latar Tanahan.jpg,Pesona Canting,2022,raw (crop),28 x 28,sRGB IEC61966-2.1,VJB
5309,Seritan_00778.jpg,Batik_Lasem/motifs (isen-isen)/Seritan/all_motifs (1328)/Seritan_00778.jpg,Seritan,Seritan,all_motifs (1328),Artisan Latar Tanahan.jpg,Pesona Canting,2022,raw (crop),28 x 28,sRGB IEC61966-2.1,VJB
5311,Seritan_00780.jpg,Batik_Lasem/motifs (isen-isen)/Seritan/all_motifs (1328)/Seritan_00780.jpg,Seritan,Seritan,all_motifs (1328),Artisan Latar Tanahan.jpg,Pesona Canting,2022,raw (crop),28 x 28,sRGB IEC61966-2.1,VJB
5316,Seritan_00785.jpg,Batik_Lasem/motifs (isen-isen)/Seritan/all_motifs (1328)/Seritan_00785.jpg,Seritan,Seritan,all_motifs (1328),Artisan Latar Tanahan.jpg,Pesona Canting,2022,raw (crop),28 x 28,sRGB IEC61966-2.1,VJB
5317,Seritan_00786.jpg,Batik_Lasem/motifs (isen-isen)/Seritan/all_motifs (1328)/Seritan_00786.jpg,Seritan,Seritan,all_motifs (1328),Batik Artisan with Seritan Background.jpg,Pesona Canting,2022,raw (crop),142 x 142,sRGB IEC61966-2.1,VJB
5318,Seritan_00787.jpg,Batik_Lasem/motifs (isen-isen)/Seritan/all_motifs (1328)/Seritan_00787.jpg,Seritan,Seritan,all_motifs (1328),Artisan Latar Tanahan.jpg,Pesona Canting,2022,raw (crop),28 x 28,sRGB IEC61966-2.1,VJB
5319,Seritan_00788.jpg,Batik_Lasem/motifs (isen-isen)/Seritan/all_motifs (1328)/Seritan_00788.jpg,Seritan,Seritan,all_motifs (1328),Artisan Latar Tanahan.jpg,Pesona Canting,2022,raw (crop),28 x 28,sRGB IEC61966-2.1,VJB
5320,Seritan_00789.jpg,Batik_Lasem/motifs (isen-isen)/Seritan/all_motifs (1328)/Seritan_00789.jpg,Seritan,Seritan,all_motifs (1328),Artisan Latar Tanahan.jpg,Pesona Canting,2022,raw (crop),28 x 28,sRGB IEC61966-2.1,VJB
5321,Seritan_00790.jpg,Batik_Lasem/motifs (isen-isen)/Seritan/all_motifs (1328)/Seritan_00790.jpg,Seritan,Seritan,all_motifs (1328),Artisan Latar Tanahan.jpg,Pesona Canting,2022,raw (crop),28 x 28,sRGB IEC61966-2.1,VJB
5322,Seritan_00791.jpg,Batik_Lasem/motifs (isen-isen)/Seritan/all_motifs (1328)/Seritan_00791.jpg,Seritan,Seritan,all_motifs (1328),Artisan Latar Tanahan.jpg,Pesona Canting,2022,raw (crop),28 x 28,sRGB IEC61966-2.1,VJB
5328,Seritan_00797.jpg,Batik_Lasem/motifs (isen-isen)/Seritan/all_motifs (1328)/Seritan_00797.jpg,Seritan,Seritan,all_motifs (1328),Batik Artisan with Seritan Background.jpg,Pesona Canting,2022,raw (crop),142 x 142,sRGB IEC61966-2.1,VJB
5330,Seritan_00799.jpg,Batik_Lasem/motifs (isen-isen)/Seritan/all_motifs (1328)/Seritan_00799.jpg,Seritan,Seritan,all_motifs (1328),Artisan Latar Tanahan.jpg,Pesona Canting,2022,raw (crop),28 x 28,sRGB IEC61966-2.1,VJB
5331,Seritan_00800.jpg,Batik_Lasem/motifs (isen-isen)/Seritan/all_motifs (1328)/Seritan_00800.jpg,Seritan,Seritan,all_motifs (1328),Artisan Latar Tanahan.jpg,Pesona Canting,2022,raw (crop),28 x 28,sRGB IEC61966-2.1,VJB
5332,Seritan_00801.jpg,Batik_Lasem/motifs (isen-isen)/Seritan/all_motifs (1328)/Seritan_00801.jpg,Seritan,Seritan,all_motifs (1328),Artisan Latar Tanahan.jpg,Pesona Canting,2022,raw (crop),28 x 28,sRGB IEC61966-2.1,VJB
5337,Seritan_00806.jpg,Batik_Lasem/motifs (isen-isen)/Seritan/all_motifs (1328)/Seritan_00806.jpg,Seritan,Seritan,all_motifs (1328),Artisan Latar Tanahan.jpg,Pesona Canting,2022,raw (crop),28 x 28,sRGB IEC61966-2.1,VJB
5338,Seritan_00807.jpg,Batik_Lasem/motifs (isen-isen)/Seritan/all_motifs (1328)/Seritan_00807.jpg,Seritan,Seritan,all_motifs (1328),Artisan Latar Tanahan.jpg,Pesona Canting,2022,raw (crop),28 x 28,sRGB IEC61966-2.1,VJB
5339,Seritan_00808.jpg,Batik_Lasem/motifs (isen-isen)/Seritan/all_motifs (1328)/Seritan_00808.jpg,Seritan,Seritan,all_motifs (1328),Batik Artisan with Seritan Background.jpg,Pesona Canting,2022,raw (crop),142 x 142,sRGB IEC61966-2.1,VJB
5342,Seritan_00811.jpg,Batik_Lasem/motifs (isen-isen)/Seritan/all_motifs (1328)/Seritan_00811.jpg,Seritan,Seritan,all_motifs (1328),Artisan Latar Tanahan.jpg,Pesona Canting,2022,raw (crop),28 x 28,sRGB IEC61966-2.1,VJB
5344,Seritan_00813.jpg,Batik_Lasem/motifs (isen-isen)/Seritan/all_motifs (1328)/Seritan_00813.jpg,Seritan,Seritan,all_motifs (1328),Artisan Latar Tanahan.jpg,Pesona Canting,2022,raw (crop),28 x 28,sRGB IEC61966-2.1,VJB
5351,Seritan_00820.jpg,Batik_Lasem/motifs (isen-isen)/Seritan/all_motifs (1328)/Seritan_00820.jpg,Seritan,Seritan,all_motifs (1328),Batik Artisan with Seritan Background.jpg,Pesona Canting,2022,raw (crop),142 x 142,sRGB IEC61966-2.1,VJB
5352,Seritan_00821.jpg,Batik_Lasem/motifs (isen-isen)/Seritan/all_motifs (1328)/Seritan_00821.jpg,Seritan,Seritan,all_motifs (1328),Isen Cloth 3.jpg,Pusaka Beruang,2022,raw (crop),28 x 28,sRGB IEC61966-2.1,VJB
5353,Seritan_00822.jpg,Batik_Lasem/motifs (isen-isen)/Seritan/all_motifs (1328)/Seritan_00822.jpg,Seritan,Seritan,all_motifs (1328),Batik Artisan with Seritan Background.jpg,Pesona Canting,2022,raw (crop),28 x 28,sRGB IEC61966-2.1,VJB
5354,Seritan_00823.jpg,Batik_Lasem/motifs (isen-isen)/Seritan/all_motifs (1328)/Seritan_00823.jpg,Seritan,Seritan,all_motifs (1328),Batik Artisan with Seritan Background.jpg,Pesona Canting,2022,raw (crop),28 x 28,sRGB IEC61966-2.1,VJB
5356,Seritan_00825.jpg,Batik_Lasem/motifs (isen-isen)/Seritan/all_motifs (1328)/Seritan_00825.jpg,Seritan,Seritan,all_motifs (1328),Batik Artisan with Seritan Background.jpg,Pesona Canting,2022,raw (crop),28 x 28,sRGB IEC61966-2.1,VJB
5358,Seritan_00827.jpg,Batik_Lasem/motifs (isen-isen)/Seritan/all_motifs (1328)/Seritan_00827.jpg,Seritan,Seritan,all_motifs (1328),Batik Artisan with Seritan Background.jpg,Pesona Canting,2022,raw (crop),28 x 28,sRGB IEC61966-2.1,VJB
5360,Seritan_00829.jpg,Batik_Lasem/motifs (isen-isen)/Seritan/all_motifs (1328)/Seritan_00829.jpg,Seritan,Seritan,all_motifs (1328),Batik Artisan with Seritan Background.jpg,Pesona Canting,2022,raw (crop),28 x 28,sRGB IEC61966-2.1,VJB
5361,Seritan_00830.jpg,Batik_Lasem/motifs (isen-isen)/Seritan/all_motifs (1328)/Seritan_00830.jpg,Seritan,Seritan,all_motifs (1328),Batik Artisan with Seritan Background.jpg,Pesona Canting,2022,raw (crop),28 x 28,sRGB IEC61966-2.1,VJB
5362,Seritan_00831.jpg,Batik_Lasem/motifs (isen-isen)/Seritan/all_motifs (1328)/Seritan_00831.jpg,Seritan,Seritan,all_motifs (1328),Batik Artisan with Seritan Background.jpg,Pesona Canting,2022,raw (crop),142 x 142,sRGB IEC61966-2.1,VJB
5366,Seritan_00835.jpg,Batik_Lasem/motifs (isen-isen)/Seritan/all_motifs (1328)/Seritan_00835.jpg,Seritan,Seritan,all_motifs (1328),Batik Artisan with Seritan Background.jpg,Pesona Canting,2022,raw (crop),28 x 28,sRGB IEC61966-2.1,VJB
5367,Seritan_00836.jpg,Batik_Lasem/motifs (isen-isen)/Seritan/all_motifs (1328)/Seritan_00836.jpg,Seritan,Seritan,all_motifs (1328),Batik Artisan with Seritan Background.jpg,Pesona Canting,2022,raw (crop),28 x 28,sRGB IEC61966-2.1,VJB
5372,Seritan_00841.jpg,Batik_Lasem/motifs (isen-isen)/Seritan/all_motifs (1328)/Seritan_00841.jpg,Seritan,Seritan,all_motifs (1328),Batik Artisan with Seritan Background.jpg,Pesona Canting,2022,raw (crop),28 x 28,sRGB IEC61966-2.1,VJB
5377,Seritan_00846.jpg,Batik_Lasem/motifs (isen-isen)/Seritan/all_motifs (1328)/Seritan_00846.jpg,Seritan,Seritan,all_motifs (1328),Batik Artisan with Seritan Background.jpg,Pesona Canting,2022,raw (crop),28 x 28,sRGB IEC61966-2.1,VJB
5378,Seritan_00847.jpg,Batik_Lasem/motifs (isen-isen)/Seritan/all_motifs (1328)/Seritan_00847.jpg,Seritan,Seritan,all_motifs (1328),Batik Artisan with Seritan Background.jpg,Pesona Canting,2022,raw (crop),28 x 28,sRGB IEC61966-2.1,VJB
5384,Seritan_00853.jpg,Batik_Lasem/motifs (isen-isen)/Seritan/all_motifs (1328)/Seritan_00853.jpg,Seritan,Seritan,all_motifs (1328),Batik Artisan with Seritan Background.jpg,Pesona Canting,2022,raw (crop),28 x 28,sRGB IEC61966-2.1,VJB
5391,Seritan_00860.jpg,Batik_Lasem/motifs (isen-isen)/Seritan/all_motifs (1328)/Seritan_00860.jpg,Seritan,Seritan,all_motifs (1328),Batik Artisan with Seritan Background.jpg,Pesona Canting,2022,raw (crop),28 x 28,sRGB IEC61966-2.1,VJB
5392,Seritan_00861.jpg,Batik_Lasem/motifs (isen-isen)/Seritan/all_motifs (1328)/Seritan_00861.jpg,Seritan,Seritan,all_motifs (1328),Batik Artisan with Seritan Background.jpg,Pesona Canting,2022,raw (crop),28 x 28,sRGB IEC61966-2.1,VJB
5393,Seritan_00862.jpg,Batik_Lasem/motifs (isen-isen)/Seritan/all_motifs (1328)/Seritan_00862.jpg,Seritan,Seritan,all_motifs (1328),Batik Artisan with Seritan Background.jpg,Pesona Canting,2022,raw (crop),28 x 28,sRGB IEC61966-2.1,VJB
5394,Seritan_00863.jpg,Batik_Lasem/motifs (isen-isen)/Seritan/all_motifs (1328)/Seritan_00863.jpg,Seritan,Seritan,all_motifs (1328),Batik Artisan with Seritan Background.jpg,Pesona Canting,2022,raw (crop),28 x 28,sRGB IEC61966-2.1,VJB
5396,Seritan_00865.jpg,Batik_Lasem/motifs (isen-isen)/Seritan/all_motifs (1328)/Seritan_00865.jpg,Seritan,Seritan,all_motifs (1328),Batik Artisan with Seritan Background.jpg,Pesona Canting,2022,raw (crop),28 x 28,sRGB IEC61966-2.1,VJB
5399,Seritan_00868.jpg,Batik_Lasem/motifs (isen-isen)/Seritan/all_motifs (1328)/Seritan_00868.jpg,Seritan,Seritan,all_motifs (1328),Batik Artisan with Seritan Background.jpg,Pesona Canting,2022,raw (crop),28 x 28,sRGB IEC61966-2.1,VJB
5400,Seritan_00869.jpg,Batik_Lasem/motifs (isen-isen)/Seritan/all_motifs (1328)/Seritan_00869.jpg,Seritan,Seritan,all_motifs (1328),Batik Artisan with Seritan Background.jpg,Pesona Canting,2022,raw (crop),28 x 28,sRGB IEC61966-2.1,VJB
5401,Seritan_00870.jpg,Batik_Lasem/motifs (isen-isen)/Seritan/all_motifs (1328)/Seritan_00870.jpg,Seritan,Seritan,all_motifs (1328),Batik Artisan with Seritan Background.jpg,Pesona Canting,2022,raw (crop),142 x 142,sRGB IEC61966-2.1,VJB
5405,Seritan_00874.jpg,Batik_Lasem/motifs (isen-isen)/Seritan/all_motifs (1328)/Seritan_00874.jpg,Seritan,Seritan,all_motifs (1328),Batik Artisan with Seritan Background.jpg,Pesona Canting,2022,raw (crop),28 x 28,sRGB IEC61966-2.1,VJB
5406,Seritan_00875.jpg,Batik_Lasem/motifs (isen-isen)/Seritan/all_motifs (1328)/Seritan_00875.jpg,Seritan,Seritan,all_motifs (1328),Batik Artisan with Seritan Background.jpg,Pesona Canting,2022,raw (crop),28 x 28,sRGB IEC61966-2.1,VJB
5411,Seritan_00880.jpg,Batik_Lasem/motifs (isen-isen)/Seritan/all_motifs (1328)/Seritan_00880.jpg,Seritan,Seritan,all_motifs (1328),Batik Artisan with Seritan Background.jpg,Pesona Canting,2022,raw (crop),28 x 28,sRGB IEC61966-2.1,VJB
5413,Seritan_00882.jpg,Batik_Lasem/motifs (isen-isen)/Seritan/all_motifs (1328)/Seritan_00882.jpg,Seritan,Seritan,all_motifs (1328),Batik Artisan with Seritan Background.jpg,Pesona Canting,2022,raw (crop),28 x 28,sRGB IEC61966-2.1,VJB
5414,Seritan_00883.jpg,Batik_Lasem/motifs (isen-isen)/Seritan/all_motifs (1328)/Seritan_00883.jpg,Seritan,Seritan,all_motifs (1328),Batik Artisan with Seritan Background.jpg,Pesona Canting,2022,raw (crop),28 x 28,sRGB IEC61966-2.1,VJB
5416,Seritan_00885.jpg,Batik_Lasem/motifs (isen-isen)/Seritan/all_motifs (1328)/Seritan_00885.jpg,Seritan,Seritan,all_motifs (1328),Batik Artisan with Seritan Background.jpg,Pesona Canting,2022,raw (crop),28 x 28,sRGB IEC61966-2.1,VJB
5417,Seritan_00886.jpg,Batik_Lasem/motifs (isen-isen)/Seritan/all_motifs (1328)/Seritan_00886.jpg,Seritan,Seritan,all_motifs (1328),Batik Artisan with Seritan Background.jpg,Pesona Canting,2022,raw (crop),28 x 28,sRGB IEC61966-2.1,VJB
5418,Seritan_00887.jpg,Batik_Lasem/motifs (isen-isen)/Seritan/all_motifs (1328)/Seritan_00887.jpg,Seritan,Seritan,all_motifs (1328),Batik Artisan with Seritan Background.jpg,Pesona Canting,2022,raw (crop),28 x 28,sRGB IEC61966-2.1,VJB
5420,Seritan_00889.jpg,Batik_Lasem/motifs (isen-isen)/Seritan/all_motifs (1328)/Seritan_00889.jpg,Seritan,Seritan,all_motifs (1328),Batik Artisan with Seritan Background.jpg,Pesona Canting,2022,raw (crop),28 x 28,sRGB IEC61966-2.1,VJB
5421,Seritan_00890.jpg,Batik_Lasem/motifs (isen-isen)/Seritan/all_motifs (1328)/Seritan_00890.jpg,Seritan,Seritan,all_motifs (1328),Batik Artisan with Seritan Background.jpg,Pesona Canting,2022,raw (crop),28 x 28,sRGB IEC61966-2.1,VJB
5425,Seritan_00894.jpg,Batik_Lasem/motifs (isen-isen)/Seritan/all_motifs (1328)/Seritan_00894.jpg,Seritan,Seritan,all_motifs (1328),Batik Artisan with Seritan Background.jpg,Pesona Canting,2022,raw (crop),28 x 28,sRGB IEC61966-2.1,VJB
5427,Seritan_00896.jpg,Batik_Lasem/motifs (isen-isen)/Seritan/all_motifs (1328)/Seritan_00896.jpg,Seritan,Seritan,all_motifs (1328),Batik Artisan with Seritan Background.jpg,Pesona Canting,2022,raw (crop),28 x 28,sRGB IEC61966-2.1,VJB
5428,Seritan_00897.jpg,Batik_Lasem/motifs (isen-isen)/Seritan/all_motifs (1328)/Seritan_00897.jpg,Seritan,Seritan,all_motifs (1328),Batik Artisan with Seritan Background.jpg,Pesona Canting,2022,raw (crop),28 x 28,sRGB IEC61966-2.1,VJB
5429,Seritan_00898.jpg,Batik_Lasem/motifs (isen-isen)/Seritan/all_motifs (1328)/Seritan_00898.jpg,Seritan,Seritan,all_motifs (1328),Batik Artisan with Seritan Background.jpg,Pesona Canting,2022,raw (crop),28 x 28,sRGB IEC61966-2.1,VJB
5430,Seritan_00899.jpg,Batik_Lasem/motifs (isen-isen)/Seritan/all_motifs (1328)/Seritan_00899.jpg,Seritan,Seritan,all_motifs (1328),Batik Artisan with Seritan Background.jpg,Pesona Canting,2022,raw (crop),28 x 28,sRGB IEC61966-2.1,VJB
5435,Seritan_00904.jpg,Batik_Lasem/motifs (isen-isen)/Seritan/all_motifs (1328)/Seritan_00904.jpg,Seritan,Seritan,all_motifs (1328),Batik Artisan with Seritan Background.jpg,Pesona Canting,2022,raw (crop),28 x 28,sRGB IEC61966-2.1,VJB
5436,Seritan_00905.jpg,Batik_Lasem/motifs (isen-isen)/Seritan/all_motifs (1328)/Seritan_00905.jpg,Seritan,Seritan,all_motifs (1328),Batik Artisan with Seritan Background.jpg,Pesona Canting,2022,raw (crop),28 x 28,sRGB IEC61966-2.1,VJB
5438,Seritan_00907.jpg,Batik_Lasem/motifs (isen-isen)/Seritan/all_motifs (1328)/Seritan_00907.jpg,Seritan,Seritan,all_motifs (1328),Batik Artisan with Seritan Background.jpg,Pesona Canting,2022,raw (crop),28 x 28,sRGB IEC61966-2.1,VJB
5443,Seritan_00912.jpg,Batik_Lasem/motifs (isen-isen)/Seritan/all_motifs (1328)/Seritan_00912.jpg,Seritan,Seritan,all_motifs (1328),Batik Artisan with Seritan Background.jpg,Pesona Canting,2022,raw (crop),28 x 28,sRGB IEC61966-2.1,VJB
5449,Seritan_00918.jpg,Batik_Lasem/motifs (isen-isen)/Seritan/all_motifs (1328)/Seritan_00918.jpg,Seritan,Seritan,all_motifs (1328),Batik Artisan with Seritan Background.jpg,Pesona Canting,2022,raw (crop),28 x 28,sRGB IEC61966-2.1,VJB
5451,Seritan_00920.jpg,Batik_Lasem/motifs (isen-isen)/Seritan/all_motifs (1328)/Seritan_00920.jpg,Seritan,Seritan,all_motifs (1328),Batik Artisan with Seritan Background.jpg,Pesona Canting,2022,raw (crop),28 x 28,sRGB IEC61966-2.1,VJB
5452,Seritan_00921.jpg,Batik_Lasem/motifs (isen-isen)/Seritan/all_motifs (1328)/Seritan_00921.jpg,Seritan,Seritan,all_motifs (1328),Batik Artisan with Seritan Background.jpg,Pesona Canting,2022,raw (crop),28 x 28,sRGB IEC61966-2.1,VJB
5454,Seritan_00923.jpg,Batik_Lasem/motifs (isen-isen)/Seritan/all_motifs (1328)/Seritan_00923.jpg,Seritan,Seritan,all_motifs (1328),Batik Artisan with Seritan Background.jpg,Pesona Canting,2022,raw (crop),28 x 28,sRGB IEC61966-2.1,VJB
5456,Seritan_00925.jpg,Batik_Lasem/motifs (isen-isen)/Seritan/all_motifs (1328)/Seritan_00925.jpg,Seritan,Seritan,all_motifs (1328),Batik Artisan with Seritan Background.jpg,Pesona Canting,2022,raw (crop),142 x 142,sRGB IEC61966-2.1,VJB
5460,Seritan_00929.jpg,Batik_Lasem/motifs (isen-isen)/Seritan/all_motifs (1328)/Seritan_00929.jpg,Seritan,Seritan,all_motifs (1328),Isen Cloth 3.jpg,Pusaka Beruang,2022,raw (crop),28 x 28,sRGB IEC61966-2.1,VJB
5461,Seritan_00930.jpg,Batik_Lasem/motifs (isen-isen)/Seritan/all_motifs (1328)/Seritan_00930.jpg,Seritan,Seritan,all_motifs (1328),Isen Cloth 3.jpg,Pusaka Beruang,2022,raw (crop),28 x 28,sRGB IEC61966-2.1,VJB
5465,Seritan_00934.jpg,Batik_Lasem/motifs (isen-isen)/Seritan/all_motifs (1328)/Seritan_00934.jpg,Seritan,Seritan,all_motifs (1328),Isen Cloth 3.jpg,Pusaka Beruang,2022,raw (crop),28 x 28,sRGB IEC61966-2.1,VJB
5466,Seritan_00935.jpg,Batik_Lasem/motifs (isen-isen)/Seritan/all_motifs (1328)/Seritan_00935.jpg,Seritan,Seritan,all_motifs (1328),Batik Artisan with Seritan Background.jpg,Pesona Canting,2022,raw (crop),142 x 142,sRGB IEC61966-2.1,VJB
5468,Seritan_00937.jpg,Batik_Lasem/motifs (isen-isen)/Seritan/all_motifs (1328)/Seritan_00937.jpg,Seritan,Seritan,all_motifs (1328),Isen Cloth 3.jpg,Pusaka Beruang,2022,raw (crop),28 x 28,sRGB IEC61966-2.1,VJB
5470,Seritan_00939.jpg,Batik_Lasem/motifs (isen-isen)/Seritan/all_motifs (1328)/Seritan_00939.jpg,Seritan,Seritan,all_motifs (1328),Isen Cloth 3.jpg,Pusaka Beruang,2022,raw (crop),28 x 28,sRGB IEC61966-2.1,VJB
5471,Seritan_00940.jpg,Batik_Lasem/motifs (isen-isen)/Seritan/all_motifs (1328)/Seritan_00940.jpg,Seritan,Seritan,all_motifs (1328),Isen Cloth 3.jpg,Pusaka Beruang,2022,raw (crop),28 x 28,sRGB IEC61966-2.1,VJB
5473,Seritan_00942.jpg,Batik_Lasem/motifs (isen-isen)/Seritan/all_motifs (1328)/Seritan_00942.jpg,Seritan,Seritan,all_motifs (1328),Isen Cloth 3.jpg,Pusaka Beruang,2022,raw (crop),28 x 28,sRGB IEC61966-2.1,VJB
5475,Seritan_00944.jpg,Batik_Lasem/motifs (isen-isen)/Seritan/all_motifs (1328)/Seritan_00944.jpg,Seritan,Seritan,all_motifs (1328),Isen Cloth 3.jpg,Pusaka Beruang,2022,raw (crop),28 x 28,sRGB IEC61966-2.1,VJB
5477,Seritan_00946.jpg,Batik_Lasem/motifs (isen-isen)/Seritan/all_motifs (1328)/Seritan_00946.jpg,Seritan,Seritan,all_motifs (1328),Batik Artisan with Seritan Background.jpg,Pesona Canting,2022,raw (crop),142 x 142,sRGB IEC61966-2.1,VJB
5479,Seritan_00948.jpg,Batik_Lasem/motifs (isen-isen)/Seritan/all_motifs (1328)/Seritan_00948.jpg,Seritan,Seritan,all_motifs (1328),Isen Cloth 3.jpg,Pusaka Beruang,2022,raw (crop),28 x 28,sRGB IEC61966-2.1,VJB
5480,Seritan_00949.jpg,Batik_Lasem/motifs (isen-isen)/Seritan/all_motifs (1328)/Seritan_00949.jpg,Seritan,Seritan,all_motifs (1328),Isen Cloth 3.jpg,Pusaka Beruang,2022,raw (crop),28 x 28,sRGB IEC61966-2.1,VJB
5481,Seritan_00950.jpg,Batik_Lasem/motifs (isen-isen)/Seritan/all_motifs (1328)/Seritan_00950.jpg,Seritan,Seritan,all_motifs (1328),Isen Cloth 3.jpg,Pusaka Beruang,2022,raw (crop),28 x 28,sRGB IEC61966-2.1,VJB
5482,Seritan_00951.jpg,Batik_Lasem/motifs (isen-isen)/Seritan/all_motifs (1328)/Seritan_00951.jpg,Seritan,Seritan,all_motifs (1328),Isen Cloth 3.jpg,Pusaka Beruang,2022,raw (crop),28 x 28,sRGB IEC61966-2.1,VJB
5485,Seritan_00954.jpg,Batik_Lasem/motifs (isen-isen)/Seritan/all_motifs (1328)/Seritan_00954.jpg,Seritan,Seritan,all_motifs (1328),Fruits with Bledak Pasiran Background.jpg,Pesona Canting,2022,raw (crop),28 x 28,sRGB IEC61966-2.1,VJB
5487,Seritan_00956.jpg,Batik_Lasem/motifs (isen-isen)/Seritan/all_motifs (1328)/Seritan_00956.jpg,Seritan,Seritan,all_motifs (1328),Fruits with Bledak Pasiran Background.jpg,Pesona Canting,2022,raw (crop),28 x 28,sRGB IEC61966-2.1,VJB
5492,Seritan_00961.jpg,Batik_Lasem/motifs (isen-isen)/Seritan/all_motifs (1328)/Seritan_00961.jpg,Seritan,Seritan,all_motifs (1328),Batik Artisan with Seritan Background.jpg,Pesona Canting,2022,raw (crop),28 x 28,sRGB IEC61966-2.1,VJB
5499,Seritan_00968.jpg,Batik_Lasem/motifs (isen-isen)/Seritan/all_motifs (1328)/Seritan_00968.jpg,Seritan,Seritan,all_motifs (1328),Batik Artisan with Seritan Background.jpg,Pesona Canting,2022,raw (crop),142 x 142,sRGB IEC61966-2.1,VJB
5500,Seritan_00969.jpg,Batik_Lasem/motifs (isen-isen)/Seritan/all_motifs (1328)/Seritan_00969.jpg,Seritan,Seritan,all_motifs (1328),Batik Artisan with Seritan Background.jpg,Pesona Canting,2022,raw (crop),28 x 28,sRGB IEC61966-2.1,VJB
5501,Seritan_00970.jpg,Batik_Lasem/motifs (isen-isen)/Seritan/all_motifs (1328)/Seritan_00970.jpg,Seritan,Seritan,all_motifs (1328),Batik Artisan with Seritan Background.jpg,Pesona Canting,2022,raw (crop),28 x 28,sRGB IEC61966-2.1,VJB
5504,Seritan_00973.jpg,Batik_Lasem/motifs (isen-isen)/Seritan/all_motifs (1328)/Seritan_00973.jpg,Seritan,Seritan,all_motifs (1328),Artisan Latar Tanahan.jpg,Pesona Canting,2022,raw (crop),28 x 28,sRGB IEC61966-2.1,VJB
5505,Seritan_00974.jpg,Batik_Lasem/motifs (isen-isen)/Seritan/all_motifs (1328)/Seritan_00974.jpg,Seritan,Seritan,all_motifs (1328),Artisan Latar Tanahan.jpg,Pesona Canting,2022,raw (crop),28 x 28,sRGB IEC61966-2.1,VJB
5507,Seritan_00976.jpg,Batik_Lasem/motifs (isen-isen)/Seritan/all_motifs (1328)/Seritan_00976.jpg,Seritan,Seritan,all_motifs (1328),Artisan Latar Tanahan.jpg,Pesona Canting,2022,raw (crop),28 x 28,sRGB IEC61966-2.1,VJB
5508,Seritan_00977.jpg,Batik_Lasem/motifs (isen-isen)/Seritan/all_motifs (1328)/Seritan_00977.jpg,Seritan,Seritan,all_motifs (1328),Artisan Latar Tanahan.jpg,Pesona Canting,2022,raw (crop),28 x 28,sRGB IEC61966-2.1,VJB
5510,Seritan_00979.jpg,Batik_Lasem/motifs (isen-isen)/Seritan/all_motifs (1328)/Seritan_00979.jpg,Seritan,Seritan,all_motifs (1328),Artisan Latar Tanahan.jpg,Pesona Canting,2022,raw (crop),28 x 28,sRGB IEC61966-2.1,VJB
5514,Seritan_00983.jpg,Batik_Lasem/motifs (isen-isen)/Seritan/all_motifs (1328)/Seritan_00983.jpg,Seritan,Seritan,all_motifs (1328),Artisan Latar Tanahan.jpg,Pesona Canting,2022,raw (crop),28 x 28,sRGB IEC61966-2.1,VJB
5515,Seritan_00984.jpg,Batik_Lasem/motifs (isen-isen)/Seritan/all_motifs (1328)/Seritan_00984.jpg,Seritan,Seritan,all_motifs (1328),Artisan Latar Tanahan.jpg,Pesona Canting,2022,raw (crop),28 x 28,sRGB IEC61966-2.1,VJB
5516,Seritan_00985.jpg,Batik_Lasem/motifs (isen-isen)/Seritan/all_motifs (1328)/Seritan_00985.jpg,Seritan,Seritan,all_motifs (1328),Artisan Latar Tanahan.jpg,Pesona Canting,2022,raw (crop),28 x 28,sRGB IEC61966-2.1,VJB
5517,Seritan_00986.jpg,Batik_Lasem/motifs (isen-isen)/Seritan/all_motifs (1328)/Seritan_00986.jpg,Seritan,Seritan,all_motifs (1328),Artisan Latar Tanahan.jpg,Pesona Canting,2022,raw (crop),28 x 28,sRGB IEC61966-2.1,VJB
5519,Seritan_00988.jpg,Batik_Lasem/motifs (isen-isen)/Seritan/all_motifs (1328)/Seritan_00988.jpg,Seritan,Seritan,all_motifs (1328),Lawang Ombo Kilin Latar Bledak.jpg,Pesona Canting,2022,raw (crop),28 x 28,sRGB IEC61966-2.1,VJB
5520,Seritan_00989.jpg,Batik_Lasem/motifs (isen-isen)/Seritan/all_motifs (1328)/Seritan_00989.jpg,Seritan,Seritan,all_motifs (1328),Batik Artisan with Seritan Background.jpg,Pesona Canting,2022,raw (crop),142 x 142,sRGB IEC61966-2.1,VJB
5521,Seritan_00990.jpg,Batik_Lasem/motifs (isen-isen)/Seritan/all_motifs (1328)/Seritan_00990.jpg,Seritan,Seritan,all_motifs (1328),Lawang Ombo Kilin Latar Bledak.jpg,Pesona Canting,2022,raw (crop),28 x 28,sRGB IEC61966-2.1,VJB
5522,Seritan_00991.jpg,Batik_Lasem/motifs (isen-isen)/Seritan/all_motifs (1328)/Seritan_00991.jpg,Seritan,Seritan,all_motifs (1328),Lawang Ombo Kilin Latar Bledak.jpg,Pesona Canting,2022,raw (crop),28 x 28,sRGB IEC61966-2.1,VJB
5523,Seritan_00992.jpg,Batik_Lasem/motifs (isen-isen)/Seritan/all_motifs (1328)/Seritan_00992.jpg,Seritan,Seritan,all_motifs (1328),Lawang Ombo Kilin Latar Bledak.jpg,Pesona Canting,2022,raw (crop),28 x 28,sRGB IEC61966-2.1,VJB
5524,Seritan_00993.jpg,Batik_Lasem/motifs (isen-isen)/Seritan/all_motifs (1328)/Seritan_00993.jpg,Seritan,Seritan,all_motifs (1328),Lawang Ombo Kilin Latar Bledak.jpg,Pesona Canting,2022,raw (crop),28 x 28,sRGB IEC61966-2.1,VJB
5526,Seritan_00995.jpg,Batik_Lasem/motifs (isen-isen)/Seritan/all_motifs (1328)/Seritan_00995.jpg,Seritan,Seritan,all_motifs (1328),Lawang Ombo Kilin Latar Bledak.jpg,Pesona Canting,2022,raw (crop),28 x 28,sRGB IEC61966-2.1,VJB
5529,Seritan_00998.jpg,Batik_Lasem/motifs (isen-isen)/Seritan/all_motifs (1328)/Seritan_00998.jpg,Seritan,Seritan,all_motifs (1328),Lawang Ombo Kilin Latar Bledak.jpg,Pesona Canting,2022,raw (crop),28 x 28,sRGB IEC61966-2.1,VJB
5530,Seritan_00999.jpg,Batik_Lasem/motifs (isen-isen)/Seritan/all_motifs (1328)/Seritan_00999.jpg,Seritan,Seritan,all_motifs (1328),Lawang Ombo Kilin Latar Bledak.jpg,Pesona Canting,2022,raw (crop),28 x 28,sRGB IEC61966-2.1,VJB
5531,Seritan_01000.jpg,Batik_Lasem/motifs (isen-isen)/Seritan/all_motifs (1328)/Seritan_01000.jpg,Seritan,Seritan,all_motifs (1328),Batik Artisan with Seritan Background.jpg,Pesona Canting,2022,raw (crop),142 x 142,sRGB IEC61966-2.1,VJB
5536,Seritan_01005.jpg,Batik_Lasem/motifs (isen-isen)/Seritan/all_motifs (1328)/Seritan_01005.jpg,Seritan,Seritan,all_motifs (1328),Lawang Ombo Kilin Latar Bledak.jpg,Pesona Canting,2022,raw (crop),28 x 28,sRGB IEC61966-2.1,VJB
5537,Seritan_01006.jpg,Batik_Lasem/motifs (isen-isen)/Seritan/all_motifs (1328)/Seritan_01006.jpg,Seritan,Seritan,all_motifs (1328),Lawang Ombo Kilin Latar Bledak.jpg,Pesona Canting,2022,raw (crop),28 x 28,sRGB IEC61966-2.1,VJB
5538,Seritan_01007.jpg,Batik_Lasem/motifs (isen-isen)/Seritan/all_motifs (1328)/Seritan_01007.jpg,Seritan,Seritan,all_motifs (1328),Lawang Ombo Kilin Latar Bledak.jpg,Pesona Canting,2022,raw (crop),28 x 28,sRGB IEC61966-2.1,VJB
5541,Seritan_01010.jpg,Batik_Lasem/motifs (isen-isen)/Seritan/all_motifs (1328)/Seritan_01010.jpg,Seritan,Seritan,all_motifs (1328),Lawang Ombo Kilin Latar Bledak.jpg,Pesona Canting,2022,raw (crop),28 x 28,sRGB IEC61966-2.1,VJB
5542,Seritan_01011.jpg,Batik_Lasem/motifs (isen-isen)/Seritan/all_motifs (1328)/Seritan_01011.jpg,Seritan,Seritan,all_motifs (1328),Batik Artisan with Seritan Background.jpg,Pesona Canting,2022,raw (crop),142 x 142,sRGB IEC61966-2.1,VJB
5543,Seritan_01012.jpg,Batik_Lasem/motifs (isen-isen)/Seritan/all_motifs (1328)/Seritan_01012.jpg,Seritan,Seritan,all_motifs (1328),Lawang Ombo Kilin Latar Bledak.jpg,Pesona Canting,2022,raw (crop),28 x 28,sRGB IEC61966-2.1,VJB
5549,Seritan_01018.jpg,Batik_Lasem/motifs (isen-isen)/Seritan/all_motifs (1328)/Seritan_01018.jpg,Seritan,Seritan,all_motifs (1328),Lawang Ombo Kilin Latar Bledak.jpg,Pesona Canting,2022,raw (crop),28 x 28,sRGB IEC61966-2.1,VJB
5550,Seritan_01019.jpg,Batik_Lasem/motifs (isen-isen)/Seritan/all_motifs (1328)/Seritan_01019.jpg,Seritan,Seritan,all_motifs (1328),Lawang Ombo Kilin Latar Bledak.jpg,Pesona Canting,2022,raw (crop),28 x 28,sRGB IEC61966-2.1,VJB
5552,Seritan_01021.jpg,Batik_Lasem/motifs (isen-isen)/Seritan/all_motifs (1328)/Seritan_01021.jpg,Seritan,Seritan,all_motifs (1328),Lawang Ombo Kilin Latar Bledak.jpg,Pesona Canting,2022,raw (crop),28 x 28,sRGB IEC61966-2.1,VJB
5553,Seritan_01022.jpg,Batik_Lasem/motifs (isen-isen)/Seritan/all_motifs (1328)/Seritan_01022.jpg,Seritan,Seritan,all_motifs (1328),Batik Artisan with Seritan Background.jpg,Pesona Canting,2022,raw (crop),142 x 142,sRGB IEC61966-2.1,VJB
5556,Seritan_01025.jpg,Batik_Lasem/motifs (isen-isen)/Seritan/all_motifs (1328)/Seritan_01025.jpg,Seritan,Seritan,all_motifs (1328),Batik Artisan with Seritan Background.jpg,Pesona Canting,2022,raw (crop),28 x 28,sRGB IEC61966-2.1,VJB
5559,Seritan_01028.jpg,Batik_Lasem/motifs (isen-isen)/Seritan/all_motifs (1328)/Seritan_01028.jpg,Seritan,Seritan,all_motifs (1328),Batik Artisan with Seritan Background.jpg,Pesona Canting,2022,raw (crop),28 x 28,sRGB IEC61966-2.1,VJB
5561,Seritan_01030.jpg,Batik_Lasem/motifs (isen-isen)/Seritan/all_motifs (1328)/Seritan_01030.jpg,Seritan,Seritan,all_motifs (1328),Batik Artisan with Seritan Background.jpg,Pesona Canting,2022,raw (crop),28 x 28,sRGB IEC61966-2.1,VJB
5562,Seritan_01031.jpg,Batik_Lasem/motifs (isen-isen)/Seritan/all_motifs (1328)/Seritan_01031.jpg,Seritan,Seritan,all_motifs (1328),Batik Artisan with Seritan Background.jpg,Pesona Canting,2022,raw (crop),28 x 28,sRGB IEC61966-2.1,VJB
5569,Seritan_01038.jpg,Batik_Lasem/motifs (isen-isen)/Seritan/all_motifs (1328)/Seritan_01038.jpg,Seritan,Seritan,all_motifs (1328),Lawang Ombo Kilin Latar Bledak.jpg,Pesona Canting,2022,raw (crop),28 x 28,sRGB IEC61966-2.1,VJB
5570,Seritan_01039.jpg,Batik_Lasem/motifs (isen-isen)/Seritan/all_motifs (1328)/Seritan_01039.jpg,Seritan,Seritan,all_motifs (1328),Lawang Ombo Kilin Latar Bledak.jpg,Pesona Canting,2022,raw (crop),28 x 28,sRGB IEC61966-2.1,VJB
5571,Seritan_01040.jpg,Batik_Lasem/motifs (isen-isen)/Seritan/all_motifs (1328)/Seritan_01040.jpg,Seritan,Seritan,all_motifs (1328),Lawang Ombo Kilin Latar Bledak.jpg,Pesona Canting,2022,raw (crop),28 x 28,sRGB IEC61966-2.1,VJB
5574,Seritan_01043.jpg,Batik_Lasem/motifs (isen-isen)/Seritan/all_motifs (1328)/Seritan_01043.jpg,Seritan,Seritan,all_motifs (1328),Batik Artisan with Seritan Background.jpg,Pesona Canting,2022,raw (crop),28 x 28,sRGB IEC61966-2.1,VJB
5576,Seritan_01045.jpg,Batik_Lasem/motifs (isen-isen)/Seritan/all_motifs (1328)/Seritan_01045.jpg,Seritan,Seritan,all_motifs (1328),Batik Artisan with Seritan Background.jpg,Pesona Canting,2022,raw (crop),28 x 28,sRGB IEC61966-2.1,VJB
5580,Seritan_01049.jpg,Batik_Lasem/motifs (isen-isen)/Seritan/all_motifs (1328)/Seritan_01049.jpg,Seritan,Seritan,all_motifs (1328),Batik Artisan with Seritan Background.jpg,Pesona Canting,2022,raw (crop),28 x 28,sRGB IEC61966-2.1,VJB
5581,Seritan_01050.jpg,Batik_Lasem/motifs (isen-isen)/Seritan/all_motifs (1328)/Seritan_01050.jpg,Seritan,Seritan,all_motifs (1328),Batik Artisan with Seritan Background.jpg,Pesona Canting,2022,raw (crop),28 x 28,sRGB IEC61966-2.1,VJB
5584,Seritan_01053.jpg,Batik_Lasem/motifs (isen-isen)/Seritan/all_motifs (1328)/Seritan_01053.jpg,Seritan,Seritan,all_motifs (1328),Batik Artisan with Seritan Background.jpg,Pesona Canting,2022,raw (crop),28 x 28,sRGB IEC61966-2.1,VJB
5586,Seritan_01055.jpg,Batik_Lasem/motifs (isen-isen)/Seritan/all_motifs (1328)/Seritan_01055.jpg,Seritan,Seritan,all_motifs (1328),Batik Artisan with Seritan Background.jpg,Pesona Canting,2022,raw (crop),28 x 28,sRGB IEC61966-2.1,VJB
5587,Seritan_01056.jpg,Batik_Lasem/motifs (isen-isen)/Seritan/all_motifs (1328)/Seritan_01056.jpg,Seritan,Seritan,all_motifs (1328),Batik Artisan with Seritan Background.jpg,Pesona Canting,2022,raw (crop),28 x 28,sRGB IEC61966-2.1,VJB
5589,Seritan_01058.jpg,Batik_Lasem/motifs (isen-isen)/Seritan/all_motifs (1328)/Seritan_01058.jpg,Seritan,Seritan,all_motifs (1328),Batik Artisan with Seritan Background.jpg,Pesona Canting,2022,raw (crop),28 x 28,sRGB IEC61966-2.1,VJB
5590,Seritan_01059.jpg,Batik_Lasem/motifs (isen-isen)/Seritan/all_motifs (1328)/Seritan_01059.jpg,Seritan,Seritan,all_motifs (1328),Batik Artisan with Seritan Background.jpg,Pesona Canting,2022,raw (crop),28 x 28,sRGB IEC61966-2.1,VJB
5592,Seritan_01061.jpg,Batik_Lasem/motifs (isen-isen)/Seritan/all_motifs (1328)/Seritan_01061.jpg,Seritan,Seritan,all_motifs (1328),Lawang Ombo Kilin Latar Bledak.jpg,Pesona Canting,2022,raw (crop),28 x 28,sRGB IEC61966-2.1,VJB
5593,Seritan_01062.jpg,Batik_Lasem/motifs (isen-isen)/Seritan/all_motifs (1328)/Seritan_01062.jpg,Seritan,Seritan,all_motifs (1328),Batik Artisan with Seritan Background.jpg,Pesona Canting,2022,raw (crop),28 x 28,sRGB IEC61966-2.1,VJB
5594,Seritan_01063.jpg,Batik_Lasem/motifs (isen-isen)/Seritan/all_motifs (1328)/Seritan_01063.jpg,Seritan,Seritan,all_motifs (1328),Batik Artisan with Seritan Background.jpg,Pesona Canting,2022,raw (crop),28 x 28,sRGB IEC61966-2.1,VJB
5603,Seritan_01072.jpg,Batik_Lasem/motifs (isen-isen)/Seritan/all_motifs (1328)/Seritan_01072.jpg,Seritan,Seritan,all_motifs (1328),Lawang Ombo Kilin Latar Bledak.jpg,Pesona Canting,2022,raw (crop),142 x 142,sRGB IEC61966-2.1,VJB
5604,Seritan_01073.jpg,Batik_Lasem/motifs (isen-isen)/Seritan/all_motifs (1328)/Seritan_01073.jpg,Seritan,Seritan,all_motifs (1328),Batik Artisan with Seritan Background.jpg,Pesona Canting,2022,raw (crop),28 x 28,sRGB IEC61966-2.1,VJB
5605,Seritan_01074.jpg,Batik_Lasem/motifs (isen-isen)/Seritan/all_motifs (1328)/Seritan_01074.jpg,Seritan,Seritan,all_motifs (1328),Batik Artisan with Seritan Background.jpg,Pesona Canting,2022,raw (crop),28 x 28,sRGB IEC61966-2.1,VJB
5606,Seritan_01075.jpg,Batik_Lasem/motifs (isen-isen)/Seritan/all_motifs (1328)/Seritan_01075.jpg,Seritan,Seritan,all_motifs (1328),Batik Artisan with Seritan Background.jpg,Pesona Canting,2022,raw (crop),28 x 28,sRGB IEC61966-2.1,VJB
5607,Seritan_01076.jpg,Batik_Lasem/motifs (isen-isen)/Seritan/all_motifs (1328)/Seritan_01076.jpg,Seritan,Seritan,all_motifs (1328),Batik Artisan with Seritan Background.jpg,Pesona Canting,2022,raw (crop),28 x 28,sRGB IEC61966-2.1,VJB
5609,Seritan_01078.jpg,Batik_Lasem/motifs (isen-isen)/Seritan/all_motifs (1328)/Seritan_01078.jpg,Seritan,Seritan,all_motifs (1328),Batik Artisan with Seritan Background.jpg,Pesona Canting,2022,raw (crop),28 x 28,sRGB IEC61966-2.1,VJB
5610,Seritan_01079.jpg,Batik_Lasem/motifs (isen-isen)/Seritan/all_motifs (1328)/Seritan_01079.jpg,Seritan,Seritan,all_motifs (1328),Batik Artisan with Seritan Background.jpg,Pesona Canting,2022,raw (crop),28 x 28,sRGB IEC61966-2.1,VJB
5613,Seritan_01082.jpg,Batik_Lasem/motifs (isen-isen)/Seritan/all_motifs (1328)/Seritan_01082.jpg,Seritan,Seritan,all_motifs (1328),Batik Artisan with Seritan Background.jpg,Pesona Canting,2022,raw (crop),28 x 28,sRGB IEC61966-2.1,VJB
5615,Seritan_01084.jpg,Batik_Lasem/motifs (isen-isen)/Seritan/all_motifs (1328)/Seritan_01084.jpg,Seritan,Seritan,all_motifs (1328),Batik Artisan with Seritan Background.jpg,Pesona Canting,2022,raw (crop),28 x 28,sRGB IEC61966-2.1,VJB
5618,Seritan_01087.jpg,Batik_Lasem/motifs (isen-isen)/Seritan/all_motifs (1328)/Seritan_01087.jpg,Seritan,Seritan,all_motifs (1328),Batik Artisan with Seritan Background.jpg,Pesona Canting,2022,raw (crop),28 x 28,sRGB IEC61966-2.1,VJB
5619,Seritan_01088.jpg,Batik_Lasem/motifs (isen-isen)/Seritan/all_motifs (1328)/Seritan_01088.jpg,Seritan,Seritan,all_motifs (1328),Batik Artisan with Seritan Background.jpg,Pesona Canting,2022,raw (crop),28 x 28,sRGB IEC61966-2.1,VJB
5621,Seritan_01090.jpg,Batik_Lasem/motifs (isen-isen)/Seritan/all_motifs (1328)/Seritan_01090.jpg,Seritan,Seritan,all_motifs (1328),Batik Artisan with Seritan Background.jpg,Pesona Canting,2022,raw (crop),28 x 28,sRGB IEC61966-2.1,VJB
5622,Seritan_01091.jpg,Batik_Lasem/motifs (isen-isen)/Seritan/all_motifs (1328)/Seritan_01091.jpg,Seritan,Seritan,all_motifs (1328),Batik Artisan with Seritan Background.jpg,Pesona Canting,2022,raw (crop),28 x 28,sRGB IEC61966-2.1,VJB
5623,Seritan_01092.jpg,Batik_Lasem/motifs (isen-isen)/Seritan/all_motifs (1328)/Seritan_01092.jpg,Seritan,Seritan,all_motifs (1328),Batik Artisan with Seritan Background.jpg,Pesona Canting,2022,raw (crop),28 x 28,sRGB IEC61966-2.1,VJB
5624,Seritan_01093.jpg,Batik_Lasem/motifs (isen-isen)/Seritan/all_motifs (1328)/Seritan_01093.jpg,Seritan,Seritan,all_motifs (1328),Batik Artisan with Seritan Background.jpg,Pesona Canting,2022,raw (crop),28 x 28,sRGB IEC61966-2.1,VJB
5625,Seritan_01094.jpg,Batik_Lasem/motifs (isen-isen)/Seritan/all_motifs (1328)/Seritan_01094.jpg,Seritan,Seritan,all_motifs (1328),Lawang Ombo Kilin Latar Bledak.jpg,Pesona Canting,2022,raw (crop),28 x 28,sRGB IEC61966-2.1,VJB
5627,Seritan_01096.jpg,Batik_Lasem/motifs (isen-isen)/Seritan/all_motifs (1328)/Seritan_01096.jpg,Seritan,Seritan,all_motifs (1328),Batik Artisan with Seritan Background.jpg,Pesona Canting,2022,raw (crop),28 x 28,sRGB IEC61966-2.1,VJB
5628,Seritan_01097.jpg,Batik_Lasem/motifs (isen-isen)/Seritan/all_motifs (1328)/Seritan_01097.jpg,Seritan,Seritan,all_motifs (1328),Batik Artisan with Seritan Background.jpg,Pesona Canting,2022,raw (crop),28 x 28,sRGB IEC61966-2.1,VJB
5629,Seritan_01098.jpg,Batik_Lasem/motifs (isen-isen)/Seritan/all_motifs (1328)/Seritan_01098.jpg,Seritan,Seritan,all_motifs (1328),Batik Artisan with Seritan Background.jpg,Pesona Canting,2022,raw (crop),28 x 28,sRGB IEC61966-2.1,VJB
5630,Seritan_01099.jpg,Batik_Lasem/motifs (isen-isen)/Seritan/all_motifs (1328)/Seritan_01099.jpg,Seritan,Seritan,all_motifs (1328),Batik Artisan with Seritan Background.jpg,Pesona Canting,2022,raw (crop),28 x 28,sRGB IEC61966-2.1,VJB
5631,Seritan_01100.jpg,Batik_Lasem/motifs (isen-isen)/Seritan/all_motifs (1328)/Seritan_01100.jpg,Seritan,Seritan,all_motifs (1328),Batik Artisan with Seritan Background.jpg,Pesona Canting,2022,raw (crop),28 x 28,sRGB IEC61966-2.1,VJB
5633,Seritan_01102.jpg,Batik_Lasem/motifs (isen-isen)/Seritan/all_motifs (1328)/Seritan_01102.jpg,Seritan,Seritan,all_motifs (1328),Batik Artisan with Seritan Background.jpg,Pesona Canting,2022,raw (crop),28 x 28,sRGB IEC61966-2.1,VJB
5637,Seritan_01106.jpg,Batik_Lasem/motifs (isen-isen)/Seritan/all_motifs (1328)/Seritan_01106.jpg,Seritan,Seritan,all_motifs (1328),Batik Artisan with Seritan Background.jpg,Pesona Canting,2022,raw (crop),28 x 28,sRGB IEC61966-2.1,VJB
5638,Seritan_01107.jpg,Batik_Lasem/motifs (isen-isen)/Seritan/all_motifs (1328)/Seritan_01107.jpg,Seritan,Seritan,all_motifs (1328),Batik Artisan with Seritan Background.jpg,Pesona Canting,2022,raw (crop),28 x 28,sRGB IEC61966-2.1,VJB
5639,Seritan_01108.jpg,Batik_Lasem/motifs (isen-isen)/Seritan/all_motifs (1328)/Seritan_01108.jpg,Seritan,Seritan,all_motifs (1328),Batik Artisan with Seritan Background.jpg,Pesona Canting,2022,raw (crop),28 x 28,sRGB IEC61966-2.1,VJB
5642,Seritan_01111.jpg,Batik_Lasem/motifs (isen-isen)/Seritan/all_motifs (1328)/Seritan_01111.jpg,Seritan,Seritan,all_motifs (1328),Batik Artisan with Seritan Background.jpg,Pesona Canting,2022,raw (crop),28 x 28,sRGB IEC61966-2.1,VJB
5643,Seritan_01112.jpg,Batik_Lasem/motifs (isen-isen)/Seritan/all_motifs (1328)/Seritan_01112.jpg,Seritan,Seritan,all_motifs (1328),Batik Artisan with Seritan Background.jpg,Pesona Canting,2022,raw (crop),28 x 28,sRGB IEC61966-2.1,VJB
5644,Seritan_01113.jpg,Batik_Lasem/motifs (isen-isen)/Seritan/all_motifs (1328)/Seritan_01113.jpg,Seritan,Seritan,all_motifs (1328),Batik Artisan with Seritan Background.jpg,Pesona Canting,2022,raw (crop),28 x 28,sRGB IEC61966-2.1,VJB
5648,Seritan_01117.jpg,Batik_Lasem/motifs (isen-isen)/Seritan/all_motifs (1328)/Seritan_01117.jpg,Seritan,Seritan,all_motifs (1328),Batik Artisan with Seritan Background.jpg,Pesona Canting,2022,raw (crop),28 x 28,sRGB IEC61966-2.1,VJB
5649,Seritan_01118.jpg,Batik_Lasem/motifs (isen-isen)/Seritan/all_motifs (1328)/Seritan_01118.jpg,Seritan,Seritan,all_motifs (1328),Batik Artisan with Seritan Background.jpg,Pesona Canting,2022,raw (crop),28 x 28,sRGB IEC61966-2.1,VJB
5653,Seritan_01122.jpg,Batik_Lasem/motifs (isen-isen)/Seritan/all_motifs (1328)/Seritan_01122.jpg,Seritan,Seritan,all_motifs (1328),Batik Artisan with Seritan Background.jpg,Pesona Canting,2022,raw (crop),28 x 28,sRGB IEC61966-2.1,VJB
5656,Seritan_01125.jpg,Batik_Lasem/motifs (isen-isen)/Seritan/all_motifs (1328)/Seritan_01125.jpg,Seritan,Seritan,all_motifs (1328),Batik Artisan with Seritan Background.jpg,Pesona Canting,2022,raw (crop),28 x 28,sRGB IEC61966-2.1,VJB
5659,Seritan_01128.jpg,Batik_Lasem/motifs (isen-isen)/Seritan/all_motifs (1328)/Seritan_01128.jpg,Seritan,Seritan,all_motifs (1328),Batik Artisan with Seritan Background.jpg,Pesona Canting,2022,raw (crop),28 x 28,sRGB IEC61966-2.1,VJB
5660,Seritan_01129.jpg,Batik_Lasem/motifs (isen-isen)/Seritan/all_motifs (1328)/Seritan_01129.jpg,Seritan,Seritan,all_motifs (1328),Batik Artisan with Seritan Background.jpg,Pesona Canting,2022,raw (crop),28 x 28,sRGB IEC61966-2.1,VJB
5662,Seritan_01131.jpg,Batik_Lasem/motifs (isen-isen)/Seritan/all_motifs (1328)/Seritan_01131.jpg,Seritan,Seritan,all_motifs (1328),Batik Artisan with Seritan Background.jpg,Pesona Canting,2022,raw (crop),28 x 28,sRGB IEC61966-2.1,VJB
5665,Seritan_01134.jpg,Batik_Lasem/motifs (isen-isen)/Seritan/all_motifs (1328)/Seritan_01134.jpg,Seritan,Seritan,all_motifs (1328),Batik Artisan with Seritan Background.jpg,Pesona Canting,2022,raw (crop),28 x 28,sRGB IEC61966-2.1,VJB
5669,Seritan_01138.jpg,Batik_Lasem/motifs (isen-isen)/Seritan/all_motifs (1328)/Seritan_01138.jpg,Seritan,Seritan,all_motifs (1328),Lawang Ombo Kilin Latar Bledak.jpg,Pesona Canting,2022,raw (crop),28 x 28,sRGB IEC61966-2.1,VJB
5671,Seritan_01140.jpg,Batik_Lasem/motifs (isen-isen)/Seritan/all_motifs (1328)/Seritan_01140.jpg,Seritan,Seritan,all_motifs (1328),Batik Artisan with Seritan Background.jpg,Pesona Canting,2022,raw (crop),28 x 28,sRGB IEC61966-2.1,VJB
5672,Seritan_01141.jpg,Batik_Lasem/motifs (isen-isen)/Seritan/all_motifs (1328)/Seritan_01141.jpg,Seritan,Seritan,all_motifs (1328),King of the Jungle and Trees.jpg,Pesona Canting,2022,raw (crop),28 x 28,sRGB IEC61966-2.1,VJB
5676,Seritan_01145.jpg,Batik_Lasem/motifs (isen-isen)/Seritan/all_motifs (1328)/Seritan_01145.jpg,Seritan,Seritan,all_motifs (1328),Batik Artisan with Seritan Background.jpg,Pesona Canting,2022,raw (crop),28 x 28,sRGB IEC61966-2.1,VJB
5677,Seritan_01146.jpg,Batik_Lasem/motifs (isen-isen)/Seritan/all_motifs (1328)/Seritan_01146.jpg,Seritan,Seritan,all_motifs (1328),Batik Artisan with Seritan Background.jpg,Pesona Canting,2022,raw (crop),28 x 28,sRGB IEC61966-2.1,VJB
5679,Seritan_01148.jpg,Batik_Lasem/motifs (isen-isen)/Seritan/all_motifs (1328)/Seritan_01148.jpg,Seritan,Seritan,all_motifs (1328),Lawang Ombo Kilin Latar Bledak.jpg,Pesona Canting,2022,raw (crop),28 x 28,sRGB IEC61966-2.1,VJB
5683,Seritan_01152.jpg,Batik_Lasem/motifs (isen-isen)/Seritan/all_motifs (1328)/Seritan_01152.jpg,Seritan,Seritan,all_motifs (1328),Lawang Ombo Kilin Latar Bledak.jpg,Pesona Canting,2022,raw (crop),28 x 28,sRGB IEC61966-2.1,VJB
5684,Seritan_01153.jpg,Batik_Lasem/motifs (isen-isen)/Seritan/all_motifs (1328)/Seritan_01153.jpg,Seritan,Seritan,all_motifs (1328),Lawang Ombo Kilin Latar Bledak.jpg,Pesona Canting,2022,raw (crop),28 x 28,sRGB IEC61966-2.1,VJB
5685,Seritan_01154.jpg,Batik_Lasem/motifs (isen-isen)/Seritan/all_motifs (1328)/Seritan_01154.jpg,Seritan,Seritan,all_motifs (1328),Lawang Ombo Kilin Latar Bledak.jpg,Pesona Canting,2022,raw (crop),28 x 28,sRGB IEC61966-2.1,VJB
5687,Seritan_01156.jpg,Batik_Lasem/motifs (isen-isen)/Seritan/all_motifs (1328)/Seritan_01156.jpg,Seritan,Seritan,all_motifs (1328),Lawang Ombo Kilin Latar Bledak.jpg,Pesona Canting,2022,raw (crop),142 x 142,sRGB IEC61966-2.1,VJB
5688,Seritan_01157.jpg,Batik_Lasem/motifs (isen-isen)/Seritan/all_motifs (1328)/Seritan_01157.jpg,Seritan,Seritan,all_motifs (1328),Lawang Ombo Kilin Latar Bledak.jpg,Pesona Canting,2022,raw (crop),28 x 28,sRGB IEC61966-2.1,VJB
5689,Seritan_01158.jpg,Batik_Lasem/motifs (isen-isen)/Seritan/all_motifs (1328)/Seritan_01158.jpg,Seritan,Seritan,all_motifs (1328),Lawang Ombo Kilin Latar Bledak.jpg,Pesona Canting,2022,raw (crop),28 x 28,sRGB IEC61966-2.1,VJB
5692,Seritan_01161.jpg,Batik_Lasem/motifs (isen-isen)/Seritan/all_motifs (1328)/Seritan_01161.jpg,Seritan,Seritan,all_motifs (1328),Lawang Ombo Kilin Latar Bledak.jpg,Pesona Canting,2022,raw (crop),28 x 28,sRGB IEC61966-2.1,VJB
5693,Seritan_01162.jpg,Batik_Lasem/motifs (isen-isen)/Seritan/all_motifs (1328)/Seritan_01162.jpg,Seritan,Seritan,all_motifs (1328),Lawang Ombo Kilin Latar Bledak.jpg,Pesona Canting,2022,raw (crop),28 x 28,sRGB IEC61966-2.1,VJB
5695,Seritan_01164.jpg,Batik_Lasem/motifs (isen-isen)/Seritan/all_motifs (1328)/Seritan_01164.jpg,Seritan,Seritan,all_motifs (1328),Lawang Ombo Kilin Latar Bledak.jpg,Pesona Canting,2022,raw (crop),28 x 28,sRGB IEC61966-2.1,VJB
5696,Seritan_01165.jpg,Batik_Lasem/motifs (isen-isen)/Seritan/all_motifs (1328)/Seritan_01165.jpg,Seritan,Seritan,all_motifs (1328),Lawang Ombo Kilin Latar Bledak.jpg,Pesona Canting,2022,raw (crop),28 x 28,sRGB IEC61966-2.1,VJB
5697,Seritan_01166.jpg,Batik_Lasem/motifs (isen-isen)/Seritan/all_motifs (1328)/Seritan_01166.jpg,Seritan,Seritan,all_motifs (1328),Lawang Ombo Kilin Latar Bledak.jpg,Pesona Canting,2022,raw (crop),28 x 28,sRGB IEC61966-2.1,VJB
5699,Seritan_01168.jpg,Batik_Lasem/motifs (isen-isen)/Seritan/all_motifs (1328)/Seritan_01168.jpg,Seritan,Seritan,all_motifs (1328),Lawang Ombo Kilin Latar Bledak.jpg,Pesona Canting,2022,raw (crop),28 x 28,sRGB IEC61966-2.1,VJB
5700,Seritan_01169.jpg,Batik_Lasem/motifs (isen-isen)/Seritan/all_motifs (1328)/Seritan_01169.jpg,Seritan,Seritan,all_motifs (1328),Lawang Ombo Kilin Latar Bledak.jpg,Pesona Canting,2022,raw (crop),28 x 28,sRGB IEC61966-2.1,VJB
5701,Seritan_01170.jpg,Batik_Lasem/motifs (isen-isen)/Seritan/all_motifs (1328)/Seritan_01170.jpg,Seritan,Seritan,all_motifs (1328),Lawang Ombo Kilin Latar Bledak.jpg,Pesona Canting,2022,raw (crop),28 x 28,sRGB IEC61966-2.1,VJB
5703,Seritan_01172.jpg,Batik_Lasem/motifs (isen-isen)/Seritan/all_motifs (1328)/Seritan_01172.jpg,Seritan,Seritan,all_motifs (1328),Lawang Ombo Kilin Latar Bledak.jpg,Pesona Canting,2022,raw (crop),28 x 28,sRGB IEC61966-2.1,VJB
5704,Seritan_01173.jpg,Batik_Lasem/motifs (isen-isen)/Seritan/all_motifs (1328)/Seritan_01173.jpg,Seritan,Seritan,all_motifs (1328),Lawang Ombo Kilin Latar Bledak.jpg,Pesona Canting,2022,raw (crop),28 x 28,sRGB IEC61966-2.1,VJB
5707,Seritan_01176.jpg,Batik_Lasem/motifs (isen-isen)/Seritan/all_motifs (1328)/Seritan_01176.jpg,Seritan,Seritan,all_motifs (1328),Windmill with Tambal.jpg,Pesona Canting,2022,raw (crop),28 x 28,sRGB IEC61966-2.1,VJB
5708,Seritan_01177.jpg,Batik_Lasem/motifs (isen-isen)/Seritan/all_motifs (1328)/Seritan_01177.jpg,Seritan,Seritan,all_motifs (1328),Lawang Ombo Kilin Latar Bledak.jpg,Pesona Canting,2022,raw (crop),28 x 28,sRGB IEC61966-2.1,VJB
5709,Seritan_01178.jpg,Batik_Lasem/motifs (isen-isen)/Seritan/all_motifs (1328)/Seritan_01178.jpg,Seritan,Seritan,all_motifs (1328),Windmill with Tambal.jpg,Pesona Canting,2022,raw (crop),28 x 28,sRGB IEC61966-2.1,VJB
5710,Seritan_01179.jpg,Batik_Lasem/motifs (isen-isen)/Seritan/all_motifs (1328)/Seritan_01179.jpg,Seritan,Seritan,all_motifs (1328),Windmill with Tambal.jpg,Pesona Canting,2022,raw (crop),28 x 28,sRGB IEC61966-2.1,VJB
5712,Seritan_01181.jpg,Batik_Lasem/motifs (isen-isen)/Seritan/all_motifs (1328)/Seritan_01181.jpg,Seritan,Seritan,all_motifs (1328),Windmill with Tambal.jpg,Pesona Canting,2022,raw (crop),28 x 28,sRGB IEC61966-2.1,VJB
5714,Seritan_01183.jpg,Batik_Lasem/motifs (isen-isen)/Seritan/all_motifs (1328)/Seritan_01183.jpg,Seritan,Seritan,all_motifs (1328),Windmill with Tambal.jpg,Pesona Canting,2022,raw (crop),28 x 28,sRGB IEC61966-2.1,VJB
5715,Seritan_01184.jpg,Batik_Lasem/motifs (isen-isen)/Seritan/all_motifs (1328)/Seritan_01184.jpg,Seritan,Seritan,all_motifs (1328),Windmill with Tambal.jpg,Pesona Canting,2022,raw (crop),28 x 28,sRGB IEC61966-2.1,VJB
5718,Seritan_01187.jpg,Batik_Lasem/motifs (isen-isen)/Seritan/all_motifs (1328)/Seritan_01187.jpg,Seritan,Seritan,all_motifs (1328),Windmill with Tambal.jpg,Pesona Canting,2022,raw (crop),28 x 28,sRGB IEC61966-2.1,VJB
5719,Seritan_01188.jpg,Batik_Lasem/motifs (isen-isen)/Seritan/all_motifs (1328)/Seritan_01188.jpg,Seritan,Seritan,all_motifs (1328),Lawang Ombo Kilin Latar Bledak.jpg,Pesona Canting,2022,raw (crop),28 x 28,sRGB IEC61966-2.1,VJB
5725,Seritan_01194.jpg,Batik_Lasem/motifs (isen-isen)/Seritan/all_motifs (1328)/Seritan_01194.jpg,Seritan,Seritan,all_motifs (1328),Windmill with Tambal.jpg,Pesona Canting,2022,raw (crop),28 x 28,sRGB IEC61966-2.1,VJB
5726,Seritan_01195.jpg,Batik_Lasem/motifs (isen-isen)/Seritan/all_motifs (1328)/Seritan_01195.jpg,Seritan,Seritan,all_motifs (1328),Windmill with Tambal.jpg,Pesona Canting,2022,raw (crop),28 x 28,sRGB IEC61966-2.1,VJB
5727,Seritan_01196.jpg,Batik_Lasem/motifs (isen-isen)/Seritan/all_motifs (1328)/Seritan_01196.jpg,Seritan,Seritan,all_motifs (1328),Windmill with Tambal.jpg,Pesona Canting,2022,raw (crop),28 x 28,sRGB IEC61966-2.1,VJB
5732,Seritan_01201.jpg,Batik_Lasem/motifs (isen-isen)/Seritan/all_motifs (1328)/Seritan_01201.jpg,Seritan,Seritan,all_motifs (1328),Lawang Ombo Kilin Latar Bledak.jpg,Pesona Canting,2022,raw (crop),28 x 28,sRGB IEC61966-2.1,VJB
5733,Seritan_01202.jpg,Batik_Lasem/motifs (isen-isen)/Seritan/all_motifs (1328)/Seritan_01202.jpg,Seritan,Seritan,all_motifs (1328),Lawang Ombo Kilin Latar Bledak.jpg,Pesona Canting,2022,raw (crop),28 x 28,sRGB IEC61966-2.1,VJB
5736,Seritan_01205.jpg,Batik_Lasem/motifs (isen-isen)/Seritan/all_motifs (1328)/Seritan_01205.jpg,Seritan,Seritan,all_motifs (1328),Lawang Ombo Kilin Latar Bledak.jpg,Pesona Canting,2022,raw (crop),28 x 28,sRGB IEC61966-2.1,VJB
5740,Seritan_01209.jpg,Batik_Lasem/motifs (isen-isen)/Seritan/all_motifs (1328)/Seritan_01209.jpg,Seritan,Seritan,all_motifs (1328),Lawang Ombo Kilin Latar Bledak.jpg,Pesona Canting,2022,raw (crop),28 x 28,sRGB IEC61966-2.1,VJB
5741,Seritan_01210.jpg,Batik_Lasem/motifs (isen-isen)/Seritan/all_motifs (1328)/Seritan_01210.jpg,Seritan,Seritan,all_motifs (1328),Lawang Ombo Kilin Latar Bledak.jpg,Pesona Canting,2022,raw (crop),28 x 28,sRGB IEC61966-2.1,VJB
5742,Seritan_01211.jpg,Batik_Lasem/motifs (isen-isen)/Seritan/all_motifs (1328)/Seritan_01211.jpg,Seritan,Seritan,all_motifs (1328),Lawang Ombo Kilin Latar Bledak.jpg,Pesona Canting,2022,raw (crop),28 x 28,sRGB IEC61966-2.1,VJB
5743,Seritan_01212.jpg,Batik_Lasem/motifs (isen-isen)/Seritan/all_motifs (1328)/Seritan_01212.jpg,Seritan,Seritan,all_motifs (1328),Windmill with Tambal.jpg,Pesona Canting,2022,raw (crop),28 x 28,sRGB IEC61966-2.1,VJB
5744,Seritan_01213.jpg,Batik_Lasem/motifs (isen-isen)/Seritan/all_motifs (1328)/Seritan_01213.jpg,Seritan,Seritan,all_motifs (1328),Windmill with Tambal.jpg,Pesona Canting,2022,raw (crop),28 x 28,sRGB IEC61966-2.1,VJB
5748,Seritan_01217.jpg,Batik_Lasem/motifs (isen-isen)/Seritan/all_motifs (1328)/Seritan_01217.jpg,Seritan,Seritan,all_motifs (1328),Windmill with Tambal.jpg,Pesona Canting,2022,raw (crop),28 x 28,sRGB IEC61966-2.1,VJB
5749,Seritan_01218.jpg,Batik_Lasem/motifs (isen-isen)/Seritan/all_motifs (1328)/Seritan_01218.jpg,Seritan,Seritan,all_motifs (1328),Windmill with Tambal.jpg,Pesona Canting,2022,raw (crop),28 x 28,sRGB IEC61966-2.1,VJB
5752,Seritan_01221.jpg,Batik_Lasem/motifs (isen-isen)/Seritan/all_motifs (1328)/Seritan_01221.jpg,Seritan,Seritan,all_motifs (1328),Windmill with Tambal.jpg,Pesona Canting,2022,raw (crop),28 x 28,sRGB IEC61966-2.1,VJB
5755,Seritan_01224.jpg,Batik_Lasem/motifs (isen-isen)/Seritan/all_motifs (1328)/Seritan_01224.jpg,Seritan,Seritan,all_motifs (1328),Windmill with Tambal.jpg,Pesona Canting,2022,raw (crop),28 x 28,sRGB IEC61966-2.1,VJB
5759,Seritan_01228.jpg,Batik_Lasem/motifs (isen-isen)/Seritan/all_motifs (1328)/Seritan_01228.jpg,Seritan,Seritan,all_motifs (1328),Windmill with Tambal.jpg,Pesona Canting,2022,raw (crop),28 x 28,sRGB IEC61966-2.1,VJB
5760,Seritan_01229.jpg,Batik_Lasem/motifs (isen-isen)/Seritan/all_motifs (1328)/Seritan_01229.jpg,Seritan,Seritan,all_motifs (1328),Windmill with Tambal.jpg,Pesona Canting,2022,raw (crop),28 x 28,sRGB IEC61966-2.1,VJB
5761,Seritan_01230.jpg,Batik_Lasem/motifs (isen-isen)/Seritan/all_motifs (1328)/Seritan_01230.jpg,Seritan,Seritan,all_motifs (1328),Windmill with Tambal.jpg,Pesona Canting,2022,raw (crop),28 x 28,sRGB IEC61966-2.1,VJB
5763,Seritan_01232.jpg,Batik_Lasem/motifs (isen-isen)/Seritan/all_motifs (1328)/Seritan_01232.jpg,Seritan,Seritan,all_motifs (1328),Windmill with Tambal.jpg,Pesona Canting,2022,raw (crop),28 x 28,sRGB IEC61966-2.1,VJB
5766,Seritan_01235.jpg,Batik_Lasem/motifs (isen-isen)/Seritan/all_motifs (1328)/Seritan_01235.jpg,Seritan,Seritan,all_motifs (1328),King of the Jungle and Trees.jpg,Pesona Canting,2022,raw (crop),28 x 28,sRGB IEC61966-2.1,VJB
5769,Seritan_01238.jpg,Batik_Lasem/motifs (isen-isen)/Seritan/all_motifs (1328)/Seritan_01238.jpg,Seritan,Seritan,all_motifs (1328),King of the Jungle and Trees.jpg,Pesona Canting,2022,raw (crop),28 x 28,sRGB IEC61966-2.1,VJB
5770,Seritan_01239.jpg,Batik_Lasem/motifs (isen-isen)/Seritan/all_motifs (1328)/Seritan_01239.jpg,Seritan,Seritan,all_motifs (1328),King of the Jungle and Trees.jpg,Pesona Canting,2022,raw (crop),28 x 28,sRGB IEC61966-2.1,VJB
5771,Seritan_01240.jpg,Batik_Lasem/motifs (isen-isen)/Seritan/all_motifs (1328)/Seritan_01240.jpg,Seritan,Seritan,all_motifs (1328),King of the Jungle and Trees.jpg,Pesona Canting,2022,raw (crop),28 x 28,sRGB IEC61966-2.1,VJB
5773,Seritan_01242.jpg,Batik_Lasem/motifs (isen-isen)/Seritan/all_motifs (1328)/Seritan_01242.jpg,Seritan,Seritan,all_motifs (1328),Lawang Ombo Kilin Latar Bledak.jpg,Pesona Canting,2022,raw (crop),28 x 28,sRGB IEC61966-2.1,VJB
5774,Seritan_01243.jpg,Batik_Lasem/motifs (isen-isen)/Seritan/all_motifs (1328)/Seritan_01243.jpg,Seritan,Seritan,all_motifs (1328),Lawang Ombo Kilin Latar Bledak.jpg,Pesona Canting,2022,raw (crop),28 x 28,sRGB IEC61966-2.1,VJB
5776,Seritan_01245.jpg,Batik_Lasem/motifs (isen-isen)/Seritan/all_motifs (1328)/Seritan_01245.jpg,Seritan,Seritan,all_motifs (1328),Lawang Ombo Kilin Latar Bledak.jpg,Pesona Canting,2022,raw (crop),28 x 28,sRGB IEC61966-2.1,VJB
5778,Seritan_01247.jpg,Batik_Lasem/motifs (isen-isen)/Seritan/all_motifs (1328)/Seritan_01247.jpg,Seritan,Seritan,all_motifs (1328),Lawang Ombo Kilin Latar Bledak.jpg,Pesona Canting,2022,raw (crop),28 x 28,sRGB IEC61966-2.1,VJB
5779,Seritan_01248.jpg,Batik_Lasem/motifs (isen-isen)/Seritan/all_motifs (1328)/Seritan_01248.jpg,Seritan,Seritan,all_motifs (1328),Lawang Ombo Kilin Latar Bledak.jpg,Pesona Canting,2022,raw (crop),28 x 28,sRGB IEC61966-2.1,VJB
5782,Seritan_01251.jpg,Batik_Lasem/motifs (isen-isen)/Seritan/all_motifs (1328)/Seritan_01251.jpg,Seritan,Seritan,all_motifs (1328),Lawang Ombo Kilin Latar Bledak.jpg,Pesona Canting,2022,raw (crop),28 x 28,sRGB IEC61966-2.1,VJB
5783,Seritan_01252.jpg,Batik_Lasem/motifs (isen-isen)/Seritan/all_motifs (1328)/Seritan_01252.jpg,Seritan,Seritan,all_motifs (1328),Lawang Ombo Kilin Latar Bledak.jpg,Pesona Canting,2022,raw (crop),28 x 28,sRGB IEC61966-2.1,VJB
5786,Seritan_01255.jpg,Batik_Lasem/motifs (isen-isen)/Seritan/all_motifs (1328)/Seritan_01255.jpg,Seritan,Seritan,all_motifs (1328),Lawang Ombo Kilin Latar Bledak.jpg,Pesona Canting,2022,raw (crop),28 x 28,sRGB IEC61966-2.1,VJB
5789,Seritan_01258.jpg,Batik_Lasem/motifs (isen-isen)/Seritan/all_motifs (1328)/Seritan_01258.jpg,Seritan,Seritan,all_motifs (1328),Lawang Ombo Kilin Latar Bledak.jpg,Pesona Canting,2022,raw (crop),28 x 28,sRGB IEC61966-2.1,VJB
5790,Seritan_01259.jpg,Batik_Lasem/motifs (isen-isen)/Seritan/all_motifs (1328)/Seritan_01259.jpg,Seritan,Seritan,all_motifs (1328),Lawang Ombo Kilin Latar Bledak.jpg,Pesona Canting,2022,raw (crop),28 x 28,sRGB IEC61966-2.1,VJB
5791,Seritan_01260.jpg,Batik_Lasem/motifs (isen-isen)/Seritan/all_motifs (1328)/Seritan_01260.jpg,Seritan,Seritan,all_motifs (1328),Lawang Ombo Kilin Latar Bledak.jpg,Pesona Canting,2022,raw (crop),28 x 28,sRGB IEC61966-2.1,VJB
5793,Seritan_01262.jpg,Batik_Lasem/motifs (isen-isen)/Seritan/all_motifs (1328)/Seritan_01262.jpg,Seritan,Seritan,all_motifs (1328),Lawang Ombo Kilin Latar Bledak.jpg,Pesona Canting,2022,raw (crop),28 x 28,sRGB IEC61966-2.1,VJB
5798,Seritan_01267.jpg,Batik_Lasem/motifs (isen-isen)/Seritan/all_motifs (1328)/Seritan_01267.jpg,Seritan,Seritan,all_motifs (1328),Lawang Ombo Kilin Latar Bledak.jpg,Pesona Canting,2022,raw (crop),28 x 28,sRGB IEC61966-2.1,VJB
5800,Seritan_01269.jpg,Batik_Lasem/motifs (isen-isen)/Seritan/all_motifs (1328)/Seritan_01269.jpg,Seritan,Seritan,all_motifs (1328),Lawang Ombo Kilin Latar Bledak.jpg,Pesona Canting,2022,raw (crop),28 x 28,sRGB IEC61966-2.1,VJB
5803,Seritan_01272.jpg,Batik_Lasem/motifs (isen-isen)/Seritan/all_motifs (1328)/Seritan_01272.jpg,Seritan,Seritan,all_motifs (1328),Lawang Ombo Kilin Latar Bledak.jpg,Pesona Canting,2022,raw (crop),28 x 28,sRGB IEC61966-2.1,VJB
5804,Seritan_01273.jpg,Batik_Lasem/motifs (isen-isen)/Seritan/all_motifs (1328)/Seritan_01273.jpg,Seritan,Seritan,all_motifs (1328),Lawang Ombo Kilin Latar Bledak.jpg,Pesona Canting,2022,raw (crop),28 x 28,sRGB IEC61966-2.1,VJB
5806,Seritan_01275.jpg,Batik_Lasem/motifs (isen-isen)/Seritan/all_motifs (1328)/Seritan_01275.jpg,Seritan,Seritan,all_motifs (1328),King of the Jungle and Trees.jpg,Pesona Canting,2022,raw (crop),28 x 28,sRGB IEC61966-2.1,VJB
5808,Seritan_01277.jpg,Batik_Lasem/motifs (isen-isen)/Seritan/all_motifs (1328)/Seritan_01277.jpg,Seritan,Seritan,all_motifs (1328),King of the Jungle and Trees.jpg,Pesona Canting,2022,raw (crop),28 x 28,sRGB IEC61966-2.1,VJB
5813,Seritan_01282.jpg,Batik_Lasem/motifs (isen-isen)/Seritan/all_motifs (1328)/Seritan_01282.jpg,Seritan,Seritan,all_motifs (1328),Lawang Ombo Kilin Latar Bledak.jpg,Pesona Canting,2022,raw (crop),28 x 28,sRGB IEC61966-2.1,VJB
5815,Seritan_01284.jpg,Batik_Lasem/motifs (isen-isen)/Seritan/all_motifs (1328)/Seritan_01284.jpg,Seritan,Seritan,all_motifs (1328),Windmill with Tambal.jpg,Pesona Canting,2022,raw (crop),28 x 28,sRGB IEC61966-2.1,VJB
5816,Seritan_01285.jpg,Batik_Lasem/motifs (isen-isen)/Seritan/all_motifs (1328)/Seritan_01285.jpg,Seritan,Seritan,all_motifs (1328),Windmill with Tambal.jpg,Pesona Canting,2022,raw (crop),28 x 28,sRGB IEC61966-2.1,VJB
5818,Seritan_01287.jpg,Batik_Lasem/motifs (isen-isen)/Seritan/all_motifs (1328)/Seritan_01287.jpg,Seritan,Seritan,all_motifs (1328),Windmill with Tambal.jpg,Pesona Canting,2022,raw (crop),28 x 28,sRGB IEC61966-2.1,VJB
5819,Seritan_01288.jpg,Batik_Lasem/motifs (isen-isen)/Seritan/all_motifs (1328)/Seritan_01288.jpg,Seritan,Seritan,all_motifs (1328),Windmill with Tambal.jpg,Pesona Canting,2022,raw (crop),28 x 28,sRGB IEC61966-2.1,VJB
5820,Seritan_01289.jpg,Batik_Lasem/motifs (isen-isen)/Seritan/all_motifs (1328)/Seritan_01289.jpg,Seritan,Seritan,all_motifs (1328),Windmill with Tambal.jpg,Pesona Canting,2022,raw (crop),28 x 28,sRGB IEC61966-2.1,VJB
5821,Seritan_01290.jpg,Batik_Lasem/motifs (isen-isen)/Seritan/all_motifs (1328)/Seritan_01290.jpg,Seritan,Seritan,all_motifs (1328),Windmill with Tambal.jpg,Pesona Canting,2022,raw (crop),28 x 28,sRGB IEC61966-2.1,VJB
5822,Seritan_01291.jpg,Batik_Lasem/motifs (isen-isen)/Seritan/all_motifs (1328)/Seritan_01291.jpg,Seritan,Seritan,all_motifs (1328),Windmill with Tambal.jpg,Pesona Canting,2022,raw (crop),28 x 28,sRGB IEC61966-2.1,VJB
5824,Seritan_01293.jpg,Batik_Lasem/motifs (isen-isen)/Seritan/all_motifs (1328)/Seritan_01293.jpg,Seritan,Seritan,all_motifs (1328),Windmill with Tambal.jpg,Pesona Canting,2022,raw (crop),28 x 28,sRGB IEC61966-2.1,VJB
5826,Seritan_01295.jpg,Batik_Lasem/motifs (isen-isen)/Seritan/all_motifs (1328)/Seritan_01295.jpg,Seritan,Seritan,all_motifs (1328),Windmill with Tambal.jpg,Pesona Canting,2022,raw (crop),28 x 28,sRGB IEC61966-2.1,VJB
5828,Seritan_01297.jpg,Batik_Lasem/motifs (isen-isen)/Seritan/all_motifs (1328)/Seritan_01297.jpg,Seritan,Seritan,all_motifs (1328),Windmill with Tambal.jpg,Pesona Canting,2022,raw (crop),28 x 28,sRGB IEC61966-2.1,VJB
5830,Seritan_01299.jpg,Batik_Lasem/motifs (isen-isen)/Seritan/all_motifs (1328)/Seritan_01299.jpg,Seritan,Seritan,all_motifs (1328),Windmill with Tambal.jpg,Pesona Canting,2022,raw (crop),28 x 28,sRGB IEC61966-2.1,VJB
5831,Seritan_01300.jpg,Batik_Lasem/motifs (isen-isen)/Seritan/all_motifs (1328)/Seritan_01300.jpg,Seritan,Seritan,all_motifs (1328),Windmill with Tambal.jpg,Pesona Canting,2022,raw (crop),28 x 28,sRGB IEC61966-2.1,VJB
5834,Seritan_01303.jpg,Batik_Lasem/motifs (isen-isen)/Seritan/all_motifs (1328)/Seritan_01303.jpg,Seritan,Seritan,all_motifs (1328),Windmill with Tambal.jpg,Pesona Canting,2022,raw (crop),28 x 28,sRGB IEC61966-2.1,VJB
5835,Seritan_01304.jpg,Batik_Lasem/motifs (isen-isen)/Seritan/all_motifs (1328)/Seritan_01304.jpg,Seritan,Seritan,all_motifs (1328),Lawang Ombo Kilin Latar Bledak.jpg,Pesona Canting,2022,raw (crop),28 x 28,sRGB IEC61966-2.1,VJB
5836,Seritan_01305.jpg,Batik_Lasem/motifs (isen-isen)/Seritan/all_motifs (1328)/Seritan_01305.jpg,Seritan,Seritan,all_motifs (1328),Lawang Ombo Kilin Latar Bledak.jpg,Pesona Canting,2022,raw (crop),28 x 28,sRGB IEC61966-2.1,VJB
5837,Seritan_01306.jpg,Batik_Lasem/motifs (isen-isen)/Seritan/all_motifs (1328)/Seritan_01306.jpg,Seritan,Seritan,all_motifs (1328),Lawang Ombo Kilin Latar Bledak.jpg,Pesona Canting,2022,raw (crop),28 x 28,sRGB IEC61966-2.1,VJB
5838,Seritan_01307.jpg,Batik_Lasem/motifs (isen-isen)/Seritan/all_motifs (1328)/Seritan_01307.jpg,Seritan,Seritan,all_motifs (1328),Lawang Ombo Kilin Latar Bledak.jpg,Pesona Canting,2022,raw (crop),28 x 28,sRGB IEC61966-2.1,VJB
5839,Seritan_01308.jpg,Batik_Lasem/motifs (isen-isen)/Seritan/all_motifs (1328)/Seritan_01308.jpg,Seritan,Seritan,all_motifs (1328),Lawang Ombo Kilin Latar Bledak.jpg,Pesona Canting,2022,raw (crop),28 x 28,sRGB IEC61966-2.1,VJB
5840,Seritan_01309.jpg,Batik_Lasem/motifs (isen-isen)/Seritan/all_motifs (1328)/Seritan_01309.jpg,Seritan,Seritan,all_motifs (1328),Lawang Ombo Kilin Latar Bledak.jpg,Pesona Canting,2022,raw (crop),28 x 28,sRGB IEC61966-2.1,VJB
5841,Seritan_01310.jpg,Batik_Lasem/motifs (isen-isen)/Seritan/all_motifs (1328)/Seritan_01310.jpg,Seritan,Seritan,all_motifs (1328),Lawang Ombo Kilin Latar Bledak.jpg,Pesona Canting,2022,raw (crop),28 x 28,sRGB IEC61966-2.1,VJB
5842,Seritan_01311.jpg,Batik_Lasem/motifs (isen-isen)/Seritan/all_motifs (1328)/Seritan_01311.jpg,Seritan,Seritan,all_motifs (1328),Lawang Ombo Kilin Latar Bledak.jpg,Pesona Canting,2022,raw (crop),28 x 28,sRGB IEC61966-2.1,VJB
5843,Seritan_01312.jpg,Batik_Lasem/motifs (isen-isen)/Seritan/all_motifs (1328)/Seritan_01312.jpg,Seritan,Seritan,all_motifs (1328),Lawang Ombo Kilin Latar Bledak.jpg,Pesona Canting,2022,raw (crop),28 x 28,sRGB IEC61966-2.1,VJB
5846,Seritan_01315.jpg,Batik_Lasem/motifs (isen-isen)/Seritan/all_motifs (1328)/Seritan_01315.jpg,Seritan,Seritan,all_motifs (1328),Lawang Ombo Kilin Latar Bledak.jpg,Pesona Canting,2022,raw (crop),28 x 28,sRGB IEC61966-2.1,VJB
5848,Seritan_01317.jpg,Batik_Lasem/motifs (isen-isen)/Seritan/all_motifs (1328)/Seritan_01317.jpg,Seritan,Seritan,all_motifs (1328),King of the Jungle and Trees.jpg,Pesona Canting,2022,raw (crop),28 x 28,sRGB IEC61966-2.1,VJB
5851,Seritan_01320.jpg,Batik_Lasem/motifs (isen-isen)/Seritan/all_motifs (1328)/Seritan_01320.jpg,Seritan,Seritan,all_motifs (1328),King of the Jungle and Trees.jpg,Pesona Canting,2022,raw (crop),28 x 28,sRGB IEC61966-2.1,VJB
5852,Seritan_01321.jpg,Batik_Lasem/motifs (isen-isen)/Seritan/all_motifs (1328)/Seritan_01321.jpg,Seritan,Seritan,all_motifs (1328),King of the Jungle and Trees.jpg,Pesona Canting,2022,raw (crop),28 x 28,sRGB IEC61966-2.1,VJB
5853,Seritan_01322.jpg,Batik_Lasem/motifs (isen-isen)/Seritan/all_motifs (1328)/Seritan_01322.jpg,Seritan,Seritan,all_motifs (1328),King of the Jungle and Trees.jpg,Pesona Canting,2022,raw (crop),28 x 28,sRGB IEC61966-2.1,VJB
5854,Seritan_01323.jpg,Batik_Lasem/motifs (isen-isen)/Seritan/all_motifs (1328)/Seritan_01323.jpg,Seritan,Seritan,all_motifs (1328),Lawang Ombo Kilin Latar Bledak.jpg,Pesona Canting,2022,raw (crop),28 x 28,sRGB IEC61966-2.1,VJB
5855,Seritan_01324.jpg,Batik_Lasem/motifs (isen-isen)/Seritan/all_motifs (1328)/Seritan_01324.jpg,Seritan,Seritan,all_motifs (1328),Lawang Ombo Kilin Latar Bledak.jpg,Pesona Canting,2022,raw (crop),28 x 28,sRGB IEC61966-2.1,VJB
5858,Seritan_01327.jpg,Batik_Lasem/motifs (isen-isen)/Seritan/all_motifs (1328)/Seritan_01327.jpg,Seritan,Seritan,all_motifs (1328),Lawang Ombo Kilin Latar Bledak.jpg,Pesona Canting,2022,raw (crop),28 x 28,sRGB IEC61966-2.1,VJB
5859,Seritan_01328.jpg,Batik_Lasem/motifs (isen-isen)/Seritan/all_motifs (1328)/Seritan_01328.jpg,Seritan,Seritan,all_motifs (1328),Lawang Ombo Kilin Latar Bledak.jpg,Pesona Canting,2022,raw (crop),28 x 28,sRGB IEC61966-2.1,VJB
