dataset,rel_path,folder,filename,representation,motif_class,source_id,role,semantic_group,path,ext,filesize_bytes,corrupt,format,mode,width,height,pixels,aspect_ratio,channels,metadata_blocks,md5,sha256,ahash,dhash,phash,mean_r,mean_g,mean_b,std_r,std_g,std_b,brightness,brightness_std,contrast,mean_hue,std_hue,mean_saturation,mean_value,lab_L,lab_a,lab_b,gray_entropy,clip_low_frac,clip_high_frac,hue_entropy,colorfulness,sharpness_lapvar,edge_density,symmetry_h,symmetry_v,spatial_entropy,pattern_density,texture_reliable,glcm_contrast,glcm_homogeneity,glcm_energy,glcm_correlation,lbp_entropy,lbp_uniformity,gabor_mean,gabor_std,fft_highfreq_ratio
Batik_Lasem,motifs (isen-isen)/Gunung Ringgit/28x28_images/GunungRinggit_00043.jpg,28x28_images,GunungRinggit_00043.jpg,28x28_images,Gunung Ringgit,Gunung Ringgit Peacocks.jpg,crop,Gunung Ringgit,/projects/sandbox/drive_data/Datasets/Batik_Lasem/motifs (isen-isen)/Gunung Ringgit/28x28_images/GunungRinggit_00043.jpg,.jpg,12122,False,JPEG,RGB,28,28,784,1.0,3,4,7fa4d77aee130911793ebc65e069138c,ba078f3ba391c8ab2d371f8d7ec07e537ff941d046ed80b212c79bcd1c939178,c3808183c3e7f7ff,0f071b27160f8707,a47bc265a587b269,207.08546447753906,206.21939086914062,200.58035278320312,60.64701461791992,59.8763427734375,61.252662658691406,204.62840270996094,60.66322326660156,0.2348167449235916,0.26447394490242004,0.2639499008655548,0.09057067334651947,0.8290166258811951,82.12632751464844,-0.49227380752563477,2.9643754959106445,5.924408408301328,0.0,0.3482142857142857,-3.1147004816615764,21.14180564880371,0.1362580955028534,0.21683673469387754,0.851885199546814,0.7669978141784668,3.542390039348512,0.21683673469387754,False,33.70529590436998,0.4726841984717335,0.3663872926344378,0.6974060515108733,3.1644326274874874,0.12123203873386088,0.019504982978105545,0.00367805827409029,0.2539310157299042
Batik_Lasem,motifs (isen-isen)/Gunung Ringgit/28x28_images/GunungRinggit_00001.jpg,28x28_images,GunungRinggit_00001.jpg,28x28_images,Gunung Ringgit,Gunung Ringgit Bouquet.jpg,crop,Gunung Ringgit,/projects/sandbox/drive_data/Datasets/Batik_Lasem/motifs (isen-isen)/Gunung Ringgit/28x28_images/GunungRinggit_00001.jpg,.jpg,19055,False,JPEG,RGB,28,28,784,1.0,3,4,c1cdd31a5a89e366fb4c00fbbd003e60,602ad9e60af91adc80ae36dc05af438f1996ee8cb73b1e144b236947ae241c58,c399230283e7e7ff,1773cdce170e4c0c,a70ddaf43c62e0a6,199.89923095703125,192.7755126953125,185.48214721679688,65.96142578125,71.732177734375,77.209228515625,192.71896362304688,72.02224731445312,0.27782055735588074,0.1661091297864914,0.2465178668498993,0.11727383732795715,0.7848640084266663,77.35717010498047,1.5438798666000366,4.97073221206665,5.876145162296741,0.0,0.399234693877551,-6.679483009192968,18.087444305419922,0.20687897503376007,0.21301020408163265,0.8866642713546753,0.7716285586357117,3.7229981587549847,0.21301020408163265,False,41.45000489907906,0.4813017042749124,0.3917833025758385,0.7310466099634447,3.1639522344554676,0.12190558621407747,0.019407544285058975,0.0020057542715221643,0.325996458530426
Batik_Lasem,motifs (isen-isen)/Gunung Ringgit/28x28_images/GunungRinggit_00042.jpg,28x28_images,GunungRinggit_00042.jpg,28x28_images,Gunung Ringgit,Gunung Ringgit Bouquet.jpg,crop,Gunung Ringgit,/projects/sandbox/drive_data/Datasets/Batik_Lasem/motifs (isen-isen)/Gunung Ringgit/28x28_images/GunungRinggit_00042.jpg,.jpg,18585,False,JPEG,RGB,28,28,784,1.0,3,4,e26d5f7978c93083b883fc71bccdb999,2a3bb674a1d7f229b37edb728793aa40185e633289491543a25a7b465f22f3b1,f7c180182103f3ff,16171f296defc607,ee7aa1a4965531e2,193.3456573486328,188.44259643554688,190.60459899902344,62.849082946777344,67.14897155761719,62.25703430175781,190.79762268066406,64.15347290039062,0.2577250003814697,0.4092291295528412,0.35248297452926636,0.10065030306577682,0.7752501964569092,76.01349639892578,2.581192970275879,-0.6549959778785706,6.4795305239465275,0.0,0.28316326530612246,-2.9840436167209075,19.02591323852539,0.17880530655384064,0.2538265306122449,0.8053182363510132,0.7760561108589172,3.842873229185543,0.2538265306122449,False,41.35853909465024,0.40886873535400026,0.27690525788603826,0.6804982126678523,3.215231967472822,0.11531653477717618,0.022272013127803802,0.003918966744095087,0.2988741397857666
Batik_Lasem,motifs (isen-isen)/Gunung Ringgit/28x28_images/GunungRinggit_00002.jpg,28x28_images,GunungRinggit_00002.jpg,28x28_images,Gunung Ringgit,Gunung Ringgit Bouquet.jpg,crop,Gunung Ringgit,/projects/sandbox/drive_data/Datasets/Batik_Lasem/motifs (isen-isen)/Gunung Ringgit/28x28_images/GunungRinggit_00002.jpg,.jpg,12146,False,JPEG,RGB,28,28,784,1.0,3,4,fa59878781372bd3a5bc068179f15034,fdd75535cd9c8be582c39b738a59315a14eab4732b6ab7cf8a28d4d77f83e296,cf87998d0383f7ff,1f35335917160703,bc1bc43493c35d8d,214.19259643554688,209.14796447753906,207.76658630371094,57.78147506713867,62.855873107910156,62.90863037109375,210.36904907226562,61.29148483276367,0.24184288084506989,0.3232008218765259,0.3436594009399414,0.0822022408246994,0.8472589254379272,83.51739501953125,1.776038646697998,1.3727326393127441,5.828027733061224,0.0,0.36862244897959184,-3.471741968619964,16.14698028564453,0.1636289656162262,0.21556122448979592,0.8246898055076599,0.7962876558303833,3.5961799747700627,0.21556122448979592,False,36.50914902998236,0.49261469877168906,0.36891771550870706,0.6890418148895956,3.1721667078506703,0.12126783111203665,0.019426580518484116,0.00046819073031656444,0.29640501737594604
Batik_Lasem,motifs (isen-isen)/Gunung Ringgit/28x28_images/GunungRinggit_00044.jpg,28x28_images,GunungRinggit_00044.jpg,28x28_images,Gunung Ringgit,Gunung Ringgit Peacocks.jpg,crop,Gunung Ringgit,/projects/sandbox/drive_data/Datasets/Batik_Lasem/motifs (isen-isen)/Gunung Ringgit/28x28_images/GunungRinggit_00044.jpg,.jpg,18519,False,JPEG,RGB,28,28,784,1.0,3,4,fd2ea85fddc3117c83c4ac121ffd735b,a7e78a94aa62b75a788198b1e65fc3c354f37663454b60e679e696b0c50f55cc,fdc181930121fdff,091f332763436301,af70d243c4ce9993,197.8227081298828,198.93495178222656,195.2767791748047,65.53015899658203,60.57997512817383,57.2444953918457,197.34481811523438,61.232078552246094,0.23894059658050537,0.2597348093986511,0.25780296325683594,0.12460118532180786,0.8122899532318115,79.44217681884766,-0.43054211139678955,1.6149779558181763,6.3377293102907055,0.0,0.28188775510204084,-3.12761486868704,28.582216262817383,0.12928639352321625,0.22193877551020408,0.807205080986023,0.7984235882759094,3.7494809002480016,0.22193877551020408,False,32.711934156378604,0.4058440858637469,0.2814057185853884,0.7161797110307394,3.144426709245979,0.12391321324448147,0.01899164356291294,0.0008868417353369296,0.253406286239624
Batik_Lasem,motifs (isen-isen)/Gunung Ringgit/28x28_images/GunungRinggit_00003.jpg,28x28_images,GunungRinggit_00003.jpg,28x28_images,Gunung Ringgit,Gunung Ringgit Bouquet.jpg,crop,Gunung Ringgit,/projects/sandbox/drive_data/Datasets/Batik_Lasem/motifs (isen-isen)/Gunung Ringgit/28x28_images/GunungRinggit_00003.jpg,.jpg,18561,False,JPEG,RGB,28,28,784,1.0,3,4,3a8972cb456814c3fdd49cc322525c62,97688f29db2ca79e4ef876896546714f045e355c2d78ab81fbbceacb23c57d7a,cf8d1c050303f7ff,2e1d317d5756c706,bf3af02583c61dc8,207.2461700439453,201.10714721679688,203.0765380859375,60.54661178588867,66.05477905273438,61.800594329833984,203.80995178222656,62.896976470947266,0.25264492630958557,0.33886516094207764,0.34345126152038574,0.09368275851011276,0.8268908262252808,80.75697326660156,2.9047789573669434,-0.32288435101509094,6.024053776198878,0.0,0.35586734693877553,-3.51756622204269,18.9174747467041,0.18680043518543243,0.24362244897959184,0.7868236303329468,0.7845175266265869,3.6159393660523302,0.24362244897959184,False,42.71538800705468,0.4501317526077434,0.34004217888991356,0.6584424081559161,3.2174838754413075,0.11462997188671387,0.022392721846699715,0.0023730893153697252,0.2990925908088684
Batik_Lasem,motifs (isen-isen)/Gunung Ringgit/28x28_images/GunungRinggit_00045.jpg,28x28_images,GunungRinggit_00045.jpg,28x28_images,Gunung Ringgit,Gunung Ringgit Peacocks.jpg,crop,Gunung Ringgit,/projects/sandbox/drive_data/Datasets/Batik_Lasem/motifs (isen-isen)/Gunung Ringgit/28x28_images/GunungRinggit_00045.jpg,.jpg,18559,False,JPEG,RGB,28,28,784,1.0,3,4,67dd05d47973fe8dcc32d365bd917f1f,cc746fa24f5ce3fa7ec3ab84781c0580c898baacf109a13e8a5d95ef334bb878,fde5819f230341f9,810d13736f57db43,abdec0259e196c63,189.85203552246094,192.1875,190.4119873046875,65.96329498291016,61.57455062866211,56.78427505493164,190.8171844482422,61.5629997253418,0.24169179797172546,0.3249298334121704,0.26998579502105713,0.13945822417736053,0.7918667197227478,76.94003295898438,-0.3541031777858734,0.44701462984085083,6.677573368698634,0.0,0.22193877551020408,-2.1236646077687897,30.877944946289062,0.11469722539186478,0.22831632653061223,0.7712676525115967,0.7934062480926514,3.8767315377670104,0.22831632653061223,False,34.132079169116196,0.35146612017397116,0.20484516188246843,0.7083621614736203,3.153483176344333,0.12363663577675967,0.019364293664693832,0.0006209514103829861,0.2468099296092987
Batik_Lasem,motifs (isen-isen)/Gunung Ringgit/28x28_images/GunungRinggit_00004.jpg,28x28_images,GunungRinggit_00004.jpg,28x28_images,Gunung Ringgit,Gunung Ringgit Bouquet.jpg,crop,Gunung Ringgit,/projects/sandbox/drive_data/Datasets/Batik_Lasem/motifs (isen-isen)/Gunung Ringgit/28x28_images/GunungRinggit_00004.jpg,.jpg,18630,False,JPEG,RGB,28,28,784,1.0,3,4,6aa86e2830a721a26ab8d5bfd82225f9,5d137c8ad3e290edf4cac9e2ae964f64708ba46f1801f3014b5d28a64513c34f,c783881c2323f7ff,165b31294d4f4605,af78f02792dc7860,216.09439086914062,209.88392639160156,213.03826904296875,52.921424865722656,58.00717544555664,52.299407958984375,213.00552368164062,54.52835464477539,0.22067777812480927,0.40145331621170044,0.3518299460411072,0.09164973348379135,0.8648960590362549,84.19081115722656,3.122591018676758,-0.9426536560058594,5.978363668321446,0.0,0.32653061224489793,-3.5095603695721067,21.58612060546875,0.24527588486671448,0.25892857142857145,0.8291680812835693,0.7875174283981323,3.826436620940496,0.25892857142857145,False,49.06178963354891,0.4300170492747074,0.31716876449712184,0.4935352279712285,3.17099223511972,0.1218990785089546,0.025327526032924652,0.0024517166893929243,0.33630257844924927
Batik_Lasem,motifs (isen-isen)/Gunung Ringgit/28x28_images/GunungRinggit_00050.jpg,28x28_images,GunungRinggit_00050.jpg,28x28_images,Gunung Ringgit,Gunung Ringgit Peacocks.jpg,crop,Gunung Ringgit,/projects/sandbox/drive_data/Datasets/Batik_Lasem/motifs (isen-isen)/Gunung Ringgit/28x28_images/GunungRinggit_00050.jpg,.jpg,18426,False,JPEG,RGB,28,28,784,1.0,3,4,8ee36db6957f433c582247fdc97e68e0,d557c87cf9d77c6da546f50ea6d1fc3e315d8958f65c849a218eedb6b4d03eb6,e78181030323f3ff,8f2f636f56564603,af3ad0e1818e9bc9,200.2908172607422,202.25509643554688,197.7244873046875,65.46311950683594,61.15342330932617,59.17156219482422,200.0901336669922,62.01279067993164,0.24148859083652496,0.28248605132102966,0.26198330521583557,0.1101275235414505,0.8176571726799011,80.49153900146484,-1.156753659248352,1.9457708597183228,6.201644048426684,0.0,0.3125,-2.539685833489785,24.738250732421875,0.09548686444759369,0.23341836734693877,0.8140110969543457,0.7986376285552979,3.771506583664878,0.23341836734693877,False,31.360364001567728,0.43878352204177734,0.315135326583401,0.7363466722601992,3.128742797241272,0.1253872084548105,0.018467377871274948,0.0012120207538828254,0.2010350227355957
Batik_Lasem,motifs (isen-isen)/Gunung Ringgit/28x28_images/GunungRinggit_00005.jpg,28x28_images,GunungRinggit_00005.jpg,28x28_images,Gunung Ringgit,Gunung Ringgit Bouquet.jpg,crop,Gunung Ringgit,/projects/sandbox/drive_data/Datasets/Batik_Lasem/motifs (isen-isen)/Gunung Ringgit/28x28_images/GunungRinggit_00005.jpg,.jpg,18684,False,JPEG,RGB,28,28,784,1.0,3,4,e183883f6e848aa35d68f07707b7388b,fd638b4df8980d32e4f096fc620edbe2a8cfe27a48982f2121a31bae70149f33,fc808c111191ffef,09695da12b273518,ee5ff16ca080a197,208.78189086914062,201.56504821777344,209.04464721679688,54.200584411621094,59.47693634033203,51.620025634765625,206.4638671875,55.304813385009766,0.22560931742191315,0.46742475032806396,0.3403792679309845,0.10568135231733322,0.8461735248565674,81.38467407226562,4.369084358215332,-3.02089262008667,6.333276478307667,0.0,0.27040816326530615,-3.2308514890079283,23.7319278717041,0.19086839258670807,0.2780612244897959,0.7893162965774536,0.7918275594711304,3.85226303860249,0.2780612244897959,False,45.365801979227925,0.3778268466216805,0.26482034921620645,0.5450335095194596,3.212102468773381,0.11490980320699709,0.02519148215651512,0.003969503566622734,0.3152727484703064
Batik_Lasem,motifs (isen-isen)/Gunung Ringgit/28x28_images/GunungRinggit_00006.jpg,28x28_images,GunungRinggit_00006.jpg,28x28_images,Gunung Ringgit,Gunung Ringgit Bouquet.jpg,crop,Gunung Ringgit,/projects/sandbox/drive_data/Datasets/Batik_Lasem/motifs (isen-isen)/Gunung Ringgit/28x28_images/GunungRinggit_00006.jpg,.jpg,18539,False,JPEG,RGB,28,28,784,1.0,3,4,bbf6173dea81adf145f551e9252ca1b5,87523fed6bd86b8f16f075e0006482149ce74b7bde21b07040a3dd23add1c59b,c1829837a3a3bbff,371e31654b4f5363,af7ad8218ec8f059,219.3890380859375,212.92984008789062,216.42984008789062,46.63774871826172,51.779056549072266,46.25291061401367,216.24957275390625,48.36111068725586,0.19618754088878632,0.4024724066257477,0.34919461607933044,0.08681131899356842,0.8780262470245361,85.44170379638672,3.183042049407959,-1.0504039525985718,6.0224604428392885,0.0,0.30612244897959184,-3.3371617092262906,21.147642135620117,0.1690414994955063,0.2614795918367347,0.8272888660430908,0.7971543073654175,3.7656437625381054,0.2614795918367347,False,36.75202087007642,0.4229145598564538,0.30184169088256524,0.5148646600001987,3.213498799408822,0.11528725010412329,0.021807627752423286,0.0021330593153834343,0.3309566378593445
Batik_Lasem,motifs (isen-isen)/Gunung Ringgit/28x28_images/GunungRinggit_00007.jpg,28x28_images,GunungRinggit_00007.jpg,28x28_images,Gunung Ringgit,Gunung Ringgit Bouquet.jpg,crop,Gunung Ringgit,/projects/sandbox/drive_data/Datasets/Batik_Lasem/motifs (isen-isen)/Gunung Ringgit/28x28_images/GunungRinggit_00007.jpg,.jpg,18497,False,JPEG,RGB,28,28,784,1.0,3,4,c35f1e8b6f890a95dac5d4c58dca2f56,a4cf3106cbf5e32330d52b96e09afa56e755040ad549fb57fda96083ec36f07c,c783070707c3fbff,1e1f356d6d07c702,be3ad96492cc7898,200.17474365234375,194.15943908691406,196.71046447753906,65.5940933227539,70.9884033203125,65.84142303466797,197.01487731933594,67.5654296875,0.27191436290740967,0.402826189994812,0.35975784063339233,0.09928560256958008,0.79767906665802,78.10283660888672,3.0272703170776367,-0.7138765454292297,6.082373472109918,0.0,0.35459183673469385,-3.1115716447260997,18.44236183166504,0.1592155247926712,0.20790816326530612,0.7796499133110046,0.7639748454093933,3.646925895244528,0.20790816326530612,False,38.722173231432514,0.46656726960347106,0.3578373187221007,0.7351360851202811,3.182339267732499,0.1203990524781341,0.022482700645923615,0.003238304518163204,0.2543426752090454
Batik_Lasem,motifs (isen-isen)/Gunung Ringgit/28x28_images/GunungRinggit_00008.jpg,28x28_images,GunungRinggit_00008.jpg,28x28_images,Gunung Ringgit,Gunung Ringgit Bouquet.jpg,crop,Gunung Ringgit,/projects/sandbox/drive_data/Datasets/Batik_Lasem/motifs (isen-isen)/Gunung Ringgit/28x28_images/GunungRinggit_00008.jpg,.jpg,12259,False,JPEG,RGB,28,28,784,1.0,3,4,0e01f5a5766ac01f2ff5dce1e6c891c6,d7f3aaeb67e73deadda186669f8d939b141b52016b8093132b2134156192a0b7,c3c1100401e3fbff,170b316d4f078203,ee3ab1e5069cdc18,191.051025390625,184.6517791748047,182.9515380859375,70.87537384033203,76.13079833984375,76.56658172607422,186.21810913085938,74.6506118774414,0.2938136160373688,0.311777263879776,0.3468506634235382,0.13215433061122894,0.7576530575752258,74.30823516845703,2.411160469055176,1.7656205892562866,6.38738822619479,0.0,0.29464285714285715,-4.058439420529108,18.940855026245117,0.21500779688358307,0.22448979591836735,0.825924277305603,0.7243341207504272,3.687301100158794,0.22448979591836735,False,50.38296100333145,0.42316971609301063,0.30960480432039206,0.7078233372385929,3.2293120724980726,0.11217982090795502,0.023354601114988327,0.003426988609135151,0.29529985785484314
Batik_Lasem,motifs (isen-isen)/Gunung Ringgit/28x28_images/GunungRinggit_00009.jpg,28x28_images,GunungRinggit_00009.jpg,28x28_images,Gunung Ringgit,Gunung Ringgit Bouquet.jpg,crop,Gunung Ringgit,/projects/sandbox/drive_data/Datasets/Batik_Lasem/motifs (isen-isen)/Gunung Ringgit/28x28_images/GunungRinggit_00009.jpg,.jpg,18511,False,JPEG,RGB,28,28,784,1.0,3,4,92de9c4e5dcdfc6ac1df5e52b43d166b,a326e7c12ca98294427005b7f42ce4e9c12404799e5225e2c4f00ea0effa1bce,c78d8c050323ffff,2f1d314d53460602,bf3ad02523c6c719,209.2206573486328,203.88137817382812,204.99362182617188,59.2428092956543,64.22413635253906,61.3653678894043,206.03189086914062,61.687461853027344,0.24627859890460968,0.35239604115486145,0.3412213921546936,0.08980128169059753,0.8342536687850952,81.71556091308594,2.4197592735290527,0.036694448441267014,5.957355951270851,0.0,0.3622448979591837,-3.082463231260444,18.579378128051758,0.16125337779521942,0.2423469387755102,0.8115938901901245,0.7798826694488525,3.588962796162802,0.2423469387755102,False,39.09589947089948,0.46642913748480364,0.360755243908219,0.6754360933532424,3.1850823035052507,0.11839793315285298,0.02158740535378456,0.003213767660781741,0.271214097738266
Batik_Lasem,motifs (isen-isen)/Gunung Ringgit/28x28_images/GunungRinggit_00010.jpg,28x28_images,GunungRinggit_00010.jpg,28x28_images,Gunung Ringgit,Gunung Ringgit Bouquet.jpg,crop,Gunung Ringgit,/projects/sandbox/drive_data/Datasets/Batik_Lasem/motifs (isen-isen)/Gunung Ringgit/28x28_images/GunungRinggit_00010.jpg,.jpg,18645,False,JPEG,RGB,28,28,784,1.0,3,4,9daff2d44981970253ca8511422421b3,9e9d896062f456ab128ab6da7115ce1591a06cc335e14ec081487a2e587e1631,c38303070303bbff,070f15a526266603,ac72d92d96897865,195.02296447753906,187.9961700439453,186.33163452148438,68.03868103027344,73.20758819580078,73.08821868896484,189.78358459472656,71.58458709716797,0.28215768933296204,0.32979148626327515,0.3531773090362549,0.12389366328716278,0.7747148871421814,75.70624542236328,2.643892765045166,1.7914743423461914,6.42139843792872,0.0,0.3112244897959184,-3.6505977634841473,20.442462921142578,0.22154103219509125,0.2461734693877551,0.7541738748550415,0.7655503749847412,3.726251230866289,0.2461734693877551,False,52.89416764648256,0.4198968037610872,0.3109459711207866,0.6664327687085179,3.194125366193775,0.11688163785922531,0.026518313214182854,0.006098436191678047,0.2876826822757721
Batik_Lasem,motifs (isen-isen)/Gunung Ringgit/28x28_images/GunungRinggit_00011.jpg,28x28_images,GunungRinggit_00011.jpg,28x28_images,Gunung Ringgit,Gunung Ringgit Bouquet.jpg,crop,Gunung Ringgit,/projects/sandbox/drive_data/Datasets/Batik_Lasem/motifs (isen-isen)/Gunung Ringgit/28x28_images/GunungRinggit_00011.jpg,.jpg,12233,False,JPEG,RGB,28,28,784,1.0,3,4,50d4d834ea9290ee20482a6591ba70a5,07575972820e637cbef372c6aba475fa39a70a0a37c9635796216c4d7515d555,f3d0a05d31213fff,8b1145b5e36bed00,ea78f127a09127ce,206.4528045654297,201.56759643554688,206.20025634765625,57.72610855102539,62.74989318847656,58.64187240600586,204.74021911621094,59.78810501098633,0.23983493447303772,0.3775516748428345,0.3375299572944641,0.09570793062448502,0.8347138166427612,81.00447845458984,2.991367816925049,-1.7840005159378052,6.161465330234763,0.0,0.33035714285714285,-3.4099338116631674,21.67967987060547,0.17071592807769775,0.26403061224489793,0.7703684568405151,0.7584370374679565,3.86706602654593,0.26403061224489793,False,42.31034440525184,0.4112245595640018,0.297187209970964,0.6262197188378548,3.1985926965692677,0.11694346105789255,0.023597538471221924,0.0021720437798649073,0.26770082116127014
Batik_Lasem,motifs (isen-isen)/Gunung Ringgit/28x28_images/GunungRinggit_00012.jpg,28x28_images,GunungRinggit_00012.jpg,28x28_images,Gunung Ringgit,Gunung Ringgit Bouquet.jpg,crop,Gunung Ringgit,/projects/sandbox/drive_data/Datasets/Batik_Lasem/motifs (isen-isen)/Gunung Ringgit/28x28_images/GunungRinggit_00012.jpg,.jpg,18865,False,JPEG,RGB,28,28,784,1.0,3,4,b914adcec5534525d8d3bde111064e8c,cda156a4155d8e0a50551963f4c587c313f2c500b586692b4a1fcf7297246196,cf81182c23a3f7ff,1e5fb16a47476707,af3af0a593d4d848,219.0331573486328,213.0880126953125,215.79974365234375,52.109371185302734,57.206268310546875,52.49297332763672,215.9736328125,54.04064178466797,0.21790127456188202,0.36885011196136475,0.35138142108917236,0.08655480295419693,0.8757802844047546,85.31234741210938,2.9064507484436035,-0.7105062007904053,5.704634943888141,0.0,0.3622448979591837,-3.518775710697818,20.599336624145508,0.2010258287191391,0.23469387755102042,0.8314098119735718,0.7961331605911255,3.6404848868420077,0.23469387755102042,False,44.62239124044679,0.48320860061814586,0.3803132085735448,0.5264638562161077,3.15655146995236,0.12202597875885049,0.023792261257767677,0.0034814151003956795,0.3069864809513092
Batik_Lasem,motifs (isen-isen)/Gunung Ringgit/28x28_images/GunungRinggit_00013.jpg,28x28_images,GunungRinggit_00013.jpg,28x28_images,Gunung Ringgit,Gunung Ringgit Bouquet.jpg,crop,Gunung Ringgit,/projects/sandbox/drive_data/Datasets/Batik_Lasem/motifs (isen-isen)/Gunung Ringgit/28x28_images/GunungRinggit_00013.jpg,.jpg,18919,False,JPEG,RGB,28,28,784,1.0,3,4,a3bede3118149fbdf971f2fa5ce95a4e,ab8a5ffcd518a4b5d0f44fbd56522d06047b95d5983839331aedadcd81f829dc,e7c1805c23a3a3ff,8e0753b1af424606,e772f5a59011f126,198.19515991210938,191.58035278320312,192.4081573486328,66.01624298095703,72.4847183227539,70.1881332397461,194.06121826171875,69.67670440673828,0.27744489908218384,0.37204819917678833,0.34652239084243774,0.12612034380435944,0.7928621172904968,77.11919403076172,3.025120258331299,0.4160047173500061,6.3172838747145095,0.0,0.31760204081632654,-2.9451052641172804,21.979534149169922,0.23209457099437714,0.24872448979591838,0.7555702924728394,0.74674391746521,3.7634505986472635,0.24872448979591838,False,54.31470458553804,0.4014781897005682,0.2969533757038219,0.644286274625645,3.1765574479640764,0.12053246043315283,0.024018429219722748,0.0018887679325416684,0.31042495369911194
Batik_Lasem,motifs (isen-isen)/Gunung Ringgit/28x28_images/GunungRinggit_00014.jpg,28x28_images,GunungRinggit_00014.jpg,28x28_images,Gunung Ringgit,Gunung Ringgit Bouquet.jpg,crop,Gunung Ringgit,/projects/sandbox/drive_data/Datasets/Batik_Lasem/motifs (isen-isen)/Gunung Ringgit/28x28_images/GunungRinggit_00014.jpg,.jpg,18886,False,JPEG,RGB,28,28,784,1.0,3,4,5294570f41af91c175bb189be52db67c,4ac39b63bfafb2f05a183e995330a50c4d341dfe24a14d0e56116f057eb43f52,c783188403c3f7ff,0e33302c27878643,ae5af92496d65981,207.6109619140625,199.90943908691406,195.5102081298828,61.755882263183594,69.18354797363281,71.8028564453125,201.0102081298828,67.8990249633789,0.2651931643486023,0.2612013816833496,0.3210255801677704,0.12738004326820374,0.8213684558868408,80.2122573852539,2.444488525390625,3.4315783977508545,6.086568301825727,0.0,0.33163265306122447,-4.484879480546825,23.138193130493164,0.1971966028213501,0.23214285714285715,0.7895087599754333,0.7377151846885681,3.6300008778970425,0.23214285714285715,False,49.28128061924359,0.4329921226004374,0.32817487136873935,0.6485687374871919,3.1808133176180955,0.1188469648063307,0.02534574642777443,0.00438745878636837,0.27443885803222656
Batik_Lasem,motifs (isen-isen)/Gunung Ringgit/28x28_images/GunungRinggit_00015.jpg,28x28_images,GunungRinggit_00015.jpg,28x28_images,Gunung Ringgit,Gunung Ringgit Bouquet.jpg,crop,Gunung Ringgit,/projects/sandbox/drive_data/Datasets/Batik_Lasem/motifs (isen-isen)/Gunung Ringgit/28x28_images/GunungRinggit_00015.jpg,.jpg,12625,False,JPEG,RGB,28,28,784,1.0,3,4,b8643b0765bfeedaf609a63a4db8d857,95bb26bc961aafcadb86e85fffe7d994dc62f0d8e5be6ed546bb58f84dbf6755,fbd1c01ca5a1e3ff,272315b96d4bc302,ea1ec52796c91974,209.3966827392578,203.26275634765625,200.94004821777344,60.726402282714844,66.60417938232422,66.48204803466797,204.5331573486328,64.76072692871094,0.2555215358734131,0.31729573011398315,0.3255999684333801,0.11233406513929367,0.8332133293151855,81.40739440917969,2.174452304840088,2.005183219909668,6.01137281545729,0.0,0.32908163265306123,-3.498246467070654,21.671838760375977,0.24664680659770966,0.24744897959183673,0.791209876537323,0.7794755101203918,3.831237261461607,0.24744897959183673,False,52.86507936507942,0.43829698033584735,0.3235611447247363,0.59706660176998,3.164582518110455,0.12018104435651812,0.023339319974184036,0.0036845500580966473,0.32811224460601807
Batik_Lasem,motifs (isen-isen)/Gunung Ringgit/28x28_images/GunungRinggit_00016.jpg,28x28_images,GunungRinggit_00016.jpg,28x28_images,Gunung Ringgit,Gunung Ringgit Bouquet.jpg,crop,Gunung Ringgit,/projects/sandbox/drive_data/Datasets/Batik_Lasem/motifs (isen-isen)/Gunung Ringgit/28x28_images/GunungRinggit_00016.jpg,.jpg,18908,False,JPEG,RGB,28,28,784,1.0,3,4,3fb3acde5d267ba978f4fb9edaa9ed8a,f07ad059d19181b42625c63dbeb4378b2be9e0f53c3cbc42185f07b19e8c17b6,c783091c2323f3ff,165bb12b4f4b4607,af38f02792dc3962,216.3265380859375,209.89540100097656,212.4783172607422,53.11575698852539,58.7976188659668,53.4058837890625,212.90008544921875,55.2315673828125,0.22337639331817627,0.37289556860923767,0.34577232599258423,0.09382139146327972,0.865531325340271,84.18383026123047,3.1047306060791016,-0.5971585512161255,5.9115373176068156,0.0,0.33290816326530615,-3.281495188771573,21.64968490600586,0.21497464179992676,0.26403061224489793,0.8290117979049683,0.7872193455696106,3.7740680562985727,0.26403061224489793,False,48.545242994317064,0.44759395944400854,0.34851172017606036,0.510080034489513,3.207223679867772,0.11539137338608914,0.025489255785942078,0.0038639812264591455,0.3139643669128418
Batik_Lasem,motifs (isen-isen)/Gunung Ringgit/28x28_images/GunungRinggit_00017.jpg,28x28_images,GunungRinggit_00017.jpg,28x28_images,Gunung Ringgit,Gunung Ringgit Bouquet.jpg,crop,Gunung Ringgit,/projects/sandbox/drive_data/Datasets/Batik_Lasem/motifs (isen-isen)/Gunung Ringgit/28x28_images/GunungRinggit_00017.jpg,.jpg,18919,False,JPEG,RGB,28,28,784,1.0,3,4,7dde4af09caa359f705b375f1a9c0b5d,e25f8a4c75170c5f05a4833af024d7e421f0719ebd40aa4df596574ec0cf1026,eb01182401e3f7ff,16d3f04c170ec705,a71be86113d6d998,213.82525634765625,206.5880126953125,211.9221954345703,56.40192413330078,63.00238800048828,56.190277099609375,210.7784881591797,58.696895599365234,0.23852252960205078,0.3969082236289978,0.3438793122768402,0.11078577488660812,0.8623549938201904,83.0576400756836,4.067773342132568,-1.929720163345337,5.935616476063473,0.0,0.34311224489795916,-3.3588920875306636,25.06923484802246,0.22087949514389038,0.23979591836734693,0.8544348478317261,0.7565831542015076,3.7086181449777564,0.23979591836734693,False,47.50788751714677,0.4595502445168719,0.36180781442560395,0.5780454493267446,3.2074411954608917,0.11592175135360266,0.02384895645081997,0.0037972957361489534,0.30411896109580994
Batik_Lasem,motifs (isen-isen)/Gunung Ringgit/28x28_images/GunungRinggit_00018.jpg,28x28_images,GunungRinggit_00018.jpg,28x28_images,Gunung Ringgit,Gunung Ringgit Bouquet.jpg,crop,Gunung Ringgit,/projects/sandbox/drive_data/Datasets/Batik_Lasem/motifs (isen-isen)/Gunung Ringgit/28x28_images/GunungRinggit_00018.jpg,.jpg,18823,False,JPEG,RGB,28,28,784,1.0,3,4,f5666fb0c56aeb38580ab838752f5689,75f321d4ce7dee1e7988533ab0343737df128b0253fb46325a106a5ea9077fa5,f789101801e3fbff,063b31e96f834603,eb1af5a596c45036,213.83290100097656,208.19004821777344,215.76913452148438,55.23173522949219,60.410926818847656,50.05324935913086,212.5973663330078,55.48683166503906,0.22887299954891205,0.4221550226211548,0.347051203250885,0.09051869809627533,0.8645657896995544,83.62359619140625,3.815977096557617,-3.3331665992736816,5.826838540941058,0.0,0.36989795918367346,-3.4925668853969976,22.07147789001465,0.197408989071846,0.2461734693877551,0.8375152349472046,0.7928732633590698,3.626931527191659,0.2461734693877551,False,42.47840730942582,0.47536105772926796,0.37411837764673556,0.5879336617944759,3.175095892609444,0.12067237609329445,0.022867370396852493,0.0036391669418662786,0.3162730932235718
Batik_Lasem,motifs (isen-isen)/Gunung Ringgit/28x28_images/GunungRinggit_00019.jpg,28x28_images,GunungRinggit_00019.jpg,28x28_images,Gunung Ringgit,Gunung Ringgit Bouquet.jpg,crop,Gunung Ringgit,/projects/sandbox/drive_data/Datasets/Batik_Lasem/motifs (isen-isen)/Gunung Ringgit/28x28_images/GunungRinggit_00019.jpg,.jpg,18815,False,JPEG,RGB,28,28,784,1.0,3,4,49d552fc0ed8c641fdd891c1f3db3a47,1ab4c6fd993371b862bd15861d197103e183719e6e8e98d1be9a5e2fc058c88e,d78389082327f7ff,2e333ba94f4e4506,ae59fc3692da1921,217.90689086914062,212.22703552246094,215.5982208251953,53.643306732177734,59.488033294677734,55.24844741821289,215.24404907226562,56.2291145324707,0.22635018825531006,0.35193344950675964,0.34540969133377075,0.08774147927761078,0.8728691339492798,84.95088958740234,2.975710153579712,-1.0263744592666626,5.69226046065157,0.0,0.38010204081632654,-3.498093076622731,20.879072189331055,0.19912874698638916,0.21045918367346939,0.849395215511322,0.7935460209846497,3.679363234676125,0.21045918367346939,False,41.282529884381724,0.4962005767132469,0.39549795805370885,0.5946366165401517,3.1903667307477175,0.11849554872969598,0.021186063066124916,0.002931430470198393,0.318523645401001
Batik_Lasem,motifs (isen-isen)/Gunung Ringgit/28x28_images/GunungRinggit_00020.jpg,28x28_images,GunungRinggit_00020.jpg,28x28_images,Gunung Ringgit,Gunung Ringgit Bouquet.jpg,crop,Gunung Ringgit,/projects/sandbox/drive_data/Datasets/Batik_Lasem/motifs (isen-isen)/Gunung Ringgit/28x28_images/GunungRinggit_00020.jpg,.jpg,12464,False,JPEG,RGB,28,28,784,1.0,3,4,cc76514c72e2ba68fb39cafa19ac0d29,ef8cf1b52932ba66f199b81f97205138f77fdb8512875ba0f83f16032551c522,df8592a443c3e7ff,3f293269df960d0d,b619dc2193c6dd34,219.75254821777344,215.3482208251953,219.97193908691406,51.01862716674805,55.56584930419922,52.48820877075195,218.35757446289062,53.100799560546875,0.21253322064876556,0.411129891872406,0.3405988812446594,0.0734453797340393,0.8813176155090332,86.05419158935547,2.6324877738952637,-1.7651305198669434,5.654007836665392,0.0,0.3903061224489796,-3.6874033098894707,17.951324462890625,0.15989868342876434,0.22066326530612246,0.8844704627990723,0.8061608076095581,3.6944256262600614,0.22066326530612246,False,35.83742406427591,0.5051664575912098,0.40096746770485836,0.603449154637331,3.216410170650221,0.1146429872969596,0.019420301541686058,0.004112389869987965,0.31848984956741333
Batik_Lasem,motifs (isen-isen)/Gunung Ringgit/28x28_images/GunungRinggit_00021.jpg,28x28_images,GunungRinggit_00021.jpg,28x28_images,Gunung Ringgit,Gunung Ringgit Bouquet.jpg,crop,Gunung Ringgit,/projects/sandbox/drive_data/Datasets/Batik_Lasem/motifs (isen-isen)/Gunung Ringgit/28x28_images/GunungRinggit_00021.jpg,.jpg,18828,False,JPEG,RGB,28,28,784,1.0,3,4,c951decb4a5543e196b5265ea152386d,5f3691651ab61a460072e75d89add34136d293a588280c7c01b40772777b8b7b,efc3990080c3e7ff,8e0b31aa4d1f8c0c,f359943147d78c4a,212.8966827392578,205.45025634765625,207.0216827392578,58.00818634033203,65.06842803955078,64.89755249023438,208.45620727539062,62.82609176635742,0.2486819177865982,0.3827045261859894,0.3789704144001007,0.0892491415143013,0.844627857208252,82.45511627197266,3.2463467121124268,0.2779431939125061,5.788649629979096,0.0,0.3762755102040816,-3.3946047095991037,19.06935691833496,0.1752476543188095,0.23341836734693877,0.8869693875312805,0.8014132380485535,3.6554486860269177,0.23341836734693877,False,40.86756564765825,0.49113507252998423,0.38734554189354303,0.6673221438401542,3.1718786478230605,0.12084483027905041,0.021913250908255577,0.0038618857506662607,0.29395487904548645
Batik_Lasem,motifs (isen-isen)/Gunung Ringgit/28x28_images/GunungRinggit_00022.jpg,28x28_images,GunungRinggit_00022.jpg,28x28_images,Gunung Ringgit,Gunung Ringgit Bouquet.jpg,crop,Gunung Ringgit,/projects/sandbox/drive_data/Datasets/Batik_Lasem/motifs (isen-isen)/Gunung Ringgit/28x28_images/GunungRinggit_00022.jpg,.jpg,18803,False,JPEG,RGB,28,28,784,1.0,3,4,cbcd357bbe823f5977210f6ab95c822b,dde4c5fceb3259235c6eb1049711781e95ad30415560ae044d6a8dcebe06f51b,e3c180122163f3ff,0f1558b6a3cf2603,e472f1268c95936b,209.9158172607422,203.36224365234375,206.44387817382812,57.625091552734375,64.18350219726562,58.77969741821289,206.573974609375,60.323368072509766,0.24395090341567993,0.40737026929855347,0.3486737608909607,0.09808807820081711,0.8396207690238953,81.71385192871094,3.2804148197174072,-0.8302912712097168,6.073124715364591,0.0,0.3278061224489796,-2.3190702053343966,20.4930362701416,0.14216813445091248,0.22321428571428573,0.7991304397583008,0.7535923719406128,3.6133274767669876,0.22321428571428573,False,40.27641828336272,0.4553494660398962,0.3407029607778163,0.6575280693687326,3.2073529907723177,0.11555081216159933,0.022618398070335388,0.0013247864553704858,0.24712757766246796
Batik_Lasem,motifs (isen-isen)/Gunung Ringgit/28x28_images/GunungRinggit_00023.jpg,28x28_images,GunungRinggit_00023.jpg,28x28_images,Gunung Ringgit,Gunung Ringgit Bouquet.jpg,crop,Gunung Ringgit,/projects/sandbox/drive_data/Datasets/Batik_Lasem/motifs (isen-isen)/Gunung Ringgit/28x28_images/GunungRinggit_00023.jpg,.jpg,18847,False,JPEG,RGB,28,28,784,1.0,3,4,f7f9c78e509f9dbf16fafed2c70a50a6,a75023fcd3ca9b5827907e521cb98f67e3340a0724b842a5fe25cb5a494a4a1a,c3c1182421e3f3ff,9f0f33694d070603,ef3ae86193d49928,207.551025390625,199.52296447753906,201.5369873046875,59.58271408081055,66.62901306152344,65.88410186767578,202.8703155517578,64.20055389404297,0.2544310986995697,0.3529127538204193,0.3675200939178467,0.10506569594144821,0.8278961777687073,80.35350799560547,3.618969440460205,0.10552974790334702,5.966845326194576,0.0,0.34311224489795916,-3.943316459952457,21.947050094604492,0.1861412227153778,0.2512755102040816,0.8435149788856506,0.762527346611023,3.676804885379284,0.2512755102040816,False,45.272499020184256,0.4465303608125006,0.34502254423302814,0.6472500510965714,3.1769266091758426,0.11951075072886297,0.024732787162065506,0.003903995966538787,0.26623818278312683
Batik_Lasem,motifs (isen-isen)/Gunung Ringgit/28x28_images/GunungRinggit_00024.jpg,28x28_images,GunungRinggit_00024.jpg,28x28_images,Gunung Ringgit,Gunung Ringgit Bouquet.jpg,crop,Gunung Ringgit,/projects/sandbox/drive_data/Datasets/Batik_Lasem/motifs (isen-isen)/Gunung Ringgit/28x28_images/GunungRinggit_00024.jpg,.jpg,18832,False,JPEG,RGB,28,28,784,1.0,3,4,0f4a799c25ba08a9e4d2c2a5fd91c382,329cc89d42e27fcfe7f098f2a7bc88bd59b19a9945f98953f2a6ac1c0daee86b,e783193484c5f7ff,0e47336d550d8c08,f62da172d6823873,215.72576904296875,208.40943908691406,209.75128173828125,54.53173065185547,61.98466491699219,61.63640594482422,211.2954864501953,59.56843566894531,0.23604829609394073,0.341498464345932,0.3472500145435333,0.09527477622032166,0.8583483099937439,83.60657501220703,3.1605348587036133,0.3673662543296814,5.773357825372522,0.0,0.3737244897959184,-3.11153986869165,20.537628173828125,0.17430317401885986,0.23214285714285715,0.8598260283470154,0.783220648765564,3.674868135164841,0.23214285714285715,False,41.84575249853031,0.48686243882565056,0.38869495903499135,0.6227570740007864,3.209358142135307,0.11541415035401917,0.022985238581895828,0.0006932929391041398,0.28286510705947876
Batik_Lasem,motifs (isen-isen)/Gunung Ringgit/28x28_images/GunungRinggit_00025.jpg,28x28_images,GunungRinggit_00025.jpg,28x28_images,Gunung Ringgit,Gunung Ringgit Bouquet.jpg,crop,Gunung Ringgit,/projects/sandbox/drive_data/Datasets/Batik_Lasem/motifs (isen-isen)/Gunung Ringgit/28x28_images/GunungRinggit_00025.jpg,.jpg,19052,False,JPEG,RGB,28,28,784,1.0,3,4,a93c13140381f1fa04faa0f1dc4096ce,d58eb10647630a9215218395825b7c113460a2717f87b0ab5358c1dd6cb7309c,ed88801f312301ff,a91459b52b6b2f59,af50f06f80a2c36f,209.50128173828125,200.1466827392578,206.55740356445312,51.74683380126953,59.22595977783203,56.215232849121094,205.4017791748047,55.9504508972168,0.22376281023025513,0.4414948523044586,0.3436974585056305,0.12157074362039566,0.8477941155433655,81.05070495605469,4.971704483032227,-2.0278074741363525,6.405369443026356,0.0,0.23596938775510204,-2.5966171108018967,27.140527725219727,0.19432368874549866,0.288265306122449,0.7708812952041626,0.7692111134529114,3.9382852830465933,0.288265306122449,False,48.06945669214191,0.3577453660974151,0.24242150898454606,0.5116812526225413,3.1968818138995334,0.11734368492294878,0.025995692238211632,0.0023100534453988075,0.29423031210899353
Batik_Lasem,motifs (isen-isen)/Gunung Ringgit/28x28_images/GunungRinggit_00026.jpg,28x28_images,GunungRinggit_00026.jpg,28x28_images,Gunung Ringgit,Gunung Ringgit Bouquet.jpg,crop,Gunung Ringgit,/projects/sandbox/drive_data/Datasets/Batik_Lasem/motifs (isen-isen)/Gunung Ringgit/28x28_images/GunungRinggit_00026.jpg,.jpg,12695,False,JPEG,RGB,28,28,784,1.0,3,4,f60fbb91d33c44a6b19bf8889bd53d56,d7adf93a2d2276ca3db57609b8a5d450e3c3c155b33225818883c4f0a7f52c86,c3031921a163c79f,17d7b3694fef2f3b,ae499926dbf0c499,210.1543426513672,205.35203552246094,208.9706573486328,51.63868713378906,55.59888458251953,52.19623565673828,208.1590118408203,53.212642669677734,0.21274936199188232,0.42494964599609375,0.3237142860889435,0.0940609723329544,0.8488395810127258,82.50228881835938,2.688717842102051,-1.2778774499893188,6.415324377587346,0.0,0.25510204081632654,-3.465128174938089,21.357406616210938,0.20397843420505524,0.29464285714285715,0.8253864049911499,0.804351806640625,3.9363782119761748,0.29464285714285715,False,44.30335097001764,0.34913963694678807,0.2322655232437419,0.5082442462418548,3.2318858369327503,0.11271670658059144,0.02406255528330803,0.0025872397236526012,0.3416498005390167
Batik_Lasem,motifs (isen-isen)/Gunung Ringgit/28x28_images/GunungRinggit_00027.jpg,28x28_images,GunungRinggit_00027.jpg,28x28_images,Gunung Ringgit,Gunung Ringgit Bouquet.jpg,crop,Gunung Ringgit,/projects/sandbox/drive_data/Datasets/Batik_Lasem/motifs (isen-isen)/Gunung Ringgit/28x28_images/GunungRinggit_00027.jpg,.jpg,18784,False,JPEG,RGB,28,28,784,1.0,3,4,6aba430aa741abe3ec2e4fec05d70ea0,4398d4db74d4330dbc32891e210e5efa97f16c6c0700d777d36d391f33f446e7,cfc3808021c3f7ff,161731684f860607,ee59a0a5dbd611a2,196.636474609375,192.13265991210938,194.65306091308594,62.766666412353516,67.59371948242188,62.06649398803711,194.47406005859375,64.2157974243164,0.25887131690979004,0.39015698432922363,0.34346434473991394,0.09740712493658066,0.7874850034713745,77.34239196777344,2.5077507495880127,-0.8989586234092712,6.302167102686529,0.0,0.31505102040816324,-3.6217392647360396,18.75704002380371,0.1569800227880478,0.22448979591836735,0.8245203495025635,0.7890784740447998,3.7275157228316464,0.22448979591836735,False,37.12317509308256,0.4399851754088937,0.3134410005782659,0.7178487971334736,3.1724810403313013,0.12060404518950438,0.02166772447526455,0.003674664068967104,0.2776918411254883
Batik_Lasem,motifs (isen-isen)/Gunung Ringgit/28x28_images/GunungRinggit_00028.jpg,28x28_images,GunungRinggit_00028.jpg,28x28_images,Gunung Ringgit,Gunung Ringgit Bouquet.jpg,crop,Gunung Ringgit,/projects/sandbox/drive_data/Datasets/Batik_Lasem/motifs (isen-isen)/Gunung Ringgit/28x28_images/GunungRinggit_00028.jpg,.jpg,18813,False,JPEG,RGB,28,28,784,1.0,3,4,5b3724422a4e390b445eda58a849c072,9a89091d8f14562efa5515798c8056efcaa7f278331b7b1e9f6b0c19ba9ba51b,f7c180050303fbff,8f311129cf67e203,aa7ad02592c435f7,198.10459899902344,194.94642639160156,197.2538299560547,63.09942626953125,66.56421661376953,60.46379470825195,196.76828002929688,63.43906021118164,0.25583165884017944,0.3545878231525421,0.3243860900402069,0.09146034717559814,0.7977791428565979,78.27387237548828,1.9421935081481934,-0.9897648692131042,6.244538567680477,0.0,0.3125,-3.268434127968575,17.9605712890625,0.17249570786952972,0.23979591836734693,0.8004051446914673,0.7622053027153015,3.7088351103870627,0.23979591836734693,False,42.97674162257502,0.42941064443841465,0.32512426386103344,0.6674356654015413,3.1865709093228345,0.11898037276134944,0.02318732999265194,0.0006914741825312376,0.2802567183971405
Batik_Lasem,motifs (isen-isen)/Gunung Ringgit/28x28_images/GunungRinggit_00029.jpg,28x28_images,GunungRinggit_00029.jpg,28x28_images,Gunung Ringgit,Gunung Ringgit Bouquet.jpg,crop,Gunung Ringgit,/projects/sandbox/drive_data/Datasets/Batik_Lasem/motifs (isen-isen)/Gunung Ringgit/28x28_images/GunungRinggit_00029.jpg,.jpg,12358,False,JPEG,RGB,28,28,784,1.0,3,4,7f635a0ed2719c5089987fcd5d03e6a2,9872f9129b5d49d4fd9d59a27c100fc59f38aa3d0293686cb77c13ea00b11270,e7e18009138393fb,870b4511a7272763,ee73e5a4903dd444,177.21046447753906,171.4272918701172,171.64413452148438,69.59544372558594,74.12982940673828,72.1781005859375,173.4272918701172,72.04148864746094,0.2859349846839905,0.38207727670669556,0.36150670051574707,0.11848893761634827,0.7061124444007874,69.45075988769531,2.548835277557373,0.5956192016601562,6.844532155822267,0.0,0.2385204081632653,-3.0667732103283507,17.083677291870117,0.1696203649044037,0.2614795918367347,0.751585841178894,0.7471330165863037,3.9505455456394207,0.2614795918367347,False,45.394241132667105,0.36576030808915144,0.2120647050496806,0.7137314421193158,3.2060850882604375,0.11635776759683467,0.022244872525334358,0.001312815467827022,0.28495943546295166
Batik_Lasem,motifs (isen-isen)/Gunung Ringgit/28x28_images/GunungRinggit_00030.jpg,28x28_images,GunungRinggit_00030.jpg,28x28_images,Gunung Ringgit,Gunung Ringgit Bouquet.jpg,crop,Gunung Ringgit,/projects/sandbox/drive_data/Datasets/Batik_Lasem/motifs (isen-isen)/Gunung Ringgit/28x28_images/GunungRinggit_00030.jpg,.jpg,12195,False,JPEG,RGB,28,28,784,1.0,3,4,c34c73344c0344c044e247cc6a99f231,72c90c2b5ac05ae8e4b796f86b4fbee671ab926ddbccda7a8f46851858b48e6b,f8809b118191dfdf,931373272b233338,e843d169e29595b6,216.31504821777344,212.3903045654297,216.7908172607422,51.74349594116211,56.03495788574219,51.81370544433594,215.16539001464844,53.271728515625,0.21419143676757812,0.400623083114624,0.33649858832359314,0.07634912431240082,0.8709483742713928,84.95404052734375,2.476775884628296,-1.765561819076538,5.948608777709276,0.0,0.34183673469387754,-2.8711842820138522,18.98383903503418,0.14897440373897552,0.22066326530612246,0.8051199316978455,0.7985542416572571,3.694223563929616,0.22066326530612246,False,35.67167597491673,0.4494794689533188,0.32924950199228625,0.6064733368526731,3.1900597020300707,0.11911378071636819,0.021000539883971214,0.0011197933927178383,0.3081459403038025
Batik_Lasem,motifs (isen-isen)/Gunung Ringgit/28x28_images/GunungRinggit_00031.jpg,28x28_images,GunungRinggit_00031.jpg,28x28_images,Gunung Ringgit,Gunung Ringgit Bouquet.jpg,crop,Gunung Ringgit,/projects/sandbox/drive_data/Datasets/Batik_Lasem/motifs (isen-isen)/Gunung Ringgit/28x28_images/GunungRinggit_00031.jpg,.jpg,18582,False,JPEG,RGB,28,28,784,1.0,3,4,612300b6de39cdf3397b4354c76d3a84,886d286500f0bcc3b667d7df91d7844761f47d9593f3986444a4b6147f118d52,f781081d23a33b3f,2d2d5825ab8fe243,af7eda6082d0f305,217.86734008789062,210.81887817382812,213.59310913085938,47.38291549682617,53.44227981567383,48.83603286743164,214.09310913085938,50.03795623779297,0.2022184133529663,0.39647549390792847,0.3445855379104614,0.0910213440656662,0.8715186715126038,84.6903305053711,3.2906486988067627,-0.5720929503440857,6.071463984226343,0.0,0.3010204081632653,-2.9663528555467584,21.64443016052246,0.1607746183872223,0.274234693877551,0.810910701751709,0.7960938215255737,3.874218407243685,0.274234693877551,False,36.8574612972761,0.4229642411373749,0.31021141959359855,0.5427726052907249,3.2234506006067165,0.11357572365680967,0.021114761009812355,0.001040453091263771,0.3126775324344635
Batik_Lasem,motifs (isen-isen)/Gunung Ringgit/28x28_images/GunungRinggit_00032.jpg,28x28_images,GunungRinggit_00032.jpg,28x28_images,Gunung Ringgit,Gunung Ringgit Bouquet.jpg,crop,Gunung Ringgit,/projects/sandbox/drive_data/Datasets/Batik_Lasem/motifs (isen-isen)/Gunung Ringgit/28x28_images/GunungRinggit_00032.jpg,.jpg,12379,False,JPEG,RGB,28,28,784,1.0,3,4,d039482c7d67cda8c0d53cf78a0979a7,82f05bc7ce86b9e9284e8c5aacbfd49f66566f3980f4992de587ef8019b4b6be,e3c8805f1303133f,87315db5a32b2773,ae72e76c81a4a36c,215.89540100097656,207.5956573486328,214.90689086914062,49.4786262512207,55.98843765258789,48.33408737182617,212.79931640625,51.51093292236328,0.21082082390785217,0.4773778021335602,0.34458595514297485,0.10117382556200027,0.8703681826591492,83.73065185546875,4.624279499053955,-2.741865873336792,6.100648757252698,0.0,0.2895408163265306,-3.1138208804161227,24.131654739379883,0.20893941819667816,0.26913265306122447,0.7887293100357056,0.7863131761550903,3.910515914867891,0.26913265306122447,False,44.25482559278858,0.4213818435297555,0.31252667610712254,0.4895244000434264,3.19289247792903,0.11818643273635987,0.02326609194278717,0.0021191700361669064,0.34820324182510376
Batik_Lasem,motifs (isen-isen)/Gunung Ringgit/28x28_images/GunungRinggit_00033.jpg,28x28_images,GunungRinggit_00033.jpg,28x28_images,Gunung Ringgit,Gunung Ringgit Bouquet.jpg,crop,Gunung Ringgit,/projects/sandbox/drive_data/Datasets/Batik_Lasem/motifs (isen-isen)/Gunung Ringgit/28x28_images/GunungRinggit_00033.jpg,.jpg,18694,False,JPEG,RGB,28,28,784,1.0,3,4,02cb964ab9cea29da83f4e2d3e886ebd,7666d21d2af80d5399ac7fb9650e5282b3286c542f9abd2ae37d2b235caaa5ed,e381081d23a323bf,8f1b59bb47564666,af7af4a58832d107,207.9119873046875,197.73086547851562,200.07908630371094,50.966712951660156,59.42951965332031,57.3763427734375,201.90731811523438,56.20901107788086,0.22406253218650818,0.4302220344543457,0.35012200474739075,0.12482896447181702,0.8348039388656616,80.14716339111328,4.572879314422607,0.15125741064548492,6.384620240243178,0.0,0.2627551020408163,-2.3318054038835765,27.8209228515625,0.15694975852966309,0.2614795918367347,0.8078752160072327,0.7478573322296143,3.824769839356363,0.2614795918367347,False,37.90988144228885,0.38957591955154786,0.26888099310846286,0.6118605303026013,3.2397002112967375,0.11100843398583923,0.022541450336575508,0.0020070711616426706,0.27554747462272644
Batik_Lasem,motifs (isen-isen)/Gunung Ringgit/28x28_images/GunungRinggit_00034.jpg,28x28_images,GunungRinggit_00034.jpg,28x28_images,Gunung Ringgit,Gunung Ringgit Bouquet.jpg,crop,Gunung Ringgit,/projects/sandbox/drive_data/Datasets/Batik_Lasem/motifs (isen-isen)/Gunung Ringgit/28x28_images/GunungRinggit_00034.jpg,.jpg,12123,False,JPEG,RGB,28,28,784,1.0,3,4,2771f9a9ce6a975324b821365358c976,e063f1554148a842c56d5f787d4e69d75db3d85db1010fa9c48295460026080d,f0c0811f21f19fbf,871657b36b237578,ee70d06e8e98aa8b,218.93240356445312,212.3596954345703,210.34693908691406,47.23026657104492,54.297725677490234,55.71371078491211,213.8796844482422,52.67282485961914,0.2067469209432602,0.3049202859401703,0.34523534774780273,0.08023055642843246,0.8649910092353821,85.0398178100586,2.2050986289978027,1.9425323009490967,5.883639049301027,0.0,0.3405612244897959,-3.745499553868044,19.548646926879883,0.11247235536575317,0.26403061224489793,0.7904354333877563,0.7976182699203491,3.8732033842975753,0.26403061224489793,False,31.90568048206938,0.44857436464653266,0.32917623503901894,0.622804122246723,3.1741632688266024,0.12143703144523116,0.020250627771019936,0.0012823294382542372,0.2502245306968689
Batik_Lasem,motifs (isen-isen)/Gunung Ringgit/28x28_images/GunungRinggit_00035.jpg,28x28_images,GunungRinggit_00035.jpg,28x28_images,Gunung Ringgit,Gunung Ringgit Bouquet.jpg,crop,Gunung Ringgit,/projects/sandbox/drive_data/Datasets/Batik_Lasem/motifs (isen-isen)/Gunung Ringgit/28x28_images/GunungRinggit_00035.jpg,.jpg,18661,False,JPEG,RGB,28,28,784,1.0,3,4,f3edcec64b0eb244a909e08ad2756e23,f3932bc7f59d51dcf630efa4181cd7853ad92d3c9cc7946c071695c9849d855c,cbc0819d1f2323ff,8b2d5331a666a673,ae7be1a4982b6784,215.77040100097656,208.31504821777344,211.29209899902344,51.77138137817383,58.25735855102539,54.20240020751953,211.79251098632812,54.89463806152344,0.22094221413135529,0.38553938269615173,0.34985384345054626,0.09382464736700058,0.8627650737762451,83.73451232910156,3.5184643268585205,-0.5976510643959045,6.002982201879017,0.0,0.29846938775510207,-3.0184294499095747,22.036317825317383,0.1794046312570572,0.25637755102040816,0.7852346897125244,0.8000277876853943,3.7623326346473807,0.25637755102040816,False,41.95620223398002,0.4416109399177261,0.32758963310465694,0.5637434207348834,3.1700650672300936,0.12029167534360682,0.02337479405105114,0.002167152240872383,0.3013033866882324
Batik_Lasem,motifs (isen-isen)/Gunung Ringgit/28x28_images/GunungRinggit_00036.jpg,28x28_images,GunungRinggit_00036.jpg,28x28_images,Gunung Ringgit,Gunung Ringgit Bouquet.jpg,crop,Gunung Ringgit,/projects/sandbox/drive_data/Datasets/Batik_Lasem/motifs (isen-isen)/Gunung Ringgit/28x28_images/GunungRinggit_00036.jpg,.jpg,18720,False,JPEG,RGB,28,28,784,1.0,3,4,fd437dd4f634c6b588d990781a9af016,46a548753c736a0094b964b5d16e7ead9938d217596eece34c829a9a4e336339,e3d8800f1319b197,97105c9da7ab2327,aef1e469b0232f64,211.0727081298828,202.3890380859375,211.01785278320312,51.15147399902344,57.68927001953125,48.39674377441406,208.1598663330078,52.71535110473633,0.216840460896492,0.4791877865791321,0.3335082530975342,0.1142418161034584,0.8576130867004395,81.90503692626953,5.110602378845215,-3.412621259689331,6.3791200341238,0.0,0.24489795918367346,-2.8264466258417125,26.510374069213867,0.23791001737117767,0.2755102040816326,0.7738850116729736,0.762799859046936,3.8992664211988948,0.2755102040816326,False,48.97186703899667,0.36862339687237644,0.245256274477748,0.4629764536369825,3.1631182906958037,0.12162900874635568,0.02393116056919098,0.004752227105200291,0.38149383664131165
Batik_Lasem,motifs (isen-isen)/Gunung Ringgit/28x28_images/GunungRinggit_00037.jpg,28x28_images,GunungRinggit_00037.jpg,28x28_images,Gunung Ringgit,Gunung Ringgit Bouquet.jpg,crop,Gunung Ringgit,/projects/sandbox/drive_data/Datasets/Batik_Lasem/motifs (isen-isen)/Gunung Ringgit/28x28_images/GunungRinggit_00037.jpg,.jpg,18684,False,JPEG,RGB,28,28,784,1.0,3,4,350336163cc326709eb4090d25ac9c54,baa9ddf64808c9c3998e58e60ea727b67378c749e0d6d580fdf0632d22095ee2,ff98211f01a393ff,2a3159b7236f2637,af5bd065c084f30f,213.16964721679688,208.17091369628906,211.2028045654297,51.26079177856445,55.23420715332031,52.40947723388672,210.84779357910156,53.03433609008789,0.21189463138580322,0.4511306881904602,0.34733647108078003,0.0713919997215271,0.8504501581192017,83.4917984008789,2.5036826133728027,-0.9359157085418701,6.184523539657714,0.0,0.2997448979591837,-3.035333368268226,16.3242130279541,0.2168659120798111,0.26403061224489793,0.8132484555244446,0.7962043881416321,3.8451558732261795,0.26403061224489793,False,40.99644816774449,0.39477982760600755,0.27681048630343774,0.5409218528928956,3.202736153897332,0.11691743023740109,0.020757174119353294,0.003075494198128581,0.3506501317024231
Batik_Lasem,motifs (isen-isen)/Gunung Ringgit/28x28_images/GunungRinggit_00038.jpg,28x28_images,GunungRinggit_00038.jpg,28x28_images,Gunung Ringgit,Gunung Ringgit Bouquet.jpg,crop,Gunung Ringgit,/projects/sandbox/drive_data/Datasets/Batik_Lasem/motifs (isen-isen)/Gunung Ringgit/28x28_images/GunungRinggit_00038.jpg,.jpg,18569,False,JPEG,RGB,28,28,784,1.0,3,4,19d72b61cc456e7f4a4cd32cad8c3797,7472cac7a928989f0fc1000679612914a10e1b3fda19a5e7a6b5ce9158c4fc51,f0c09f9fd111ddff,81193b3725a53138,ea71d36aa59196a4,214.9783172607422,211.64540100097656,214.10459899902344,52.973140716552734,57.141578674316406,53.8435173034668,213.57611083984375,54.7004280090332,0.2188657820224762,0.39793798327445984,0.317988783121109,0.0798838883638382,0.8637304306030273,84.56987762451172,1.9172531366348267,-0.8568482398986816,5.975013817098733,0.0,0.3201530612244898,-2.717411591769476,18.75619888305664,0.1584092378616333,0.25892857142857145,0.7714200019836426,0.7844181060791016,3.870723274583959,0.25892857142857145,False,38.279614932392725,0.433187934895062,0.3122591626564408,0.6009823577204303,3.200219975151427,0.11837841003748437,0.021825838834047318,0.000717300339601934,0.3075293302536011
Batik_Lasem,motifs (isen-isen)/Gunung Ringgit/28x28_images/GunungRinggit_00039.jpg,28x28_images,GunungRinggit_00039.jpg,28x28_images,Gunung Ringgit,Gunung Ringgit Bouquet.jpg,crop,Gunung Ringgit,/projects/sandbox/drive_data/Datasets/Batik_Lasem/motifs (isen-isen)/Gunung Ringgit/28x28_images/GunungRinggit_00039.jpg,.jpg,18609,False,JPEG,RGB,28,28,784,1.0,3,4,3ee29e42dcb7a88f485db4afe67f01fe,bfb96761062e65891560ed583f7cb9181a44c674a8654ea4b96e73e265d66d83,f3d8a41f1131173f,8f114c5167676f78,aff0916ca991a746,206.02296447753906,200.85841369628906,203.46810913085938,57.46992874145508,62.21827697753906,60.02770233154297,203.4498291015625,59.97379684448242,0.23867027461528778,0.39926984906196594,0.3366071879863739,0.09370095282793045,0.8273409008979797,80.70313262939453,2.630998373031616,-0.6805317401885986,6.301559688397762,0.0,0.29591836734693877,-3.3402061918641692,19.692890167236328,0.1845722645521164,0.2461734693877551,0.7235243320465088,0.7485222816467285,3.8506899263746295,0.2461734693877551,False,44.330063198118765,0.3896453548540513,0.27863376301010273,0.6085589320747931,3.233025264465981,0.1129835224906289,0.023973830044269562,0.001048664329573512,0.29606619477272034
Batik_Lasem,motifs (isen-isen)/Gunung Ringgit/28x28_images/GunungRinggit_00040.jpg,28x28_images,GunungRinggit_00040.jpg,28x28_images,Gunung Ringgit,Gunung Ringgit Bouquet.jpg,crop,Gunung Ringgit,/projects/sandbox/drive_data/Datasets/Batik_Lasem/motifs (isen-isen)/Gunung Ringgit/28x28_images/GunungRinggit_00040.jpg,.jpg,18578,False,JPEG,RGB,28,28,784,1.0,3,4,b2a3e5e8bbb667346b6a0f7d9fce9f8b,87e1a23a0d8bbc1f7e419f649d703fa6b09247165bd03b4da4a0def03ff57aee,ebe181190123e3fb,1e0b1533ad2be702,eb7af52498097266,180.0994873046875,174.7142791748047,173.9477081298828,69.87616729736328,73.95352935791016,72.4081802368164,176.2538299560547,72.15083312988281,0.2857087552547455,0.3490888178348541,0.35435524582862854,0.12067479640245438,0.7174620628356934,70.62062072753906,2.208549737930298,1.0445728302001953,6.700013804071039,0.0,0.25510204081632654,-3.400796463990687,17.62352752685547,0.17956307530403137,0.25,0.7819730639457703,0.7728942632675171,3.886563106104763,0.25,False,45.00873260826974,0.3782350675533166,0.24631911086473934,0.7179218915500957,3.2099549109095467,0.11574604331528529,0.02263541705906391,0.002342561027035117,0.2919177711009979
Batik_Lasem,motifs (isen-isen)/Gunung Ringgit/28x28_images/GunungRinggit_00041.jpg,28x28_images,GunungRinggit_00041.jpg,28x28_images,Gunung Ringgit,Gunung Ringgit Bouquet.jpg,crop,Gunung Ringgit,/projects/sandbox/drive_data/Datasets/Batik_Lasem/motifs (isen-isen)/Gunung Ringgit/28x28_images/GunungRinggit_00041.jpg,.jpg,18554,False,JPEG,RGB,28,28,784,1.0,3,4,ffa91262d386afb27fb70f271832d8e0,cd06501709ef7e20c75c4131028133d5cffc0e7343348cf3fc76609adec96a0a,e78080150303fbff,9f3b592dab637303,af72d125828b37c3,199.6875,196.67984008789062,198.5255126953125,62.818519592285156,65.9195556640625,61.02278137207031,198.29762268066406,63.29806900024414,0.2539893090724945,0.36017757654190063,0.32138487696647644,0.08884221315383911,0.8024109601974487,78.88728332519531,1.7741365432739258,-0.7267231941223145,6.201214223876995,0.0,0.3239795918367347,-4.242318537539041,17.142845153808594,0.16263245046138763,0.24872448979591838,0.7868953943252563,0.7903482913970947,3.7686043607308646,0.24872448979591838,False,42.656758279443494,0.43031437909575354,0.3224414301226824,0.6645524348429571,3.1591915680175577,0.12072118388171596,0.023086054250597954,0.002079607453197241,0.25717154145240784
Batik_Lasem,motifs (isen-isen)/Gunung Ringgit/28x28_images/GunungRinggit_00046.jpg,28x28_images,GunungRinggit_00046.jpg,28x28_images,Gunung Ringgit,Gunung Ringgit Peacocks.jpg,crop,Gunung Ringgit,/projects/sandbox/drive_data/Datasets/Batik_Lasem/motifs (isen-isen)/Gunung Ringgit/28x28_images/GunungRinggit_00046.jpg,.jpg,18561,False,JPEG,RGB,28,28,784,1.0,3,4,3af2bc7547be9bcaf2f040b1019d8b0c,3a4db89b0963ac9b58d7fa98846ecb2ea818d51be8662641e7d39c0ddd2957f3,f7c18197a1a1e1fd,87070d35634b29c1,ea34d0678d9a936a,185.1734619140625,186.22576904296875,179.25637817382812,71.30011749267578,68.4586410522461,67.27539825439453,183.55186462402344,69.10017395019531,0.269126832485199,0.2993171513080597,0.25972047448158264,0.14213474094867706,0.7568877935409546,74.42232513427734,-1.2217291593551636,3.3244943618774414,6.772402748741914,0.0,0.22831632653061223,-2.374145782007002,26.422019958496094,0.13143500685691833,0.2576530612244898,0.7850533723831177,0.7790411710739136,3.9338988712859577,0.2576530612244898,False,40.9322334901039,0.35826544404753624,0.23198380443536826,0.7186918957660315,3.1522531481693727,0.12385789775093711,0.02266605943441391,0.001417075633071363,0.19643241167068481
Batik_Lasem,motifs (isen-isen)/Gunung Ringgit/28x28_images/GunungRinggit_00047.jpg,28x28_images,GunungRinggit_00047.jpg,28x28_images,Gunung Ringgit,Gunung Ringgit Peacocks.jpg,crop,Gunung Ringgit,/projects/sandbox/drive_data/Datasets/Batik_Lasem/motifs (isen-isen)/Gunung Ringgit/28x28_images/GunungRinggit_00047.jpg,.jpg,18593,False,JPEG,RGB,28,28,784,1.0,3,4,4bd158058ad2ddc03a45273958423a4e,24a6611bb96ae4bf674096693ad052cadea4f8f50faa54d1044a0a919533bd68,e9d0818783b1a1fb,9b285bbf33674343,efd0c36c9023ed23,196.66964721679688,195.42984008789062,185.363525390625,57.705284118652344,56.823997497558594,58.48891830444336,192.4876708984375,57.898529052734375,0.22218602895736694,0.27608340978622437,0.24050435423851013,0.1293974220752716,0.7950881123542786,78.2411880493164,-0.9917593002319336,5.293298721313477,6.7455088797794005,0.0,0.2066326530612245,-2.5486160910336633,28.09397315979004,0.13135528564453125,0.274234693877551,0.7738027572631836,0.7895511984825134,3.9036168951098182,0.274234693877551,False,37.08453360768176,0.3416141938995455,0.19360918368457922,0.6259155406264698,3.1863576910271347,0.11879490316534777,0.02173914760351181,0.003537125186994672,0.2426234483718872
Batik_Lasem,motifs (isen-isen)/Gunung Ringgit/28x28_images/GunungRinggit_00048.jpg,28x28_images,GunungRinggit_00048.jpg,28x28_images,Gunung Ringgit,Gunung Ringgit Peacocks.jpg,crop,Gunung Ringgit,/projects/sandbox/drive_data/Datasets/Batik_Lasem/motifs (isen-isen)/Gunung Ringgit/28x28_images/GunungRinggit_00048.jpg,.jpg,18634,False,JPEG,RGB,28,28,784,1.0,3,4,f0ec5f9931de54a0767ec859bc3908a1,43aa2d861de01447767d01332bfb7b4576aea27e719eb7abb4c1a29f0a9ee55b,ffc18193a1a121ff,030f1f67634b4b71,ebf4d0638c9b9168,185.27296447753906,186.69515991210938,181.46173095703125,68.54399871826172,64.65274810791016,61.31647491455078,184.4766082763672,64.94257354736328,0.25461864471435547,0.3073413074016571,0.25236353278160095,0.1286924183368683,0.7585083842277527,74.7263412475586,-1.0944900512695312,2.3654701709747314,6.935905866050093,0.0,0.17729591836734693,-2.1772655355865407,23.58625030517578,0.14554771780967712,0.22959183673469388,0.7988700270652771,0.8074036240577698,3.8779253169154058,0.22959183673469388,False,38.27478933960417,0.3229430285980191,0.17470392280242358,0.7064902016478952,3.155827024349002,0.12308998854643899,0.02058001235127449,0.0034713931381702423,0.2646162509918213
Batik_Lasem,motifs (isen-isen)/Gunung Ringgit/28x28_images/GunungRinggit_00049.jpg,28x28_images,GunungRinggit_00049.jpg,28x28_images,Gunung Ringgit,Gunung Ringgit Peacocks.jpg,crop,Gunung Ringgit,/projects/sandbox/drive_data/Datasets/Batik_Lasem/motifs (isen-isen)/Gunung Ringgit/28x28_images/GunungRinggit_00049.jpg,.jpg,18405,False,JPEG,RGB,28,28,784,1.0,3,4,cde07a763e916df47342dfa05dd398cd,ac31286dd3e30b14a6a2dffd86a0125355f0c92b1a9a4f2e1fd40cf0fdeb4318,f7c081830323fbff,0f173b37664fc303,ad78d0678e89336c,202.5153045654297,202.8265380859375,198.96046447753906,63.54184341430664,60.235111236572266,60.26110076904297,201.43409729003906,61.39072036743164,0.2381625473499298,0.24182097613811493,0.24309669435024261,0.08947107940912247,0.8153811693191528,80.82284545898438,-0.6583074331283569,1.89670729637146,6.1729155466755,0.0,0.31760204081632654,-3.8668679746298427,18.555362701416016,0.12994880974292755,0.20535714285714285,0.792016863822937,0.8032809495925903,3.5881667560929116,0.20535714285714285,False,34.34621791103273,0.44354070541052726,0.31789505402568535,0.7024209989416258,3.140326918088277,0.1250618231986672,0.019786380231380463,0.0022546511609107256,0.25435200333595276
Batik_Lasem,motifs (isen-isen)/Gunung Ringgit/all_motifs (864)/GunungRinggit_00043.jpg,all_motifs (864),GunungRinggit_00043.jpg,all_motifs (864),Gunung Ringgit,Gunung Ringgit Peacocks.jpg,crop,Gunung Ringgit,/projects/sandbox/drive_data/Datasets/Batik_Lasem/motifs (isen-isen)/Gunung Ringgit/all_motifs (864)/GunungRinggit_00043.jpg,.jpg,12122,False,JPEG,RGB,28,28,784,1.0,3,4,7fa4d77aee130911793ebc65e069138c,ba078f3ba391c8ab2d371f8d7ec07e537ff941d046ed80b212c79bcd1c939178,c3808183c3e7f7ff,0f071b27160f8707,a47bc265a587b269,207.08546447753906,206.21939086914062,200.58035278320312,60.64701461791992,59.8763427734375,61.252662658691406,204.62840270996094,60.66322326660156,0.2348167449235916,0.26447394490242004,0.2639499008655548,0.09057067334651947,0.8290166258811951,82.12632751464844,-0.49227380752563477,2.9643754959106445,5.924408408301328,0.0,0.3482142857142857,-3.1147004816615764,21.14180564880371,0.1362580955028534,0.21683673469387754,0.851885199546814,0.7669978141784668,3.542390039348512,0.21683673469387754,False,33.70529590436998,0.4726841984717335,0.3663872926344378,0.6974060515108733,3.1644326274874874,0.12123203873386088,0.019504982978105545,0.00367805827409029,0.2539310157299042
Batik_Lasem,motifs (isen-isen)/Gunung Ringgit/all_motifs (864)/GunungRinggit_00001.jpg,all_motifs (864),GunungRinggit_00001.jpg,all_motifs (864),Gunung Ringgit,Gunung Ringgit Bouquet.jpg,crop,Gunung Ringgit,/projects/sandbox/drive_data/Datasets/Batik_Lasem/motifs (isen-isen)/Gunung Ringgit/all_motifs (864)/GunungRinggit_00001.jpg,.jpg,19055,False,JPEG,RGB,28,28,784,1.0,3,4,c1cdd31a5a89e366fb4c00fbbd003e60,602ad9e60af91adc80ae36dc05af438f1996ee8cb73b1e144b236947ae241c58,c399230283e7e7ff,1773cdce170e4c0c,a70ddaf43c62e0a6,199.89923095703125,192.7755126953125,185.48214721679688,65.96142578125,71.732177734375,77.209228515625,192.71896362304688,72.02224731445312,0.27782055735588074,0.1661091297864914,0.2465178668498993,0.11727383732795715,0.7848640084266663,77.35717010498047,1.5438798666000366,4.97073221206665,5.876145162296741,0.0,0.399234693877551,-6.679483009192968,18.087444305419922,0.20687897503376007,0.21301020408163265,0.8866642713546753,0.7716285586357117,3.7229981587549847,0.21301020408163265,False,41.45000489907906,0.4813017042749124,0.3917833025758385,0.7310466099634447,3.1639522344554676,0.12190558621407747,0.019407544285058975,0.0020057542715221643,0.325996458530426
Batik_Lasem,motifs (isen-isen)/Gunung Ringgit/all_motifs (864)/GunungRinggit_00042.jpg,all_motifs (864),GunungRinggit_00042.jpg,all_motifs (864),Gunung Ringgit,Gunung Ringgit Bouquet.jpg,crop,Gunung Ringgit,/projects/sandbox/drive_data/Datasets/Batik_Lasem/motifs (isen-isen)/Gunung Ringgit/all_motifs (864)/GunungRinggit_00042.jpg,.jpg,18585,False,JPEG,RGB,28,28,784,1.0,3,4,e26d5f7978c93083b883fc71bccdb999,2a3bb674a1d7f229b37edb728793aa40185e633289491543a25a7b465f22f3b1,f7c180182103f3ff,16171f296defc607,ee7aa1a4965531e2,193.3456573486328,188.44259643554688,190.60459899902344,62.849082946777344,67.14897155761719,62.25703430175781,190.79762268066406,64.15347290039062,0.2577250003814697,0.4092291295528412,0.35248297452926636,0.10065030306577682,0.7752501964569092,76.01349639892578,2.581192970275879,-0.6549959778785706,6.4795305239465275,0.0,0.28316326530612246,-2.9840436167209075,19.02591323852539,0.17880530655384064,0.2538265306122449,0.8053182363510132,0.7760561108589172,3.842873229185543,0.2538265306122449,False,41.35853909465024,0.40886873535400026,0.27690525788603826,0.6804982126678523,3.215231967472822,0.11531653477717618,0.022272013127803802,0.003918966744095087,0.2988741397857666
Batik_Lasem,motifs (isen-isen)/Gunung Ringgit/all_motifs (864)/GunungRinggit_00002.jpg,all_motifs (864),GunungRinggit_00002.jpg,all_motifs (864),Gunung Ringgit,Gunung Ringgit Bouquet.jpg,crop,Gunung Ringgit,/projects/sandbox/drive_data/Datasets/Batik_Lasem/motifs (isen-isen)/Gunung Ringgit/all_motifs (864)/GunungRinggit_00002.jpg,.jpg,12146,False,JPEG,RGB,28,28,784,1.0,3,4,fa59878781372bd3a5bc068179f15034,fdd75535cd9c8be582c39b738a59315a14eab4732b6ab7cf8a28d4d77f83e296,cf87998d0383f7ff,1f35335917160703,bc1bc43493c35d8d,214.19259643554688,209.14796447753906,207.76658630371094,57.78147506713867,62.855873107910156,62.90863037109375,210.36904907226562,61.29148483276367,0.24184288084506989,0.3232008218765259,0.3436594009399414,0.0822022408246994,0.8472589254379272,83.51739501953125,1.776038646697998,1.3727326393127441,5.828027733061224,0.0,0.36862244897959184,-3.471741968619964,16.14698028564453,0.1636289656162262,0.21556122448979592,0.8246898055076599,0.7962876558303833,3.5961799747700627,0.21556122448979592,False,36.50914902998236,0.49261469877168906,0.36891771550870706,0.6890418148895956,3.1721667078506703,0.12126783111203665,0.019426580518484116,0.00046819073031656444,0.29640501737594604
Batik_Lasem,motifs (isen-isen)/Gunung Ringgit/all_motifs (864)/GunungRinggit_00044.jpg,all_motifs (864),GunungRinggit_00044.jpg,all_motifs (864),Gunung Ringgit,Gunung Ringgit Peacocks.jpg,crop,Gunung Ringgit,/projects/sandbox/drive_data/Datasets/Batik_Lasem/motifs (isen-isen)/Gunung Ringgit/all_motifs (864)/GunungRinggit_00044.jpg,.jpg,18519,False,JPEG,RGB,28,28,784,1.0,3,4,fd2ea85fddc3117c83c4ac121ffd735b,a7e78a94aa62b75a788198b1e65fc3c354f37663454b60e679e696b0c50f55cc,fdc181930121fdff,091f332763436301,af70d243c4ce9993,197.8227081298828,198.93495178222656,195.2767791748047,65.53015899658203,60.57997512817383,57.2444953918457,197.34481811523438,61.232078552246094,0.23894059658050537,0.2597348093986511,0.25780296325683594,0.12460118532180786,0.8122899532318115,79.44217681884766,-0.43054211139678955,1.6149779558181763,6.3377293102907055,0.0,0.28188775510204084,-3.12761486868704,28.582216262817383,0.12928639352321625,0.22193877551020408,0.807205080986023,0.7984235882759094,3.7494809002480016,0.22193877551020408,False,32.711934156378604,0.4058440858637469,0.2814057185853884,0.7161797110307394,3.144426709245979,0.12391321324448147,0.01899164356291294,0.0008868417353369296,0.253406286239624
Batik_Lasem,motifs (isen-isen)/Gunung Ringgit/all_motifs (864)/GunungRinggit_00003.jpg,all_motifs (864),GunungRinggit_00003.jpg,all_motifs (864),Gunung Ringgit,Gunung Ringgit Bouquet.jpg,crop,Gunung Ringgit,/projects/sandbox/drive_data/Datasets/Batik_Lasem/motifs (isen-isen)/Gunung Ringgit/all_motifs (864)/GunungRinggit_00003.jpg,.jpg,18561,False,JPEG,RGB,28,28,784,1.0,3,4,3a8972cb456814c3fdd49cc322525c62,97688f29db2ca79e4ef876896546714f045e355c2d78ab81fbbceacb23c57d7a,cf8d1c050303f7ff,2e1d317d5756c706,bf3af02583c61dc8,207.2461700439453,201.10714721679688,203.0765380859375,60.54661178588867,66.05477905273438,61.800594329833984,203.80995178222656,62.896976470947266,0.25264492630958557,0.33886516094207764,0.34345126152038574,0.09368275851011276,0.8268908262252808,80.75697326660156,2.9047789573669434,-0.32288435101509094,6.024053776198878,0.0,0.35586734693877553,-3.51756622204269,18.9174747467041,0.18680043518543243,0.24362244897959184,0.7868236303329468,0.7845175266265869,3.6159393660523302,0.24362244897959184,False,42.71538800705468,0.4501317526077434,0.34004217888991356,0.6584424081559161,3.2174838754413075,0.11462997188671387,0.022392721846699715,0.0023730893153697252,0.2990925908088684
Batik_Lasem,motifs (isen-isen)/Gunung Ringgit/all_motifs (864)/GunungRinggit_00004.jpg,all_motifs (864),GunungRinggit_00004.jpg,all_motifs (864),Gunung Ringgit,Gunung Ringgit Bouquet.jpg,crop,Gunung Ringgit,/projects/sandbox/drive_data/Datasets/Batik_Lasem/motifs (isen-isen)/Gunung Ringgit/all_motifs (864)/GunungRinggit_00004.jpg,.jpg,18630,False,JPEG,RGB,28,28,784,1.0,3,4,6aa86e2830a721a26ab8d5bfd82225f9,5d137c8ad3e290edf4cac9e2ae964f64708ba46f1801f3014b5d28a64513c34f,c783881c2323f7ff,165b31294d4f4605,af78f02792dc7860,216.09439086914062,209.88392639160156,213.03826904296875,52.921424865722656,58.00717544555664,52.299407958984375,213.00552368164062,54.52835464477539,0.22067777812480927,0.40145331621170044,0.3518299460411072,0.09164973348379135,0.8648960590362549,84.19081115722656,3.122591018676758,-0.9426536560058594,5.978363668321446,0.0,0.32653061224489793,-3.5095603695721067,21.58612060546875,0.24527588486671448,0.25892857142857145,0.8291680812835693,0.7875174283981323,3.826436620940496,0.25892857142857145,False,49.06178963354891,0.4300170492747074,0.31716876449712184,0.4935352279712285,3.17099223511972,0.1218990785089546,0.025327526032924652,0.0024517166893929243,0.33630257844924927
Batik_Lasem,motifs (isen-isen)/Gunung Ringgit/all_motifs (864)/GunungRinggit_00005.jpg,all_motifs (864),GunungRinggit_00005.jpg,all_motifs (864),Gunung Ringgit,Gunung Ringgit Bouquet.jpg,crop,Gunung Ringgit,/projects/sandbox/drive_data/Datasets/Batik_Lasem/motifs (isen-isen)/Gunung Ringgit/all_motifs (864)/GunungRinggit_00005.jpg,.jpg,18684,False,JPEG,RGB,28,28,784,1.0,3,4,e183883f6e848aa35d68f07707b7388b,fd638b4df8980d32e4f096fc620edbe2a8cfe27a48982f2121a31bae70149f33,fc808c111191ffef,09695da12b273518,ee5ff16ca080a197,208.78189086914062,201.56504821777344,209.04464721679688,54.200584411621094,59.47693634033203,51.620025634765625,206.4638671875,55.304813385009766,0.22560931742191315,0.46742475032806396,0.3403792679309845,0.10568135231733322,0.8461735248565674,81.38467407226562,4.369084358215332,-3.02089262008667,6.333276478307667,0.0,0.27040816326530615,-3.2308514890079283,23.7319278717041,0.19086839258670807,0.2780612244897959,0.7893162965774536,0.7918275594711304,3.85226303860249,0.2780612244897959,False,45.365801979227925,0.3778268466216805,0.26482034921620645,0.5450335095194596,3.212102468773381,0.11490980320699709,0.02519148215651512,0.003969503566622734,0.3152727484703064
Batik_Lasem,motifs (isen-isen)/Gunung Ringgit/all_motifs (864)/GunungRinggit_00006.jpg,all_motifs (864),GunungRinggit_00006.jpg,all_motifs (864),Gunung Ringgit,Gunung Ringgit Bouquet.jpg,crop,Gunung Ringgit,/projects/sandbox/drive_data/Datasets/Batik_Lasem/motifs (isen-isen)/Gunung Ringgit/all_motifs (864)/GunungRinggit_00006.jpg,.jpg,18539,False,JPEG,RGB,28,28,784,1.0,3,4,bbf6173dea81adf145f551e9252ca1b5,87523fed6bd86b8f16f075e0006482149ce74b7bde21b07040a3dd23add1c59b,c1829837a3a3bbff,371e31654b4f5363,af7ad8218ec8f059,219.3890380859375,212.92984008789062,216.42984008789062,46.63774871826172,51.779056549072266,46.25291061401367,216.24957275390625,48.36111068725586,0.19618754088878632,0.4024724066257477,0.34919461607933044,0.08681131899356842,0.8780262470245361,85.44170379638672,3.183042049407959,-1.0504039525985718,6.0224604428392885,0.0,0.30612244897959184,-3.3371617092262906,21.147642135620117,0.1690414994955063,0.2614795918367347,0.8272888660430908,0.7971543073654175,3.7656437625381054,0.2614795918367347,False,36.75202087007642,0.4229145598564538,0.30184169088256524,0.5148646600001987,3.213498799408822,0.11528725010412329,0.021807627752423286,0.0021330593153834343,0.3309566378593445
Batik_Lasem,motifs (isen-isen)/Gunung Ringgit/all_motifs (864)/GunungRinggit_00007.jpg,all_motifs (864),GunungRinggit_00007.jpg,all_motifs (864),Gunung Ringgit,Gunung Ringgit Bouquet.jpg,crop,Gunung Ringgit,/projects/sandbox/drive_data/Datasets/Batik_Lasem/motifs (isen-isen)/Gunung Ringgit/all_motifs (864)/GunungRinggit_00007.jpg,.jpg,18497,False,JPEG,RGB,28,28,784,1.0,3,4,c35f1e8b6f890a95dac5d4c58dca2f56,a4cf3106cbf5e32330d52b96e09afa56e755040ad549fb57fda96083ec36f07c,c783070707c3fbff,1e1f356d6d07c702,be3ad96492cc7898,200.17474365234375,194.15943908691406,196.71046447753906,65.5940933227539,70.9884033203125,65.84142303466797,197.01487731933594,67.5654296875,0.27191436290740967,0.402826189994812,0.35975784063339233,0.09928560256958008,0.79767906665802,78.10283660888672,3.0272703170776367,-0.7138765454292297,6.082373472109918,0.0,0.35459183673469385,-3.1115716447260997,18.44236183166504,0.1592155247926712,0.20790816326530612,0.7796499133110046,0.7639748454093933,3.646925895244528,0.20790816326530612,False,38.722173231432514,0.46656726960347106,0.3578373187221007,0.7351360851202811,3.182339267732499,0.1203990524781341,0.022482700645923615,0.003238304518163204,0.2543426752090454
Batik_Lasem,motifs (isen-isen)/Gunung Ringgit/all_motifs (864)/GunungRinggit_00008.jpg,all_motifs (864),GunungRinggit_00008.jpg,all_motifs (864),Gunung Ringgit,Gunung Ringgit Bouquet.jpg,crop,Gunung Ringgit,/projects/sandbox/drive_data/Datasets/Batik_Lasem/motifs (isen-isen)/Gunung Ringgit/all_motifs (864)/GunungRinggit_00008.jpg,.jpg,12259,False,JPEG,RGB,28,28,784,1.0,3,4,0e01f5a5766ac01f2ff5dce1e6c891c6,d7f3aaeb67e73deadda186669f8d939b141b52016b8093132b2134156192a0b7,c3c1100401e3fbff,170b316d4f078203,ee3ab1e5069cdc18,191.051025390625,184.6517791748047,182.9515380859375,70.87537384033203,76.13079833984375,76.56658172607422,186.21810913085938,74.6506118774414,0.2938136160373688,0.311777263879776,0.3468506634235382,0.13215433061122894,0.7576530575752258,74.30823516845703,2.411160469055176,1.7656205892562866,6.38738822619479,0.0,0.29464285714285715,-4.058439420529108,18.940855026245117,0.21500779688358307,0.22448979591836735,0.825924277305603,0.7243341207504272,3.687301100158794,0.22448979591836735,False,50.38296100333145,0.42316971609301063,0.30960480432039206,0.7078233372385929,3.2293120724980726,0.11217982090795502,0.023354601114988327,0.003426988609135151,0.29529985785484314
Batik_Lasem,motifs (isen-isen)/Gunung Ringgit/all_motifs (864)/GunungRinggit_00009.jpg,all_motifs (864),GunungRinggit_00009.jpg,all_motifs (864),Gunung Ringgit,Gunung Ringgit Bouquet.jpg,crop,Gunung Ringgit,/projects/sandbox/drive_data/Datasets/Batik_Lasem/motifs (isen-isen)/Gunung Ringgit/all_motifs (864)/GunungRinggit_00009.jpg,.jpg,18511,False,JPEG,RGB,28,28,784,1.0,3,4,92de9c4e5dcdfc6ac1df5e52b43d166b,a326e7c12ca98294427005b7f42ce4e9c12404799e5225e2c4f00ea0effa1bce,c78d8c050323ffff,2f1d314d53460602,bf3ad02523c6c719,209.2206573486328,203.88137817382812,204.99362182617188,59.2428092956543,64.22413635253906,61.3653678894043,206.03189086914062,61.687461853027344,0.24627859890460968,0.35239604115486145,0.3412213921546936,0.08980128169059753,0.8342536687850952,81.71556091308594,2.4197592735290527,0.036694448441267014,5.957355951270851,0.0,0.3622448979591837,-3.082463231260444,18.579378128051758,0.16125337779521942,0.2423469387755102,0.8115938901901245,0.7798826694488525,3.588962796162802,0.2423469387755102,False,39.09589947089948,0.46642913748480364,0.360755243908219,0.6754360933532424,3.1850823035052507,0.11839793315285298,0.02158740535378456,0.003213767660781741,0.271214097738266
Batik_Lasem,motifs (isen-isen)/Gunung Ringgit/all_motifs (864)/GunungRinggit_00010.jpg,all_motifs (864),GunungRinggit_00010.jpg,all_motifs (864),Gunung Ringgit,Gunung Ringgit Bouquet.jpg,crop,Gunung Ringgit,/projects/sandbox/drive_data/Datasets/Batik_Lasem/motifs (isen-isen)/Gunung Ringgit/all_motifs (864)/GunungRinggit_00010.jpg,.jpg,18645,False,JPEG,RGB,28,28,784,1.0,3,4,9daff2d44981970253ca8511422421b3,9e9d896062f456ab128ab6da7115ce1591a06cc335e14ec081487a2e587e1631,c38303070303bbff,070f15a526266603,ac72d92d96897865,195.02296447753906,187.9961700439453,186.33163452148438,68.03868103027344,73.20758819580078,73.08821868896484,189.78358459472656,71.58458709716797,0.28215768933296204,0.32979148626327515,0.3531773090362549,0.12389366328716278,0.7747148871421814,75.70624542236328,2.643892765045166,1.7914743423461914,6.42139843792872,0.0,0.3112244897959184,-3.6505977634841473,20.442462921142578,0.22154103219509125,0.2461734693877551,0.7541738748550415,0.7655503749847412,3.726251230866289,0.2461734693877551,False,52.89416764648256,0.4198968037610872,0.3109459711207866,0.6664327687085179,3.194125366193775,0.11688163785922531,0.026518313214182854,0.006098436191678047,0.2876826822757721
Batik_Lasem,motifs (isen-isen)/Gunung Ringgit/all_motifs (864)/GunungRinggit_00011.jpg,all_motifs (864),GunungRinggit_00011.jpg,all_motifs (864),Gunung Ringgit,Gunung Ringgit Bouquet.jpg,crop,Gunung Ringgit,/projects/sandbox/drive_data/Datasets/Batik_Lasem/motifs (isen-isen)/Gunung Ringgit/all_motifs (864)/GunungRinggit_00011.jpg,.jpg,12233,False,JPEG,RGB,28,28,784,1.0,3,4,50d4d834ea9290ee20482a6591ba70a5,07575972820e637cbef372c6aba475fa39a70a0a37c9635796216c4d7515d555,f3d0a05d31213fff,8b1145b5e36bed00,ea78f127a09127ce,206.4528045654297,201.56759643554688,206.20025634765625,57.72610855102539,62.74989318847656,58.64187240600586,204.74021911621094,59.78810501098633,0.23983493447303772,0.3775516748428345,0.3375299572944641,0.09570793062448502,0.8347138166427612,81.00447845458984,2.991367816925049,-1.7840005159378052,6.161465330234763,0.0,0.33035714285714285,-3.4099338116631674,21.67967987060547,0.17071592807769775,0.26403061224489793,0.7703684568405151,0.7584370374679565,3.86706602654593,0.26403061224489793,False,42.31034440525184,0.4112245595640018,0.297187209970964,0.6262197188378548,3.1985926965692677,0.11694346105789255,0.023597538471221924,0.0021720437798649073,0.26770082116127014
Batik_Lasem,motifs (isen-isen)/Gunung Ringgit/all_motifs (864)/GunungRinggit_00012.jpg,all_motifs (864),GunungRinggit_00012.jpg,all_motifs (864),Gunung Ringgit,Gunung Ringgit Bouquet.jpg,crop,Gunung Ringgit,/projects/sandbox/drive_data/Datasets/Batik_Lasem/motifs (isen-isen)/Gunung Ringgit/all_motifs (864)/GunungRinggit_00012.jpg,.jpg,18865,False,JPEG,RGB,28,28,784,1.0,3,4,b914adcec5534525d8d3bde111064e8c,cda156a4155d8e0a50551963f4c587c313f2c500b586692b4a1fcf7297246196,cf81182c23a3f7ff,1e5fb16a47476707,af3af0a593d4d848,219.0331573486328,213.0880126953125,215.79974365234375,52.109371185302734,57.206268310546875,52.49297332763672,215.9736328125,54.04064178466797,0.21790127456188202,0.36885011196136475,0.35138142108917236,0.08655480295419693,0.8757802844047546,85.31234741210938,2.9064507484436035,-0.7105062007904053,5.704634943888141,0.0,0.3622448979591837,-3.518775710697818,20.599336624145508,0.2010258287191391,0.23469387755102042,0.8314098119735718,0.7961331605911255,3.6404848868420077,0.23469387755102042,False,44.62239124044679,0.48320860061814586,0.3803132085735448,0.5264638562161077,3.15655146995236,0.12202597875885049,0.023792261257767677,0.0034814151003956795,0.3069864809513092
Batik_Lasem,motifs (isen-isen)/Gunung Ringgit/all_motifs (864)/GunungRinggit_00013.jpg,all_motifs (864),GunungRinggit_00013.jpg,all_motifs (864),Gunung Ringgit,Gunung Ringgit Bouquet.jpg,crop,Gunung Ringgit,/projects/sandbox/drive_data/Datasets/Batik_Lasem/motifs (isen-isen)/Gunung Ringgit/all_motifs (864)/GunungRinggit_00013.jpg,.jpg,18919,False,JPEG,RGB,28,28,784,1.0,3,4,a3bede3118149fbdf971f2fa5ce95a4e,ab8a5ffcd518a4b5d0f44fbd56522d06047b95d5983839331aedadcd81f829dc,e7c1805c23a3a3ff,8e0753b1af424606,e772f5a59011f126,198.19515991210938,191.58035278320312,192.4081573486328,66.01624298095703,72.4847183227539,70.1881332397461,194.06121826171875,69.67670440673828,0.27744489908218384,0.37204819917678833,0.34652239084243774,0.12612034380435944,0.7928621172904968,77.11919403076172,3.025120258331299,0.4160047173500061,6.3172838747145095,0.0,0.31760204081632654,-2.9451052641172804,21.979534149169922,0.23209457099437714,0.24872448979591838,0.7555702924728394,0.74674391746521,3.7634505986472635,0.24872448979591838,False,54.31470458553804,0.4014781897005682,0.2969533757038219,0.644286274625645,3.1765574479640764,0.12053246043315283,0.024018429219722748,0.0018887679325416684,0.31042495369911194
Batik_Lasem,motifs (isen-isen)/Gunung Ringgit/all_motifs (864)/GunungRinggit_00014.jpg,all_motifs (864),GunungRinggit_00014.jpg,all_motifs (864),Gunung Ringgit,Gunung Ringgit Bouquet.jpg,crop,Gunung Ringgit,/projects/sandbox/drive_data/Datasets/Batik_Lasem/motifs (isen-isen)/Gunung Ringgit/all_motifs (864)/GunungRinggit_00014.jpg,.jpg,18886,False,JPEG,RGB,28,28,784,1.0,3,4,5294570f41af91c175bb189be52db67c,4ac39b63bfafb2f05a183e995330a50c4d341dfe24a14d0e56116f057eb43f52,c783188403c3f7ff,0e33302c27878643,ae5af92496d65981,207.6109619140625,199.90943908691406,195.5102081298828,61.755882263183594,69.18354797363281,71.8028564453125,201.0102081298828,67.8990249633789,0.2651931643486023,0.2612013816833496,0.3210255801677704,0.12738004326820374,0.8213684558868408,80.2122573852539,2.444488525390625,3.4315783977508545,6.086568301825727,0.0,0.33163265306122447,-4.484879480546825,23.138193130493164,0.1971966028213501,0.23214285714285715,0.7895087599754333,0.7377151846885681,3.6300008778970425,0.23214285714285715,False,49.28128061924359,0.4329921226004374,0.32817487136873935,0.6485687374871919,3.1808133176180955,0.1188469648063307,0.02534574642777443,0.00438745878636837,0.27443885803222656
Batik_Lasem,motifs (isen-isen)/Gunung Ringgit/all_motifs (864)/GunungRinggit_00015.jpg,all_motifs (864),GunungRinggit_00015.jpg,all_motifs (864),Gunung Ringgit,Gunung Ringgit Bouquet.jpg,crop,Gunung Ringgit,/projects/sandbox/drive_data/Datasets/Batik_Lasem/motifs (isen-isen)/Gunung Ringgit/all_motifs (864)/GunungRinggit_00015.jpg,.jpg,12625,False,JPEG,RGB,28,28,784,1.0,3,4,b8643b0765bfeedaf609a63a4db8d857,95bb26bc961aafcadb86e85fffe7d994dc62f0d8e5be6ed546bb58f84dbf6755,fbd1c01ca5a1e3ff,272315b96d4bc302,ea1ec52796c91974,209.3966827392578,203.26275634765625,200.94004821777344,60.726402282714844,66.60417938232422,66.48204803466797,204.5331573486328,64.76072692871094,0.2555215358734131,0.31729573011398315,0.3255999684333801,0.11233406513929367,0.8332133293151855,81.40739440917969,2.174452304840088,2.005183219909668,6.01137281545729,0.0,0.32908163265306123,-3.498246467070654,21.671838760375977,0.24664680659770966,0.24744897959183673,0.791209876537323,0.7794755101203918,3.831237261461607,0.24744897959183673,False,52.86507936507942,0.43829698033584735,0.3235611447247363,0.59706660176998,3.164582518110455,0.12018104435651812,0.023339319974184036,0.0036845500580966473,0.32811224460601807
Batik_Lasem,motifs (isen-isen)/Gunung Ringgit/all_motifs (864)/GunungRinggit_00016.jpg,all_motifs (864),GunungRinggit_00016.jpg,all_motifs (864),Gunung Ringgit,Gunung Ringgit Bouquet.jpg,crop,Gunung Ringgit,/projects/sandbox/drive_data/Datasets/Batik_Lasem/motifs (isen-isen)/Gunung Ringgit/all_motifs (864)/GunungRinggit_00016.jpg,.jpg,18908,False,JPEG,RGB,28,28,784,1.0,3,4,3fb3acde5d267ba978f4fb9edaa9ed8a,f07ad059d19181b42625c63dbeb4378b2be9e0f53c3cbc42185f07b19e8c17b6,c783091c2323f3ff,165bb12b4f4b4607,af38f02792dc3962,216.3265380859375,209.89540100097656,212.4783172607422,53.11575698852539,58.7976188659668,53.4058837890625,212.90008544921875,55.2315673828125,0.22337639331817627,0.37289556860923767,0.34577232599258423,0.09382139146327972,0.865531325340271,84.18383026123047,3.1047306060791016,-0.5971585512161255,5.9115373176068156,0.0,0.33290816326530615,-3.281495188771573,21.64968490600586,0.21497464179992676,0.26403061224489793,0.8290117979049683,0.7872193455696106,3.7740680562985727,0.26403061224489793,False,48.545242994317064,0.44759395944400854,0.34851172017606036,0.510080034489513,3.207223679867772,0.11539137338608914,0.025489255785942078,0.0038639812264591455,0.3139643669128418
Batik_Lasem,motifs (isen-isen)/Gunung Ringgit/all_motifs (864)/GunungRinggit_00017.jpg,all_motifs (864),GunungRinggit_00017.jpg,all_motifs (864),Gunung Ringgit,Gunung Ringgit Bouquet.jpg,crop,Gunung Ringgit,/projects/sandbox/drive_data/Datasets/Batik_Lasem/motifs (isen-isen)/Gunung Ringgit/all_motifs (864)/GunungRinggit_00017.jpg,.jpg,18919,False,JPEG,RGB,28,28,784,1.0,3,4,7dde4af09caa359f705b375f1a9c0b5d,e25f8a4c75170c5f05a4833af024d7e421f0719ebd40aa4df596574ec0cf1026,eb01182401e3f7ff,16d3f04c170ec705,a71be86113d6d998,213.82525634765625,206.5880126953125,211.9221954345703,56.40192413330078,63.00238800048828,56.190277099609375,210.7784881591797,58.696895599365234,0.23852252960205078,0.3969082236289978,0.3438793122768402,0.11078577488660812,0.8623549938201904,83.0576400756836,4.067773342132568,-1.929720163345337,5.935616476063473,0.0,0.34311224489795916,-3.3588920875306636,25.06923484802246,0.22087949514389038,0.23979591836734693,0.8544348478317261,0.7565831542015076,3.7086181449777564,0.23979591836734693,False,47.50788751714677,0.4595502445168719,0.36180781442560395,0.5780454493267446,3.2074411954608917,0.11592175135360266,0.02384895645081997,0.0037972957361489534,0.30411896109580994
Batik_Lasem,motifs (isen-isen)/Gunung Ringgit/all_motifs (864)/GunungRinggit_00018.jpg,all_motifs (864),GunungRinggit_00018.jpg,all_motifs (864),Gunung Ringgit,Gunung Ringgit Bouquet.jpg,crop,Gunung Ringgit,/projects/sandbox/drive_data/Datasets/Batik_Lasem/motifs (isen-isen)/Gunung Ringgit/all_motifs (864)/GunungRinggit_00018.jpg,.jpg,18823,False,JPEG,RGB,28,28,784,1.0,3,4,f5666fb0c56aeb38580ab838752f5689,75f321d4ce7dee1e7988533ab0343737df128b0253fb46325a106a5ea9077fa5,f789101801e3fbff,063b31e96f834603,eb1af5a596c45036,213.83290100097656,208.19004821777344,215.76913452148438,55.23173522949219,60.410926818847656,50.05324935913086,212.5973663330078,55.48683166503906,0.22887299954891205,0.4221550226211548,0.347051203250885,0.09051869809627533,0.8645657896995544,83.62359619140625,3.815977096557617,-3.3331665992736816,5.826838540941058,0.0,0.36989795918367346,-3.4925668853969976,22.07147789001465,0.197408989071846,0.2461734693877551,0.8375152349472046,0.7928732633590698,3.626931527191659,0.2461734693877551,False,42.47840730942582,0.47536105772926796,0.37411837764673556,0.5879336617944759,3.175095892609444,0.12067237609329445,0.022867370396852493,0.0036391669418662786,0.3162730932235718
Batik_Lasem,motifs (isen-isen)/Gunung Ringgit/all_motifs (864)/GunungRinggit_00019.jpg,all_motifs (864),GunungRinggit_00019.jpg,all_motifs (864),Gunung Ringgit,Gunung Ringgit Bouquet.jpg,crop,Gunung Ringgit,/projects/sandbox/drive_data/Datasets/Batik_Lasem/motifs (isen-isen)/Gunung Ringgit/all_motifs (864)/GunungRinggit_00019.jpg,.jpg,18815,False,JPEG,RGB,28,28,784,1.0,3,4,49d552fc0ed8c641fdd891c1f3db3a47,1ab4c6fd993371b862bd15861d197103e183719e6e8e98d1be9a5e2fc058c88e,d78389082327f7ff,2e333ba94f4e4506,ae59fc3692da1921,217.90689086914062,212.22703552246094,215.5982208251953,53.643306732177734,59.488033294677734,55.24844741821289,215.24404907226562,56.2291145324707,0.22635018825531006,0.35193344950675964,0.34540969133377075,0.08774147927761078,0.8728691339492798,84.95088958740234,2.975710153579712,-1.0263744592666626,5.69226046065157,0.0,0.38010204081632654,-3.498093076622731,20.879072189331055,0.19912874698638916,0.21045918367346939,0.849395215511322,0.7935460209846497,3.679363234676125,0.21045918367346939,False,41.282529884381724,0.4962005767132469,0.39549795805370885,0.5946366165401517,3.1903667307477175,0.11849554872969598,0.021186063066124916,0.002931430470198393,0.318523645401001
Batik_Lasem,motifs (isen-isen)/Gunung Ringgit/all_motifs (864)/GunungRinggit_00020.jpg,all_motifs (864),GunungRinggit_00020.jpg,all_motifs (864),Gunung Ringgit,Gunung Ringgit Bouquet.jpg,crop,Gunung Ringgit,/projects/sandbox/drive_data/Datasets/Batik_Lasem/motifs (isen-isen)/Gunung Ringgit/all_motifs (864)/GunungRinggit_00020.jpg,.jpg,12464,False,JPEG,RGB,28,28,784,1.0,3,4,cc76514c72e2ba68fb39cafa19ac0d29,ef8cf1b52932ba66f199b81f97205138f77fdb8512875ba0f83f16032551c522,df8592a443c3e7ff,3f293269df960d0d,b619dc2193c6dd34,219.75254821777344,215.3482208251953,219.97193908691406,51.01862716674805,55.56584930419922,52.48820877075195,218.35757446289062,53.100799560546875,0.21253322064876556,0.411129891872406,0.3405988812446594,0.0734453797340393,0.8813176155090332,86.05419158935547,2.6324877738952637,-1.7651305198669434,5.654007836665392,0.0,0.3903061224489796,-3.6874033098894707,17.951324462890625,0.15989868342876434,0.22066326530612246,0.8844704627990723,0.8061608076095581,3.6944256262600614,0.22066326530612246,False,35.83742406427591,0.5051664575912098,0.40096746770485836,0.603449154637331,3.216410170650221,0.1146429872969596,0.019420301541686058,0.004112389869987965,0.31848984956741333
Batik_Lasem,motifs (isen-isen)/Gunung Ringgit/all_motifs (864)/GunungRinggit_00021.jpg,all_motifs (864),GunungRinggit_00021.jpg,all_motifs (864),Gunung Ringgit,Gunung Ringgit Bouquet.jpg,crop,Gunung Ringgit,/projects/sandbox/drive_data/Datasets/Batik_Lasem/motifs (isen-isen)/Gunung Ringgit/all_motifs (864)/GunungRinggit_00021.jpg,.jpg,18828,False,JPEG,RGB,28,28,784,1.0,3,4,c951decb4a5543e196b5265ea152386d,5f3691651ab61a460072e75d89add34136d293a588280c7c01b40772777b8b7b,efc3990080c3e7ff,8e0b31aa4d1f8c0c,f359943147d78c4a,212.8966827392578,205.45025634765625,207.0216827392578,58.00818634033203,65.06842803955078,64.89755249023438,208.45620727539062,62.82609176635742,0.2486819177865982,0.3827045261859894,0.3789704144001007,0.0892491415143013,0.844627857208252,82.45511627197266,3.2463467121124268,0.2779431939125061,5.788649629979096,0.0,0.3762755102040816,-3.3946047095991037,19.06935691833496,0.1752476543188095,0.23341836734693877,0.8869693875312805,0.8014132380485535,3.6554486860269177,0.23341836734693877,False,40.86756564765825,0.49113507252998423,0.38734554189354303,0.6673221438401542,3.1718786478230605,0.12084483027905041,0.021913250908255577,0.0038618857506662607,0.29395487904548645
Batik_Lasem,motifs (isen-isen)/Gunung Ringgit/all_motifs (864)/GunungRinggit_00022.jpg,all_motifs (864),GunungRinggit_00022.jpg,all_motifs (864),Gunung Ringgit,Gunung Ringgit Bouquet.jpg,crop,Gunung Ringgit,/projects/sandbox/drive_data/Datasets/Batik_Lasem/motifs (isen-isen)/Gunung Ringgit/all_motifs (864)/GunungRinggit_00022.jpg,.jpg,18803,False,JPEG,RGB,28,28,784,1.0,3,4,cbcd357bbe823f5977210f6ab95c822b,dde4c5fceb3259235c6eb1049711781e95ad30415560ae044d6a8dcebe06f51b,e3c180122163f3ff,0f1558b6a3cf2603,e472f1268c95936b,209.9158172607422,203.36224365234375,206.44387817382812,57.625091552734375,64.18350219726562,58.77969741821289,206.573974609375,60.323368072509766,0.24395090341567993,0.40737026929855347,0.3486737608909607,0.09808807820081711,0.8396207690238953,81.71385192871094,3.2804148197174072,-0.8302912712097168,6.073124715364591,0.0,0.3278061224489796,-2.3190702053343966,20.4930362701416,0.14216813445091248,0.22321428571428573,0.7991304397583008,0.7535923719406128,3.6133274767669876,0.22321428571428573,False,40.27641828336272,0.4553494660398962,0.3407029607778163,0.6575280693687326,3.2073529907723177,0.11555081216159933,0.022618398070335388,0.0013247864553704858,0.24712757766246796
Batik_Lasem,motifs (isen-isen)/Gunung Ringgit/all_motifs (864)/GunungRinggit_00023.jpg,all_motifs (864),GunungRinggit_00023.jpg,all_motifs (864),Gunung Ringgit,Gunung Ringgit Bouquet.jpg,crop,Gunung Ringgit,/projects/sandbox/drive_data/Datasets/Batik_Lasem/motifs (isen-isen)/Gunung Ringgit/all_motifs (864)/GunungRinggit_00023.jpg,.jpg,18847,False,JPEG,RGB,28,28,784,1.0,3,4,f7f9c78e509f9dbf16fafed2c70a50a6,a75023fcd3ca9b5827907e521cb98f67e3340a0724b842a5fe25cb5a494a4a1a,c3c1182421e3f3ff,9f0f33694d070603,ef3ae86193d49928,207.551025390625,199.52296447753906,201.5369873046875,59.58271408081055,66.62901306152344,65.88410186767578,202.8703155517578,64.20055389404297,0.2544310986995697,0.3529127538204193,0.3675200939178467,0.10506569594144821,0.8278961777687073,80.35350799560547,3.618969440460205,0.10552974790334702,5.966845326194576,0.0,0.34311224489795916,-3.943316459952457,21.947050094604492,0.1861412227153778,0.2512755102040816,0.8435149788856506,0.762527346611023,3.676804885379284,0.2512755102040816,False,45.272499020184256,0.4465303608125006,0.34502254423302814,0.6472500510965714,3.1769266091758426,0.11951075072886297,0.024732787162065506,0.003903995966538787,0.26623818278312683
Batik_Lasem,motifs (isen-isen)/Gunung Ringgit/all_motifs (864)/GunungRinggit_00024.jpg,all_motifs (864),GunungRinggit_00024.jpg,all_motifs (864),Gunung Ringgit,Gunung Ringgit Bouquet.jpg,crop,Gunung Ringgit,/projects/sandbox/drive_data/Datasets/Batik_Lasem/motifs (isen-isen)/Gunung Ringgit/all_motifs (864)/GunungRinggit_00024.jpg,.jpg,18832,False,JPEG,RGB,28,28,784,1.0,3,4,0f4a799c25ba08a9e4d2c2a5fd91c382,329cc89d42e27fcfe7f098f2a7bc88bd59b19a9945f98953f2a6ac1c0daee86b,e783193484c5f7ff,0e47336d550d8c08,f62da172d6823873,215.72576904296875,208.40943908691406,209.75128173828125,54.53173065185547,61.98466491699219,61.63640594482422,211.2954864501953,59.56843566894531,0.23604829609394073,0.341498464345932,0.3472500145435333,0.09527477622032166,0.8583483099937439,83.60657501220703,3.1605348587036133,0.3673662543296814,5.773357825372522,0.0,0.3737244897959184,-3.11153986869165,20.537628173828125,0.17430317401885986,0.23214285714285715,0.8598260283470154,0.783220648765564,3.674868135164841,0.23214285714285715,False,41.84575249853031,0.48686243882565056,0.38869495903499135,0.6227570740007864,3.209358142135307,0.11541415035401917,0.022985238581895828,0.0006932929391041398,0.28286510705947876
Batik_Lasem,motifs (isen-isen)/Gunung Ringgit/all_motifs (864)/GunungRinggit_00025.jpg,all_motifs (864),GunungRinggit_00025.jpg,all_motifs (864),Gunung Ringgit,Gunung Ringgit Bouquet.jpg,crop,Gunung Ringgit,/projects/sandbox/drive_data/Datasets/Batik_Lasem/motifs (isen-isen)/Gunung Ringgit/all_motifs (864)/GunungRinggit_00025.jpg,.jpg,19052,False,JPEG,RGB,28,28,784,1.0,3,4,a93c13140381f1fa04faa0f1dc4096ce,d58eb10647630a9215218395825b7c113460a2717f87b0ab5358c1dd6cb7309c,ed88801f312301ff,a91459b52b6b2f59,af50f06f80a2c36f,209.50128173828125,200.1466827392578,206.55740356445312,51.74683380126953,59.22595977783203,56.215232849121094,205.4017791748047,55.9504508972168,0.22376281023025513,0.4414948523044586,0.3436974585056305,0.12157074362039566,0.8477941155433655,81.05070495605469,4.971704483032227,-2.0278074741363525,6.405369443026356,0.0,0.23596938775510204,-2.5966171108018967,27.140527725219727,0.19432368874549866,0.288265306122449,0.7708812952041626,0.7692111134529114,3.9382852830465933,0.288265306122449,False,48.06945669214191,0.3577453660974151,0.24242150898454606,0.5116812526225413,3.1968818138995334,0.11734368492294878,0.025995692238211632,0.0023100534453988075,0.29423031210899353
Batik_Lasem,motifs (isen-isen)/Gunung Ringgit/all_motifs (864)/GunungRinggit_00026.jpg,all_motifs (864),GunungRinggit_00026.jpg,all_motifs (864),Gunung Ringgit,Gunung Ringgit Bouquet.jpg,crop,Gunung Ringgit,/projects/sandbox/drive_data/Datasets/Batik_Lasem/motifs (isen-isen)/Gunung Ringgit/all_motifs (864)/GunungRinggit_00026.jpg,.jpg,12695,False,JPEG,RGB,28,28,784,1.0,3,4,f60fbb91d33c44a6b19bf8889bd53d56,d7adf93a2d2276ca3db57609b8a5d450e3c3c155b33225818883c4f0a7f52c86,c3031921a163c79f,17d7b3694fef2f3b,ae499926dbf0c499,210.1543426513672,205.35203552246094,208.9706573486328,51.63868713378906,55.59888458251953,52.19623565673828,208.1590118408203,53.212642669677734,0.21274936199188232,0.42494964599609375,0.3237142860889435,0.0940609723329544,0.8488395810127258,82.50228881835938,2.688717842102051,-1.2778774499893188,6.415324377587346,0.0,0.25510204081632654,-3.465128174938089,21.357406616210938,0.20397843420505524,0.29464285714285715,0.8253864049911499,0.804351806640625,3.9363782119761748,0.29464285714285715,False,44.30335097001764,0.34913963694678807,0.2322655232437419,0.5082442462418548,3.2318858369327503,0.11271670658059144,0.02406255528330803,0.0025872397236526012,0.3416498005390167
Batik_Lasem,motifs (isen-isen)/Gunung Ringgit/all_motifs (864)/GunungRinggit_00027.jpg,all_motifs (864),GunungRinggit_00027.jpg,all_motifs (864),Gunung Ringgit,Gunung Ringgit Bouquet.jpg,crop,Gunung Ringgit,/projects/sandbox/drive_data/Datasets/Batik_Lasem/motifs (isen-isen)/Gunung Ringgit/all_motifs (864)/GunungRinggit_00027.jpg,.jpg,18784,False,JPEG,RGB,28,28,784,1.0,3,4,6aba430aa741abe3ec2e4fec05d70ea0,4398d4db74d4330dbc32891e210e5efa97f16c6c0700d777d36d391f33f446e7,cfc3808021c3f7ff,161731684f860607,ee59a0a5dbd611a2,196.636474609375,192.13265991210938,194.65306091308594,62.766666412353516,67.59371948242188,62.06649398803711,194.47406005859375,64.2157974243164,0.25887131690979004,0.39015698432922363,0.34346434473991394,0.09740712493658066,0.7874850034713745,77.34239196777344,2.5077507495880127,-0.8989586234092712,6.302167102686529,0.0,0.31505102040816324,-3.6217392647360396,18.75704002380371,0.1569800227880478,0.22448979591836735,0.8245203495025635,0.7890784740447998,3.7275157228316464,0.22448979591836735,False,37.12317509308256,0.4399851754088937,0.3134410005782659,0.7178487971334736,3.1724810403313013,0.12060404518950438,0.02166772447526455,0.003674664068967104,0.2776918411254883
Batik_Lasem,motifs (isen-isen)/Gunung Ringgit/all_motifs (864)/GunungRinggit_00028.jpg,all_motifs (864),GunungRinggit_00028.jpg,all_motifs (864),Gunung Ringgit,Gunung Ringgit Bouquet.jpg,crop,Gunung Ringgit,/projects/sandbox/drive_data/Datasets/Batik_Lasem/motifs (isen-isen)/Gunung Ringgit/all_motifs (864)/GunungRinggit_00028.jpg,.jpg,18813,False,JPEG,RGB,28,28,784,1.0,3,4,5b3724422a4e390b445eda58a849c072,9a89091d8f14562efa5515798c8056efcaa7f278331b7b1e9f6b0c19ba9ba51b,f7c180050303fbff,8f311129cf67e203,aa7ad02592c435f7,198.10459899902344,194.94642639160156,197.2538299560547,63.09942626953125,66.56421661376953,60.46379470825195,196.76828002929688,63.43906021118164,0.25583165884017944,0.3545878231525421,0.3243860900402069,0.09146034717559814,0.7977791428565979,78.27387237548828,1.9421935081481934,-0.9897648692131042,6.244538567680477,0.0,0.3125,-3.268434127968575,17.9605712890625,0.17249570786952972,0.23979591836734693,0.8004051446914673,0.7622053027153015,3.7088351103870627,0.23979591836734693,False,42.97674162257502,0.42941064443841465,0.32512426386103344,0.6674356654015413,3.1865709093228345,0.11898037276134944,0.02318732999265194,0.0006914741825312376,0.2802567183971405
Batik_Lasem,motifs (isen-isen)/Gunung Ringgit/all_motifs (864)/GunungRinggit_00029.jpg,all_motifs (864),GunungRinggit_00029.jpg,all_motifs (864),Gunung Ringgit,Gunung Ringgit Bouquet.jpg,crop,Gunung Ringgit,/projects/sandbox/drive_data/Datasets/Batik_Lasem/motifs (isen-isen)/Gunung Ringgit/all_motifs (864)/GunungRinggit_00029.jpg,.jpg,12358,False,JPEG,RGB,28,28,784,1.0,3,4,7f635a0ed2719c5089987fcd5d03e6a2,9872f9129b5d49d4fd9d59a27c100fc59f38aa3d0293686cb77c13ea00b11270,e7e18009138393fb,870b4511a7272763,ee73e5a4903dd444,177.21046447753906,171.4272918701172,171.64413452148438,69.59544372558594,74.12982940673828,72.1781005859375,173.4272918701172,72.04148864746094,0.2859349846839905,0.38207727670669556,0.36150670051574707,0.11848893761634827,0.7061124444007874,69.45075988769531,2.548835277557373,0.5956192016601562,6.844532155822267,0.0,0.2385204081632653,-3.0667732103283507,17.083677291870117,0.1696203649044037,0.2614795918367347,0.751585841178894,0.7471330165863037,3.9505455456394207,0.2614795918367347,False,45.394241132667105,0.36576030808915144,0.2120647050496806,0.7137314421193158,3.2060850882604375,0.11635776759683467,0.022244872525334358,0.001312815467827022,0.28495943546295166
Batik_Lasem,motifs (isen-isen)/Gunung Ringgit/all_motifs (864)/GunungRinggit_00030.jpg,all_motifs (864),GunungRinggit_00030.jpg,all_motifs (864),Gunung Ringgit,Gunung Ringgit Bouquet.jpg,crop,Gunung Ringgit,/projects/sandbox/drive_data/Datasets/Batik_Lasem/motifs (isen-isen)/Gunung Ringgit/all_motifs (864)/GunungRinggit_00030.jpg,.jpg,12195,False,JPEG,RGB,28,28,784,1.0,3,4,c34c73344c0344c044e247cc6a99f231,72c90c2b5ac05ae8e4b796f86b4fbee671ab926ddbccda7a8f46851858b48e6b,f8809b118191dfdf,931373272b233338,e843d169e29595b6,216.31504821777344,212.3903045654297,216.7908172607422,51.74349594116211,56.03495788574219,51.81370544433594,215.16539001464844,53.271728515625,0.21419143676757812,0.400623083114624,0.33649858832359314,0.07634912431240082,0.8709483742713928,84.95404052734375,2.476775884628296,-1.765561819076538,5.948608777709276,0.0,0.34183673469387754,-2.8711842820138522,18.98383903503418,0.14897440373897552,0.22066326530612246,0.8051199316978455,0.7985542416572571,3.694223563929616,0.22066326530612246,False,35.67167597491673,0.4494794689533188,0.32924950199228625,0.6064733368526731,3.1900597020300707,0.11911378071636819,0.021000539883971214,0.0011197933927178383,0.3081459403038025
Batik_Lasem,motifs (isen-isen)/Gunung Ringgit/all_motifs (864)/GunungRinggit_00031.jpg,all_motifs (864),GunungRinggit_00031.jpg,all_motifs (864),Gunung Ringgit,Gunung Ringgit Bouquet.jpg,crop,Gunung Ringgit,/projects/sandbox/drive_data/Datasets/Batik_Lasem/motifs (isen-isen)/Gunung Ringgit/all_motifs (864)/GunungRinggit_00031.jpg,.jpg,18582,False,JPEG,RGB,28,28,784,1.0,3,4,612300b6de39cdf3397b4354c76d3a84,886d286500f0bcc3b667d7df91d7844761f47d9593f3986444a4b6147f118d52,f781081d23a33b3f,2d2d5825ab8fe243,af7eda6082d0f305,217.86734008789062,210.81887817382812,213.59310913085938,47.38291549682617,53.44227981567383,48.83603286743164,214.09310913085938,50.03795623779297,0.2022184133529663,0.39647549390792847,0.3445855379104614,0.0910213440656662,0.8715186715126038,84.6903305053711,3.2906486988067627,-0.5720929503440857,6.071463984226343,0.0,0.3010204081632653,-2.9663528555467584,21.64443016052246,0.1607746183872223,0.274234693877551,0.810910701751709,0.7960938215255737,3.874218407243685,0.274234693877551,False,36.8574612972761,0.4229642411373749,0.31021141959359855,0.5427726052907249,3.2234506006067165,0.11357572365680967,0.021114761009812355,0.001040453091263771,0.3126775324344635
Batik_Lasem,motifs (isen-isen)/Gunung Ringgit/all_motifs (864)/GunungRinggit_00032.jpg,all_motifs (864),GunungRinggit_00032.jpg,all_motifs (864),Gunung Ringgit,Gunung Ringgit Bouquet.jpg,crop,Gunung Ringgit,/projects/sandbox/drive_data/Datasets/Batik_Lasem/motifs (isen-isen)/Gunung Ringgit/all_motifs (864)/GunungRinggit_00032.jpg,.jpg,12379,False,JPEG,RGB,28,28,784,1.0,3,4,d039482c7d67cda8c0d53cf78a0979a7,82f05bc7ce86b9e9284e8c5aacbfd49f66566f3980f4992de587ef8019b4b6be,e3c8805f1303133f,87315db5a32b2773,ae72e76c81a4a36c,215.89540100097656,207.5956573486328,214.90689086914062,49.4786262512207,55.98843765258789,48.33408737182617,212.79931640625,51.51093292236328,0.21082082390785217,0.4773778021335602,0.34458595514297485,0.10117382556200027,0.8703681826591492,83.73065185546875,4.624279499053955,-2.741865873336792,6.100648757252698,0.0,0.2895408163265306,-3.1138208804161227,24.131654739379883,0.20893941819667816,0.26913265306122447,0.7887293100357056,0.7863131761550903,3.910515914867891,0.26913265306122447,False,44.25482559278858,0.4213818435297555,0.31252667610712254,0.4895244000434264,3.19289247792903,0.11818643273635987,0.02326609194278717,0.0021191700361669064,0.34820324182510376
Batik_Lasem,motifs (isen-isen)/Gunung Ringgit/all_motifs (864)/GunungRinggit_00033.jpg,all_motifs (864),GunungRinggit_00033.jpg,all_motifs (864),Gunung Ringgit,Gunung Ringgit Bouquet.jpg,crop,Gunung Ringgit,/projects/sandbox/drive_data/Datasets/Batik_Lasem/motifs (isen-isen)/Gunung Ringgit/all_motifs (864)/GunungRinggit_00033.jpg,.jpg,18694,False,JPEG,RGB,28,28,784,1.0,3,4,02cb964ab9cea29da83f4e2d3e886ebd,7666d21d2af80d5399ac7fb9650e5282b3286c542f9abd2ae37d2b235caaa5ed,e381081d23a323bf,8f1b59bb47564666,af7af4a58832d107,207.9119873046875,197.73086547851562,200.07908630371094,50.966712951660156,59.42951965332031,57.3763427734375,201.90731811523438,56.20901107788086,0.22406253218650818,0.4302220344543457,0.35012200474739075,0.12482896447181702,0.8348039388656616,80.14716339111328,4.572879314422607,0.15125741064548492,6.384620240243178,0.0,0.2627551020408163,-2.3318054038835765,27.8209228515625,0.15694975852966309,0.2614795918367347,0.8078752160072327,0.7478573322296143,3.824769839356363,0.2614795918367347,False,37.90988144228885,0.38957591955154786,0.26888099310846286,0.6118605303026013,3.2397002112967375,0.11100843398583923,0.022541450336575508,0.0020070711616426706,0.27554747462272644
Batik_Lasem,motifs (isen-isen)/Gunung Ringgit/all_motifs (864)/GunungRinggit_00034.jpg,all_motifs (864),GunungRinggit_00034.jpg,all_motifs (864),Gunung Ringgit,Gunung Ringgit Bouquet.jpg,crop,Gunung Ringgit,/projects/sandbox/drive_data/Datasets/Batik_Lasem/motifs (isen-isen)/Gunung Ringgit/all_motifs (864)/GunungRinggit_00034.jpg,.jpg,12123,False,JPEG,RGB,28,28,784,1.0,3,4,2771f9a9ce6a975324b821365358c976,e063f1554148a842c56d5f787d4e69d75db3d85db1010fa9c48295460026080d,f0c0811f21f19fbf,871657b36b237578,ee70d06e8e98aa8b,218.93240356445312,212.3596954345703,210.34693908691406,47.23026657104492,54.297725677490234,55.71371078491211,213.8796844482422,52.67282485961914,0.2067469209432602,0.3049202859401703,0.34523534774780273,0.08023055642843246,0.8649910092353821,85.0398178100586,2.2050986289978027,1.9425323009490967,5.883639049301027,0.0,0.3405612244897959,-3.745499553868044,19.548646926879883,0.11247235536575317,0.26403061224489793,0.7904354333877563,0.7976182699203491,3.8732033842975753,0.26403061224489793,False,31.90568048206938,0.44857436464653266,0.32917623503901894,0.622804122246723,3.1741632688266024,0.12143703144523116,0.020250627771019936,0.0012823294382542372,0.2502245306968689
Batik_Lasem,motifs (isen-isen)/Gunung Ringgit/all_motifs (864)/GunungRinggit_00035.jpg,all_motifs (864),GunungRinggit_00035.jpg,all_motifs (864),Gunung Ringgit,Gunung Ringgit Bouquet.jpg,crop,Gunung Ringgit,/projects/sandbox/drive_data/Datasets/Batik_Lasem/motifs (isen-isen)/Gunung Ringgit/all_motifs (864)/GunungRinggit_00035.jpg,.jpg,18661,False,JPEG,RGB,28,28,784,1.0,3,4,f3edcec64b0eb244a909e08ad2756e23,f3932bc7f59d51dcf630efa4181cd7853ad92d3c9cc7946c071695c9849d855c,cbc0819d1f2323ff,8b2d5331a666a673,ae7be1a4982b6784,215.77040100097656,208.31504821777344,211.29209899902344,51.77138137817383,58.25735855102539,54.20240020751953,211.79251098632812,54.89463806152344,0.22094221413135529,0.38553938269615173,0.34985384345054626,0.09382464736700058,0.8627650737762451,83.73451232910156,3.5184643268585205,-0.5976510643959045,6.002982201879017,0.0,0.29846938775510207,-3.0184294499095747,22.036317825317383,0.1794046312570572,0.25637755102040816,0.7852346897125244,0.8000277876853943,3.7623326346473807,0.25637755102040816,False,41.95620223398002,0.4416109399177261,0.32758963310465694,0.5637434207348834,3.1700650672300936,0.12029167534360682,0.02337479405105114,0.002167152240872383,0.3013033866882324
Batik_Lasem,motifs (isen-isen)/Gunung Ringgit/all_motifs (864)/GunungRinggit_00036.jpg,all_motifs (864),GunungRinggit_00036.jpg,all_motifs (864),Gunung Ringgit,Gunung Ringgit Bouquet.jpg,crop,Gunung Ringgit,/projects/sandbox/drive_data/Datasets/Batik_Lasem/motifs (isen-isen)/Gunung Ringgit/all_motifs (864)/GunungRinggit_00036.jpg,.jpg,18720,False,JPEG,RGB,28,28,784,1.0,3,4,fd437dd4f634c6b588d990781a9af016,46a548753c736a0094b964b5d16e7ead9938d217596eece34c829a9a4e336339,e3d8800f1319b197,97105c9da7ab2327,aef1e469b0232f64,211.0727081298828,202.3890380859375,211.01785278320312,51.15147399902344,57.68927001953125,48.39674377441406,208.1598663330078,52.71535110473633,0.216840460896492,0.4791877865791321,0.3335082530975342,0.1142418161034584,0.8576130867004395,81.90503692626953,5.110602378845215,-3.412621259689331,6.3791200341238,0.0,0.24489795918367346,-2.8264466258417125,26.510374069213867,0.23791001737117767,0.2755102040816326,0.7738850116729736,0.762799859046936,3.8992664211988948,0.2755102040816326,False,48.97186703899667,0.36862339687237644,0.245256274477748,0.4629764536369825,3.1631182906958037,0.12162900874635568,0.02393116056919098,0.004752227105200291,0.38149383664131165
Batik_Lasem,motifs (isen-isen)/Gunung Ringgit/all_motifs (864)/GunungRinggit_00037.jpg,all_motifs (864),GunungRinggit_00037.jpg,all_motifs (864),Gunung Ringgit,Gunung Ringgit Bouquet.jpg,crop,Gunung Ringgit,/projects/sandbox/drive_data/Datasets/Batik_Lasem/motifs (isen-isen)/Gunung Ringgit/all_motifs (864)/GunungRinggit_00037.jpg,.jpg,18684,False,JPEG,RGB,28,28,784,1.0,3,4,350336163cc326709eb4090d25ac9c54,baa9ddf64808c9c3998e58e60ea727b67378c749e0d6d580fdf0632d22095ee2,ff98211f01a393ff,2a3159b7236f2637,af5bd065c084f30f,213.16964721679688,208.17091369628906,211.2028045654297,51.26079177856445,55.23420715332031,52.40947723388672,210.84779357910156,53.03433609008789,0.21189463138580322,0.4511306881904602,0.34733647108078003,0.0713919997215271,0.8504501581192017,83.4917984008789,2.5036826133728027,-0.9359157085418701,6.184523539657714,0.0,0.2997448979591837,-3.035333368268226,16.3242130279541,0.2168659120798111,0.26403061224489793,0.8132484555244446,0.7962043881416321,3.8451558732261795,0.26403061224489793,False,40.99644816774449,0.39477982760600755,0.27681048630343774,0.5409218528928956,3.202736153897332,0.11691743023740109,0.020757174119353294,0.003075494198128581,0.3506501317024231
Batik_Lasem,motifs (isen-isen)/Gunung Ringgit/all_motifs (864)/GunungRinggit_00038.jpg,all_motifs (864),GunungRinggit_00038.jpg,all_motifs (864),Gunung Ringgit,Gunung Ringgit Bouquet.jpg,crop,Gunung Ringgit,/projects/sandbox/drive_data/Datasets/Batik_Lasem/motifs (isen-isen)/Gunung Ringgit/all_motifs (864)/GunungRinggit_00038.jpg,.jpg,18569,False,JPEG,RGB,28,28,784,1.0,3,4,19d72b61cc456e7f4a4cd32cad8c3797,7472cac7a928989f0fc1000679612914a10e1b3fda19a5e7a6b5ce9158c4fc51,f0c09f9fd111ddff,81193b3725a53138,ea71d36aa59196a4,214.9783172607422,211.64540100097656,214.10459899902344,52.973140716552734,57.141578674316406,53.8435173034668,213.57611083984375,54.7004280090332,0.2188657820224762,0.39793798327445984,0.317988783121109,0.0798838883638382,0.8637304306030273,84.56987762451172,1.9172531366348267,-0.8568482398986816,5.975013817098733,0.0,0.3201530612244898,-2.717411591769476,18.75619888305664,0.1584092378616333,0.25892857142857145,0.7714200019836426,0.7844181060791016,3.870723274583959,0.25892857142857145,False,38.279614932392725,0.433187934895062,0.3122591626564408,0.6009823577204303,3.200219975151427,0.11837841003748437,0.021825838834047318,0.000717300339601934,0.3075293302536011
Batik_Lasem,motifs (isen-isen)/Gunung Ringgit/all_motifs (864)/GunungRinggit_00039.jpg,all_motifs (864),GunungRinggit_00039.jpg,all_motifs (864),Gunung Ringgit,Gunung Ringgit Bouquet.jpg,crop,Gunung Ringgit,/projects/sandbox/drive_data/Datasets/Batik_Lasem/motifs (isen-isen)/Gunung Ringgit/all_motifs (864)/GunungRinggit_00039.jpg,.jpg,18609,False,JPEG,RGB,28,28,784,1.0,3,4,3ee29e42dcb7a88f485db4afe67f01fe,bfb96761062e65891560ed583f7cb9181a44c674a8654ea4b96e73e265d66d83,f3d8a41f1131173f,8f114c5167676f78,aff0916ca991a746,206.02296447753906,200.85841369628906,203.46810913085938,57.46992874145508,62.21827697753906,60.02770233154297,203.4498291015625,59.97379684448242,0.23867027461528778,0.39926984906196594,0.3366071879863739,0.09370095282793045,0.8273409008979797,80.70313262939453,2.630998373031616,-0.6805317401885986,6.301559688397762,0.0,0.29591836734693877,-3.3402061918641692,19.692890167236328,0.1845722645521164,0.2461734693877551,0.7235243320465088,0.7485222816467285,3.8506899263746295,0.2461734693877551,False,44.330063198118765,0.3896453548540513,0.27863376301010273,0.6085589320747931,3.233025264465981,0.1129835224906289,0.023973830044269562,0.001048664329573512,0.29606619477272034
Batik_Lasem,motifs (isen-isen)/Gunung Ringgit/all_motifs (864)/GunungRinggit_00040.jpg,all_motifs (864),GunungRinggit_00040.jpg,all_motifs (864),Gunung Ringgit,Gunung Ringgit Bouquet.jpg,crop,Gunung Ringgit,/projects/sandbox/drive_data/Datasets/Batik_Lasem/motifs (isen-isen)/Gunung Ringgit/all_motifs (864)/GunungRinggit_00040.jpg,.jpg,18578,False,JPEG,RGB,28,28,784,1.0,3,4,b2a3e5e8bbb667346b6a0f7d9fce9f8b,87e1a23a0d8bbc1f7e419f649d703fa6b09247165bd03b4da4a0def03ff57aee,ebe181190123e3fb,1e0b1533ad2be702,eb7af52498097266,180.0994873046875,174.7142791748047,173.9477081298828,69.87616729736328,73.95352935791016,72.4081802368164,176.2538299560547,72.15083312988281,0.2857087552547455,0.3490888178348541,0.35435524582862854,0.12067479640245438,0.7174620628356934,70.62062072753906,2.208549737930298,1.0445728302001953,6.700013804071039,0.0,0.25510204081632654,-3.400796463990687,17.62352752685547,0.17956307530403137,0.25,0.7819730639457703,0.7728942632675171,3.886563106104763,0.25,False,45.00873260826974,0.3782350675533166,0.24631911086473934,0.7179218915500957,3.2099549109095467,0.11574604331528529,0.02263541705906391,0.002342561027035117,0.2919177711009979
Batik_Lasem,motifs (isen-isen)/Gunung Ringgit/all_motifs (864)/GunungRinggit_00041.jpg,all_motifs (864),GunungRinggit_00041.jpg,all_motifs (864),Gunung Ringgit,Gunung Ringgit Bouquet.jpg,crop,Gunung Ringgit,/projects/sandbox/drive_data/Datasets/Batik_Lasem/motifs (isen-isen)/Gunung Ringgit/all_motifs (864)/GunungRinggit_00041.jpg,.jpg,18554,False,JPEG,RGB,28,28,784,1.0,3,4,ffa91262d386afb27fb70f271832d8e0,cd06501709ef7e20c75c4131028133d5cffc0e7343348cf3fc76609adec96a0a,e78080150303fbff,9f3b592dab637303,af72d125828b37c3,199.6875,196.67984008789062,198.5255126953125,62.818519592285156,65.9195556640625,61.02278137207031,198.29762268066406,63.29806900024414,0.2539893090724945,0.36017757654190063,0.32138487696647644,0.08884221315383911,0.8024109601974487,78.88728332519531,1.7741365432739258,-0.7267231941223145,6.201214223876995,0.0,0.3239795918367347,-4.242318537539041,17.142845153808594,0.16263245046138763,0.24872448979591838,0.7868953943252563,0.7903482913970947,3.7686043607308646,0.24872448979591838,False,42.656758279443494,0.43031437909575354,0.3224414301226824,0.6645524348429571,3.1591915680175577,0.12072118388171596,0.023086054250597954,0.002079607453197241,0.25717154145240784
NeuralLoom,Mekhela chador body/Mekhela chador body/Mekhela chador/20180828_182615.jpg,Mekhela chador,20180828_182615.jpg,mekhela_source,,20180828_182615.jpg,source,Mekhela,/projects/sandbox/data/NeuralLoom/Mekhela chador body/Mekhela chador body/Mekhela chador/20180828_182615.jpg,.jpg,305293,False,JPEG,RGB,1163,1163,1352569,1.0,3,2,4468fdce85932f825982928ed64f3a22,206e8d1ba4e60d4ed8f8db71138f6c6232820bf5b3a5cb4f05363339cb86561c,33372286c7000323,6666ee2c2d2d0e4e,a5c6857afa385278,47.33928680419922,82.88774871826172,171.2111053466797,39.666080474853516,25.8336124420166,34.39999008178711,100.47937774658203,62.076416015625,0.10069601237773895,0.5871922969818115,0.14490005373954773,0.7563917636871338,0.6923182010650635,37.9849967956543,21.88002586364746,-50.13405990600586,6.099585159330123,0.0,0.0,-11.515638566680455,91.92560577392578,0.007741937879472971,0.05109998914930555,0.9141579866409302,0.9193305969238281,3.3784035218142363,0.05109998914930555,True,2.0616697020709354,0.7922410256348971,0.2946966266872428,0.8974478412088938,3.2588380209469348,0.10910129050413767,0.0029933173209428787,0.00017035132623277605,0.2515363097190857
NeuralLoom,Mekhela chador body/Mekhela chador body/Mekhela chador/20180828_182936.jpg,Mekhela chador,20180828_182936.jpg,mekhela_source,,20180828_182936.jpg,source,Mekhela,/projects/sandbox/data/NeuralLoom/Mekhela chador body/Mekhela chador body/Mekhela chador/20180828_182936.jpg,.jpg,306547,False,JPEG,RGB,1220,1220,1488400,1.0,3,2,7c00bf1ad7963abbf232451bf28be78c,526bc3bcf38f5323ca9fc9baffe2ba71139e5b8204c360a9166420c79f1f84f6,cccc012133333331,1819d9e7e3e7e7e7,abd9d98d542c148f,150.23126220703125,48.78643798828125,40.62994384765625,33.812103271484375,26.208656311035156,12.408344268798828,79.88255310058594,56.09751510620117,0.09513722360134125,0.5270078778266907,0.481876015663147,0.7359572649002075,0.5891517996788025,35.98788833618164,40.91501235961914,28.716135025024414,6.1156994333401675,0.0,0.0,-10.755979722440891,70.45923614501953,0.003519803285598755,0.10371907552083333,0.8955086469650269,0.9101125597953796,3.895665072602992,0.10371907552083333,True,1.4977892260226855,0.7696142088231539,0.32204723440551697,0.9156271599793664,3.233448042758554,0.11222213414716133,0.0027837990783154964,0.0002285716764163226,0.1826314479112625
NeuralLoom,Mekhela chador body/Mekhela chador body/Mekhela chador/20180828_183203.jpg,Mekhela chador,20180828_183203.jpg,mekhela_source,,20180828_183203.jpg,source,Mekhela,/projects/sandbox/data/NeuralLoom/Mekhela chador body/Mekhela chador body/Mekhela chador/20180828_183203.jpg,.jpg,209018,False,JPEG,RGB,987,986,973182,1.001,3,2,4d07a5d83cf2e7003c643dca388bb852,9dbb0cea1c0dba4a2008038425d937ad3babd2c7867b496816cd29e698bbe937,00d2de0000ed2d00,0bb4b6b60649493c,d07c3b232d83dcd4,165.16258239746094,50.97103500366211,69.65975189208984,21.807247161865234,43.71567153930664,38.02230453491211,95.26445770263672,61.469696044921875,0.14846889674663544,0.8688884377479553,0.28707337379455566,0.7148264646530151,0.6476965546607971,40.206016540527344,46.49217224121094,17.70842933654785,5.218220337370427,0.0,0.0,-12.692689499746798,66.92156219482422,0.00879200641065836,0.052790469973890336,0.9195202589035034,0.8795362114906311,3.8870102267297804,0.052790469973890336,True,3.173413939971079,0.8078103879335016,0.516231995327582,0.919487567482928,3.227980115843224,0.11439028272923142,0.003262282581999898,0.0008944792207330465,0.19575248658657074
NeuralLoom,Mekhela chador body/Mekhela chador body/Mekhela chador/20180828_183326.jpg,Mekhela chador,20180828_183326.jpg,mekhela_source,,20180828_183326.jpg,source,Mekhela,/projects/sandbox/data/NeuralLoom/Mekhela chador body/Mekhela chador body/Mekhela chador/20180828_183326.jpg,.jpg,234317,False,JPEG,RGB,1196,1196,1430416,1.0,3,2,19f612671cac621d8e4db153fb3f68aa,ab17acc6c88f2fff20c565fb8fca0e9548ac4775a78c892d48ba93c6de438bb7,ff79397f6f6f7d00,b8cbc9d8d89a99c9,83854ab577dc3543,147.97991943359375,126.93022918701172,103.49042510986328,19.91489601135254,24.24224281311035,16.291017532348633,126.13353729248047,27.327011108398438,0.08844587951898575,0.14299634099006653,0.18971019983291626,0.31810057163238525,0.5803434252738953,54.39704132080078,4.528051376342773,15.670589447021484,5.71032649664607,0.0,0.0,-14.055672102693649,24.548831939697266,0.0009768096497282386,0.030219184027777776,0.932213306427002,0.9163753986358643,3.307311262878635,0.030219184027777776,True,0.5408372874542401,0.8659453023069358,0.3801927419063146,0.9640476784674602,3.222860166006608,0.11325955933626788,0.0015580856706947088,0.00035608155303634703,0.1636524498462677
NeuralLoom,Mekhela chador body/Mekhela chador body/Mekhela chador/20180828_183529.jpg,Mekhela chador,20180828_183529.jpg,mekhela_source,,20180828_183529.jpg,source,Mekhela,/projects/sandbox/data/NeuralLoom/Mekhela chador body/Mekhela chador body/Mekhela chador/20180828_183529.jpg,.jpg,324848,False,JPEG,RGB,1324,1324,1752976,1.0,3,2,fe0f582264e59084144d556fe5042e05,bfe1aa54478b5e40dbeab3a5731c3eff7a6f4f76653b958d5ccc1c17247c6108,feffff370387010d,a42b27cde5159979,82c6fd7c0710dc79,180.755126953125,77.84479522705078,86.83068084716797,19.728382110595703,13.333083152770996,12.372146606445312,115.14353942871094,49.05012130737305,0.053851909935474396,0.9542490839958191,0.16068176925182343,0.5761428475379944,0.7088436484336853,46.855525970458984,42.45717239379883,15.799656867980957,5.386642684129648,0.0,0.0,-15.076859716770434,49.07425308227539,0.0012057083658874035,0.022677951388888888,0.955003023147583,0.9477441310882568,3.2927229398211817,0.022677951388888888,True,0.5012859103698986,0.8309789541113015,0.3736813027132492,0.9208125731635706,3.254793668929235,0.10892702740283661,0.0018497719429433346,0.00044341833563521504,0.22536520659923553
NeuralLoom,Mekhela chador body/Mekhela chador body/Mekhela chador/20180828_183750.jpg,Mekhela chador,20180828_183750.jpg,mekhela_source,,20180828_183750.jpg,source,Mekhela,/projects/sandbox/data/NeuralLoom/Mekhela chador body/Mekhela chador body/Mekhela chador/20180828_183750.jpg,.jpg,330218,False,JPEG,RGB,1258,1258,1582564,1.0,3,2,852493668a73c551a7c7537ec23af32f,1efdad46f52439762c7364394d31c08f7361cc9597092f95b7ec4e36e4884887,9182903810c6c380,2724272725262616,fc4a71b54aec0b31,68.02456665039062,56.10352325439453,46.17508316040039,38.39497756958008,33.43385696411133,13.417532920837402,56.76771926879883,31.682743072509766,0.12540557980537415,0.741135835647583,0.364664763212204,0.25571250915527344,0.2674349844455719,24.209762573242188,4.476694107055664,6.47020149230957,5.497414611397363,0.0,0.0,-7.864423733969095,45.54684066772461,0.007819104939699173,0.04595947265625,0.9179390668869019,0.9118040800094604,3.427154104984973,0.04595947265625,True,2.636789500057664,0.8112859938742631,0.41109637705196117,0.9118984637007861,3.230026112672913,0.11425842933448743,0.0030051216017454863,0.0005374488537199795,0.1971009522676468
NeuralLoom,Mekhela chador body/Mekhela chador body/Mekhela chador/20180828_183834.jpg,Mekhela chador,20180828_183834.jpg,mekhela_source,,20180828_183834.jpg,source,Mekhela,/projects/sandbox/data/NeuralLoom/Mekhela chador body/Mekhela chador body/Mekhela chador/20180828_183834.jpg,.jpg,227889,False,JPEG,RGB,1106,1106,1223236,1.0,3,2,6bf303b4fd078af661d553fa03df59cf,cd62a406e5c0c1586d27c57c18da15ede346018df565875a60fe079af278e000,fcfcebe9c9787878,91911b9b99919191,cafe425a5a0176b5,153.06793212890625,130.744873046875,111.81243133544922,26.482088088989258,28.443918228149414,29.918745040893555,131.87506103515625,32.956600189208984,0.10924672335386276,0.11015493422746658,0.174136221408844,0.283971905708313,0.6002662777900696,55.99663543701172,5.759602069854736,13.442710876464844,6.073321824368015,0.0,0.0,-13.12885071816774,26.38195037841797,0.004286303650587797,0.04080539279513889,0.8956220746040344,0.9148106575012207,3.02457332640928,0.04080539279513889,True,1.5093019926511189,0.8451597454382342,0.3263349001833854,0.9366740716567147,3.2213140783391094,0.11486823525693682,0.002391332993283868,0.0002264066133648157,0.19748099148273468
NeuralLoom,Mekhela chador body/Mekhela chador body/Mekhela chador/20180831_105656.jpg,Mekhela chador,20180831_105656.jpg,mekhela_source,,20180831_105656.jpg,source,Mekhela,/projects/sandbox/data/NeuralLoom/Mekhela chador body/Mekhela chador body/Mekhela chador/20180831_105656.jpg,.jpg,3162137,False,JPEG,RGB,2571,2572,6612612,0.9996,3,2,b32200387b766a62774707685c15e664,d1f300f10647943ddc4cbc0660bb27683bd99fb4fe81d32cd4a84ea81cd945fc,0f1f7f1f1f0d0f19,bf9d9b733bd9fbf3,8af4043b4d9965dd,197.56935119628906,188.88735961914062,170.76776123046875,19.354127883911133,24.929500579833984,42.97111129760742,185.74148559570312,32.74439239501953,0.09497340023517609,0.2650566101074219,0.24601611495018005,0.1647973507642746,0.782760500907898,76.81942749023438,0.5839005708694458,10.55937671661377,6.400006610484283,0.0,0.0,-6.510219630650388,38.16048812866211,0.03603386878967285,0.26513544386422977,0.8966352343559265,0.9006812572479248,3.998553820444583,0.26513544386422977,True,7.052647638013388,0.4456856907903032,0.14099577743446462,0.6123581908759265,3.2206821012816915,0.11488095415889205,0.009631499648094177,0.0014088472817093134,0.33323433995246887
NeuralLoom,Mekhela chador body/Mekhela chador body/Mekhela chador/20180831_105815.jpg,Mekhela chador,20180831_105815.jpg,mekhela_source,,20180831_105815.jpg,source,Mekhela,/projects/sandbox/data/NeuralLoom/Mekhela chador body/Mekhela chador body/Mekhela chador/20180831_105815.jpg,.jpg,1077379,False,JPEG,RGB,1816,1815,3296040,1.0006,3,2,2e4797f125143bdfce1a74f849100826,44075c96ce18ccec35102a1315c5c2e7da32d6d3feaf0517343945d04591a3ad,19090eb7fd98f9ff,6a7af42d2923a354,9f3f954ae3e050a2,201.3258819580078,192.4449005126953,185.9478302001953,17.9998722076416,50.95595932006836,47.04037857055664,193.23951721191406,41.84292984008789,0.16933412849903107,0.36109545826911926,0.2390337884426117,0.11786007136106491,0.8042304515838623,78.7409896850586,2.4959139823913574,5.677119255065918,6.124345541229362,0.0,2.039817232375979e-05,-4.6204639977345625,43.33283233642578,0.020510554313659668,0.0500707136640557,0.8832424879074097,0.8371422290802002,3.7307585162337538,0.0500707136640557,True,5.419486636112019,0.6924427796866821,0.24248889632845874,0.8923199898534637,3.2191253533894977,0.11619757819873404,0.005424142349511385,0.0005530442576855421,0.23209179937839508
NeuralLoom,Mekhela chador body/Mekhela chador body/Mekhela chador/20180831_105834.jpg,Mekhela chador,20180831_105834.jpg,mekhela_source,,20180831_105834.jpg,source,Mekhela,/projects/sandbox/data/NeuralLoom/Mekhela chador body/Mekhela chador body/Mekhela chador/20180831_105834.jpg,.jpg,1189607,False,JPEG,RGB,1786,1786,3189796,1.0,3,2,8734618f4baa225225ef84fe7e5178da,3f45aa359d35267f0079230d2bdddace822025fc30e97008d77849e01335376f,7c10ff1f09fff991,d931317c5b93b137,8a526cd33f83856b,204.50965881347656,202.37661743164062,192.6467742919922,14.028833389282227,20.898029327392578,41.86665725708008,199.84437561035156,28.67249298095703,0.07934418320655823,0.42754292488098145,0.20987941324710846,0.11057331413030624,0.8212110996246338,81.41360473632812,-0.40465810894966125,5.410694599151611,5.721490045540853,0.0,0.0,-6.093050967247085,34.7264404296875,0.01087699644267559,0.1031155056423611,0.9271357655525208,0.929492712020874,3.8575537435758065,0.1031155056423611,True,2.551993352361688,0.6828476086805714,0.3103560871750971,0.8035700439726833,3.2176107602566324,0.11624726395548127,0.004369480535387993,0.0004400881298352033,0.2999170124530792
NeuralLoom,Mekhela chador body/Mekhela chador body/Mekhela chador/20180831_110001.jpg,Mekhela chador,20180831_110001.jpg,mekhela_source,,20180831_110001.jpg,source,Mekhela,/projects/sandbox/data/NeuralLoom/Mekhela chador body/Mekhela chador body/Mekhela chador/20180831_110001.jpg,.jpg,631677,False,JPEG,RGB,1460,1460,2131600,1.0,3,2,6fab4286c441a47dfa65261be2042753,f3597d8799bf623c41cbb6e715b1c8b1b2b87ba75f9f83e5d64b16b286ab5f90,0e0e1affffceccde,fcfaf6a68e9c98b0,902f1a72ae72cc5b,122.41898345947266,145.78977966308594,66.09891510009766,35.44865417480469,19.01950454711914,18.550615310668945,111.43590545654297,42.10594177246094,0.08150041103363037,0.21441633999347687,0.05563516542315483,0.5751094818115234,0.5746924877166748,57.26583480834961,-20.40656852722168,39.181541442871094,6.4699982804941385,0.0,0.0,-11.701840816680672,52.61488342285156,0.015146821737289429,0.08503705117629816,0.9076035022735596,0.9186785221099854,3.724006183548393,0.08503705117629816,True,2.618615095285841,0.6204875019013905,0.17106555911629445,0.8257680989921059,3.2667200110930787,0.10874538909452962,0.004905741661787033,0.000968854408711195,0.39746370911598206
NeuralLoom,Mekhela chador body/Mekhela chador body/Mekhela chador/20180831_110036.jpg,Mekhela chador,20180831_110036.jpg,mekhela_source,,20180831_110036.jpg,source,Mekhela,/projects/sandbox/data/NeuralLoom/Mekhela chador body/Mekhela chador body/Mekhela chador/20180831_110036.jpg,.jpg,1814835,False,JPEG,RGB,2735,2734,7477490,1.0004,3,2,796bed5034078d42831e26cdcbb4193b,0fe0778bac945120c58907df162eddd0c0d646b077d93b0825b5d4cf6a84b1e5,87078304019fcf27,2e0e1f3d5b3f9cee,b27ba68d06f82dc1,170.3232879638672,191.64410400390625,169.67332458496094,21.460880279541016,40.48805618286133,33.96540832519531,177.21356201171875,34.47740173339844,0.12641306221485138,0.38551607728004456,0.16829326748847961,0.24221405386924744,0.801834225654602,75.84912872314453,-10.402661323547363,9.40750789642334,6.312942370706938,0.0,0.0,-6.773605095903273,56.669921875,0.03462154045701027,0.07550043516100957,0.9190949201583862,0.894855260848999,3.777324495421333,0.07550043516100957,True,5.236729855989168,0.7416086983570029,0.27596476433224804,0.8010504962290301,3.216589234808657,0.11382985208002298,0.00593156274408102,0.00025486855884082615,0.3519015908241272
NeuralLoom,Mekhela chador body/Mekhela chador body/Mekhela chador/20180831_110203.jpg,Mekhela chador,20180831_110203.jpg,mekhela_source,,20180831_110203.jpg,source,Mekhela,/projects/sandbox/data/NeuralLoom/Mekhela chador body/Mekhela chador body/Mekhela chador/20180831_110203.jpg,.jpg,1791505,False,JPEG,RGB,2519,2519,6345361,1.0,3,2,56a772b295c688ee17d79719cc08dd88,7cc69f508da31f560a7f90145ef0d920ff2345508961d01c04ca5b92bbc75d02,8b002726079f9f07,333b4c4c6d37337d,ba6169a846bdaa39,171.84344482421875,92.00531005859375,141.88650512695312,15.388179779052734,39.122703552246094,22.755264282226562,135.2450714111328,42.96669006347656,0.11800243705511093,0.7685921788215637,0.2661857008934021,0.5065868496894836,0.676209032535553,50.613136291503906,38.459693908691406,-12.17567253112793,6.468924466588571,0.0,0.0,-9.071706642824791,66.590576171875,0.012828894890844822,0.10093463040855143,0.893515944480896,0.881658136844635,3.8418054511839053,0.10093463040855143,True,2.5110925128020067,0.7439882785060015,0.24258587726515637,0.8847049602863698,3.241222046595241,0.11094614698417646,0.0039521874859929085,0.00011746701056836173,0.29620665311813354
NeuralLoom,Mekhela chador body/Mekhela chador body/Mekhela chador/20180831_110943.jpg,Mekhela chador,20180831_110943.jpg,mekhela_source,,20180831_110943.jpg,source,Mekhela,/projects/sandbox/data/NeuralLoom/Mekhela chador body/Mekhela chador body/Mekhela chador/20180831_110943.jpg,.jpg,1119360,False,JPEG,RGB,1749,1749,3059001,1.0,3,2,285d3032dcc0bff0cce788e30c78a1b7,fa19c6c98003489ea71488f9695cc542097d8e4c3bdeded402ddd5f132785576,c0db01202601db03,1233fbcecc1b131b,a95ab854566557a3,87.36981201171875,75.56485748291016,61.10639190673828,40.468196868896484,33.50970458984375,39.51543045043945,74.68036651611328,39.446598052978516,0.13617460429668427,0.17100121080875397,0.19397702813148499,0.3442501723766327,0.34289881587028503,32.5871696472168,2.235659599304199,10.77950382232666,5.958033256546697,0.0,2.0345052083333332e-05,-10.279247136023773,26.831199645996094,0.02902873419225216,0.05792236328125,0.8994040489196777,0.9141882061958313,3.633749820386388,0.05792236328125,True,5.793629986314586,0.6472328949969963,0.26193975901216393,0.8532131615589262,3.2024902743849797,0.11892304045182688,0.005802735220640898,0.0004653341311495751,0.32047638297080994
NeuralLoom,Mekhela chador body/Mekhela chador body/Mekhela chador/20180831_111139.jpg,Mekhela chador,20180831_111139.jpg,mekhela_source,,20180831_111139.jpg,source,Mekhela,/projects/sandbox/data/NeuralLoom/Mekhela chador body/Mekhela chador body/Mekhela chador/20180831_111139.jpg,.jpg,1108405,False,JPEG,RGB,2171,2171,4713241,1.0,3,2,c195a25e4f7aa2fe5080c06e823a9891,4aa6ff458528960c5bf47f4255bdd0a42489395aad8cd3ff66c5161b18bdfbc1,001636043f3f5f3f,24646cacec74aaea,867e69ff0000ef99,206.4828338623047,205.8974151611328,199.83119201660156,10.455650329589844,15.639351844787598,23.602890014648438,204.0705108642578,17.683656692504883,0.05774006247520447,0.3425285518169403,0.19405290484428406,0.058798447251319885,0.8227434754371643,82.61044311523438,-0.7383046746253967,3.1887574195861816,5.556014932793119,0.0,0.0,-2.7807128751760795,18.152189254760742,0.006544174626469612,0.0667453342013889,0.9505215287208557,0.9432706236839294,3.60303709246195,0.0667453342013889,True,1.504799193752031,0.7851943369294839,0.32671076674184796,0.776112630487785,3.2282597672542894,0.11350204473660316,0.0032674167305231094,0.0003353314532432705,0.31093165278434753
NeuralLoom,Mekhela chador body/Mekhela chador body/Mekhela chador/20180831_111350.jpg,Mekhela chador,20180831_111350.jpg,mekhela_source,,20180831_111350.jpg,source,Mekhela,/projects/sandbox/data/NeuralLoom/Mekhela chador body/Mekhela chador body/Mekhela chador/20180831_111350.jpg,.jpg,434757,False,JPEG,RGB,1282,1282,1643524,1.0,3,2,55cf5b77a4c1105311180ad16a14e290,fe6c0af7531e6a0b5c3b0001fec66f392b870b4d7a354c4e19bfc78a56f6607a,28ff44ff2aff545f,4adcb5b14a7cb5b5,907fa0777f003b62,173.88446044921875,168.6208953857422,161.35157775878906,46.14025115966797,44.657875061035156,39.44952392578125,167.95228576660156,43.812931060791016,0.17416128516197205,0.21293701231479645,0.2391078770160675,0.09348837286233902,0.6876579523086548,68.85900115966797,0.666057825088501,4.310976505279541,6.372005624008959,0.0,0.0,-7.281351487253525,16.570384979248047,0.03538012132048607,0.08978271484375,0.8474812507629395,0.8237150311470032,3.9796150443741833,0.08978271484375,True,9.962297861923586,0.6872582076817031,0.2652258696788889,0.8378498964759218,3.2638015998225143,0.10814440259594976,0.008053714409470558,0.0008046814473345876,0.22943490743637085
NeuralLoom,Mekhela chador body/Mekhela chador body/Mekhela chador/20180831_111707.jpg,Mekhela chador,20180831_111707.jpg,mekhela_source,,20180831_111707.jpg,source,Mekhela,/projects/sandbox/data/NeuralLoom/Mekhela chador body/Mekhela chador body/Mekhela chador/20180831_111707.jpg,.jpg,76501,False,JPEG,RGB,454,454,206116,1.0,3,2,c196e741c25a930de0dd1f52c9fe6afa,cdaecc3c8daf95707dce0d4df8503722fef68bbe6957ffb92d9313c7e62e3676,e3fc3c3fffe7e7ed,8f0c7071f38f8f09,e65472a68d275cf0,204.91305541992188,199.30886840820312,171.07638549804688,43.19227981567383,42.81712341308594,42.722381591796875,191.76609802246094,45.39413070678711,0.16598665714263916,0.15786541998386383,0.055137746036052704,0.1786113828420639,0.8074887990951538,79.76878356933594,-2.537951707839966,14.93171215057373,5.690868248687477,0.00048149956597222225,0.0,-11.502353270221391,31.503971099853516,0.003825532039627433,0.03605821397569445,0.9059085249900818,0.8690558075904846,2.988967241246272,0.03605821397569445,True,2.192235180949721,0.8297700830172555,0.3975267177370255,0.9606668671489276,3.231908258666111,0.11150176280442578,0.002888425951823592,0.0002947546308860183,0.11871521919965744
NeuralLoom,Mekhela chador body/Mekhela chador body/Mekhela chador/20180831_111806.jpg,Mekhela chador,20180831_111806.jpg,mekhela_source,,20180831_111806.jpg,source,Mekhela,/projects/sandbox/data/NeuralLoom/Mekhela chador body/Mekhela chador body/Mekhela chador/20180831_111806.jpg,.jpg,1645516,False,JPEG,RGB,3023,3024,9141552,0.9997,3,2,23625b177ff6a191a2fe689a024837cb,32ba467da9ad63b271b6432a2b072cfb4d0bb05d06ea00dd3ea4ac05787cf55f,030703070fcfc7a7,6f9fbb3d3dbb176f,aa0167d856b97a59,194.9376678466797,188.1314697265625,190.3218231201172,17.715625762939453,32.98019027709961,22.939363479614258,191.1303253173828,25.507469177246094,0.10771506279706955,0.3012441098690033,0.23734717071056366,0.11096617579460144,0.7899045348167419,77.02445220947266,3.296733856201172,-0.17750829458236694,6.134966393282758,0.0,0.0,-3.9081917092419243,37.52738571166992,0.010693122632801533,0.06642324847693647,0.896416425704956,0.9360052347183228,3.8472773344653546,0.06642324847693647,True,2.264247058177818,0.8008407740767303,0.27869635472668863,0.8848988501843348,3.2156159227575327,0.11368599571911778,0.003726083319634199,0.0003901754389517009,0.29247623682022095
NeuralLoom,Mekhela chador body/Mekhela chador body/Mekhela chador/20180831_112053.jpg,Mekhela chador,20180831_112053.jpg,mekhela_source,,20180831_112053.jpg,source,Mekhela,/projects/sandbox/data/NeuralLoom/Mekhela chador body/Mekhela chador body/Mekhela chador/20180831_112053.jpg,.jpg,343443,False,JPEG,RGB,1312,1311,1720032,1.0008,3,2,0731d5ad36fe697ba31844846d13214a,1624c69429b5a4b2ea725dbe119f866e8a005c80deef8de4df84326a1a33b834,050505bdf5bdf7b5,6d6969694d6d4d6d,92293fe1d6a156a5,207.99888610839844,209.1681365966797,202.6053924560547,24.06122398376465,26.77610969543457,37.41022491455078,206.59080505371094,30.110551834106445,0.09954976290464401,0.43931958079338074,0.1938289850950241,0.11829660087823868,0.8515495657920837,83.67996978759766,-1.0620033740997314,3.3855910301208496,5.610705763419176,0.0,0.0,-7.104913418548246,33.79243469238281,0.011308231391012669,0.10001903829416885,0.9347282648086548,0.9189115762710571,3.9839191397044074,0.10001903829416885,True,3.3903866393085367,0.7692507791295098,0.3903874544837837,0.8279682034845727,3.2193731818132205,0.11349273476071305,0.005086063407361507,0.0003021945303771645,0.22483527660369873
NeuralLoom,Mekhela chador body/Mekhela chador body/Mekhela chador/20180831_112159.jpg,Mekhela chador,20180831_112159.jpg,mekhela_source,,20180831_112159.jpg,source,Mekhela,/projects/sandbox/data/NeuralLoom/Mekhela chador body/Mekhela chador body/Mekhela chador/20180831_112159.jpg,.jpg,661680,False,JPEG,RGB,1838,1838,3378244,1.0,3,2,22a1ae0ff2e5d3a51ba8712a1b69d549,367204b7c9344e7d1d8ac3ed694d07ec514bd499a4fe7ac8208ea90e3f2dcf6d,01051f0e7f173f3b,b9a9fd5cddaded57,8a7a0da2d5f7848d,197.6549072265625,194.1464080810547,186.8249969482422,18.968467712402344,32.81529235839844,33.001102447509766,192.87539672851562,29.36429786682129,0.11613916605710983,0.24907392263412476,0.1907355636358261,0.0763087123632431,0.7789219617843628,78.56427001953125,0.14543870091438293,4.454930782318115,5.808805867666897,0.0,0.0,-5.354013257594303,22.973905563354492,0.005599426571279764,0.03239610460069445,0.9083011746406555,0.9196192026138306,3.9060049163567108,0.03239610460069445,True,1.6906346345414454,0.853785292323561,0.34156544593705157,0.9331112880456478,3.2017769667823286,0.11602128563839713,0.0025240667164325714,0.00037839682772755623,0.23338235914707184
NeuralLoom,Mekhela chador body/Mekhela chador body/Mekhela chador/20180831_112239.jpg,Mekhela chador,20180831_112239.jpg,mekhela_source,,20180831_112239.jpg,source,Mekhela,/projects/sandbox/data/NeuralLoom/Mekhela chador body/Mekhela chador body/Mekhela chador/20180831_112239.jpg,.jpg,235183,False,JPEG,RGB,1179,1178,1388862,1.0008,3,2,9568cbbdb7060410e50da74b6542bd65,4b8190e7f24f0b1abe8f66cec1185883ad401ffc16a49ecf799826fbcb754f6b,907dfc6465fff9f9,31d151c9cd555333,ca1e0c1e3e3edc2c,209.11355590820312,206.9114990234375,196.8545684814453,16.15164566040039,28.651779174804688,33.326934814453125,204.2931671142578,27.55545425415039,0.1010952740907669,0.35062387585639954,0.222478985786438,0.10701680183410645,0.83724045753479,83.01548767089844,-0.6831174492835999,5.501708507537842,5.569940095469483,0.0,0.0,-4.414167830453312,28.718780517578125,0.0026123947463929653,0.017250054395126196,0.9422708749771118,0.9425116777420044,3.5535271349588746,0.017250054395126196,True,0.8828319545108918,0.8817349941933084,0.37651632318151773,0.9539080861595599,3.201990378761343,0.11626406504503742,0.0019758278504014015,0.00029704533517360687,0.22053733468055725
NeuralLoom,Mekhela chador body/Mekhela chador body/Mekhela chador/20180831_112309.jpg,Mekhela chador,20180831_112309.jpg,mekhela_source,,20180831_112309.jpg,source,Mekhela,/projects/sandbox/data/NeuralLoom/Mekhela chador body/Mekhela chador body/Mekhela chador/20180831_112309.jpg,.jpg,440934,False,JPEG,RGB,1263,1263,1595169,1.0,3,2,35d1e550a90f742816cf9bddc1b5cb93,a92e4d2fac4a77b1014dd368bc859bf94ad5a5f9864342de27aa52c1e74cc3a5,49ff374949b6ff49,9b64649b9b646d9b,a85c69fc29eb6628,180.3916778564453,174.4072265625,160.2578887939453,57.62944793701172,52.373443603515625,48.21090316772461,171.6856231689453,53.54816818237305,0.20789068937301636,0.1724643111228943,0.14375971257686615,0.13845260441303253,0.7147819995880127,70.64947509765625,-0.2838832437992096,7.857868671417236,6.308823335055481,0.0,0.0,-7.926614644857166,22.9727725982666,0.023157211020588875,0.0846896701388889,0.819121241569519,0.8655619025230408,3.981054741173861,0.0846896701388889,True,8.60977454409641,0.6947076902059341,0.29089234035046607,0.9027702059088739,3.241278743264372,0.11116154648271606,0.006359855644404888,0.0014812080189585686,0.18519547581672668
NeuralLoom,Mekhela chador body/Mekhela chador body/Mekhela chador/20180831_112523.jpg,Mekhela chador,20180831_112523.jpg,mekhela_source,,20180831_112523.jpg,source,Mekhela,/projects/sandbox/data/NeuralLoom/Mekhela chador body/Mekhela chador body/Mekhela chador/20180831_112523.jpg,.jpg,1661317,False,JPEG,RGB,2371,2371,5621641,1.0,3,2,60c7247a1a296896f8b522e54b39a5f8,a863fb978c58bcc374a288bb912ef37a75ce21461c8089ec86e59e0f3b64ccbe,ff00ff007f01ff00,ebaaf6d5d92ad5d5,80fd60ff00e53f94,189.8290252685547,187.05233764648438,185.47535705566406,59.23044967651367,56.64704895019531,52.37171173095703,187.45223999023438,56.183170318603516,0.2229585498571396,0.31074628233909607,0.3107331097126007,0.07278461009263992,0.7540459036827087,75.2694091796875,0.7844067215919495,0.9238108396530151,6.400943194856053,0.0,6.781684027777777e-06,-4.644509465801974,10.572701454162598,0.08670057356357574,0.10490587022569445,0.8512560725212097,0.7890156507492065,3.991466464125092,0.10490587022569445,True,22.19113496673518,0.6371965481806235,0.2468796370539595,0.7810159553493242,3.2422955964338933,0.11209711524439446,0.012490073218941689,0.001676495186984539,0.260436087846756
NeuralLoom,Mekhela chador body/Mekhela chador body/Mekhela chador/20180831_112602.jpg,Mekhela chador,20180831_112602.jpg,mekhela_source,,20180831_112602.jpg,source,Mekhela,/projects/sandbox/data/NeuralLoom/Mekhela chador body/Mekhela chador body/Mekhela chador/20180831_112602.jpg,.jpg,533534,False,JPEG,RGB,1328,1771,2351888,0.7499,3,2,8ef4808e83f380fd320bf5c994ab521c,30e22b2180f1e9f529c6915e79a6332c608f004f2e2c07a3999cb81ef4600046,0003006337393fff,ffeb898defe3f0f4,86709d0fb5194e37,214.16888427734375,209.1336669921875,202.88131713867188,7.818960666656494,8.55129337310791,12.647860527038574,208.72793579101562,10.926733016967773,0.033791810274124146,0.18257242441177368,0.25723743438720703,0.05466905236244202,0.8400980830192566,84.11016082763672,0.6438092589378357,3.7307169437408447,5.099631891861544,0.0,0.0,-10.609580877292414,9.187328338623047,0.0012780717806890607,0.006288109756097561,0.9709120988845825,0.9598522782325745,3.0499601511625567,0.006288109756097561,True,0.3683043803690288,0.8536299749139601,0.40077999334870656,0.8532065329329835,3.2082011400782164,0.11637581502653918,0.0019052912248298526,0.0005052992491982877,0.3699069917201996
NeuralLoom,Mekhela chador body/Mekhela chador body/Mekhela chador/20180831_112728.jpg,Mekhela chador,20180831_112728.jpg,mekhela_source,,20180831_112728.jpg,source,Mekhela,/projects/sandbox/data/NeuralLoom/Mekhela chador body/Mekhela chador body/Mekhela chador/20180831_112728.jpg,.jpg,3322720,False,JPEG,RGB,3023,3024,9141552,0.9997,3,2,bb29c3d7089fd41a92a1bf6381f1e6bf,d3c00bf6490a6d10aa7f381c2a18f83ca7b3a30589483077779ddf53e4b8b920,000001ffffff0000,e3e3f3d2e0f2f8fc,816a3ed5f601257e,178.990478515625,140.83116149902344,136.81785583496094,44.79751205444336,72.05320739746094,65.69122314453125,152.2131805419922,64.80074310302734,0.23620548844337463,0.516739010810852,0.3526352643966675,0.3564108610153198,0.7468329668045044,63.592777252197266,14.743566513061523,11.751786231994629,7.237976226765659,0.0,0.0,-4.508974198683111,88.91210174560547,0.08124282211065292,0.22367275892080069,0.8166793584823608,0.7998852729797363,3.8500366591876958,0.22367275892080069,True,18.709591024681615,0.47265977887032384,0.1350075854920606,0.8088814111931308,3.254256267439315,0.1098454489378535,0.015845205634832382,0.0016140425577759743,0.2575553059577942
NeuralLoom,Mekhela chador body/Mekhela chador body/Mekhela chador/20180831_112917.jpg,Mekhela chador,20180831_112917.jpg,mekhela_source,,20180831_112917.jpg,source,Mekhela,/projects/sandbox/data/NeuralLoom/Mekhela chador body/Mekhela chador body/Mekhela chador/20180831_112917.jpg,.jpg,235327,False,JPEG,RGB,971,971,942841,1.0,3,2,8f499282aacb5eab5e753a1ae72b4205,c0618d263481dfc7d806dd67623d0cb16af40ee11fbf5dbae40752127bfe16ef,00013636cc48cdcd,395be46699939939,98077a7916d407fa,75.379150390625,62.83655548095703,151.24049377441406,38.07321548461914,37.53206253051758,16.791751861572266,96.48540496826172,50.7149772644043,0.13529101014137268,0.6528836488723755,0.14836713671684265,0.6226295232772827,0.6051214337348938,32.83548355102539,31.29402732849121,-46.54575729370117,5.202262570590728,0.0,0.0,-9.073034355334482,65.7585220336914,0.019369235262274742,0.05209011501736111,0.9058090448379517,0.8975460529327393,3.6514809584377073,0.05209011501736111,True,4.779716049452415,0.7881429389132084,0.447003825937624,0.8601048214784458,3.233808672460431,0.11363022608889475,0.004099826794117689,0.0009509978117421269,0.24386680126190186
NeuralLoom,Mekhela chador body/Mekhela chador body/Mekhela chador/20180831_113053.jpg,Mekhela chador,20180831_113053.jpg,mekhela_source,,20180831_113053.jpg,source,Mekhela,/projects/sandbox/data/NeuralLoom/Mekhela chador body/Mekhela chador body/Mekhela chador/20180831_113053.jpg,.jpg,359470,False,JPEG,RGB,1283,1282,1644806,1.0008,3,2,2acc4d2cdad6eacdb24c9eac766f32cb,945217f2870edc615e57fb63e6c97fe8fd53166d672f7e223e22821e26d024f1,3c88c1430c011e1e,f8190fcf19ad70f0,99fa9d171189e0d9,192.62155151367188,61.688140869140625,125.7142333984375,10.59533977508545,52.1270637512207,22.24725341796875,126.67464447021484,62.97511291503906,0.15552999079227448,0.8190096020698547,0.2586681842803955,0.7002881765365601,0.7567596435546875,48.87020492553711,54.57121658325195,-4.550279140472412,5.534816731964405,0.0,0.0,-11.738946464964581,89.68519592285156,0.010549988597631454,0.054497117058311575,0.9007542729377747,0.8847217559814453,3.459472441721119,0.054497117058311575,True,2.9539087390465983,0.8067313082591976,0.43384924889581133,0.9197820775557864,3.2035528675356284,0.11768971946480002,0.0032396684400737286,0.0009053422836586833,0.1955394595861435
NeuralLoom,Mekhela chador body/Mekhela chador body/Mekhela chador/20180831_113149.jpg,Mekhela chador,20180831_113149.jpg,mekhela_source,,20180831_113149.jpg,source,Mekhela,/projects/sandbox/data/NeuralLoom/Mekhela chador body/Mekhela chador body/Mekhela chador/20180831_113149.jpg,.jpg,677578,False,JPEG,RGB,1971,1971,3884841,1.0,3,2,68f17dc78aebb8596263f241721a8e47,3644e6703cfd472118a8b96f657cd3612c394bb9a8bce6568691237996e1e9ea,0103130f1e1f1fd7,7bb6b7da347bb436,9c296d1b58836d7c,207.3455810546875,208.558349609375,209.18841552734375,25.212326049804688,18.103906631469727,18.96295928955078,208.36407470703125,21.013975143432617,0.06938329339027405,0.5023773908615112,0.2248697131872177,0.05814966931939125,0.837995171546936,83.67898559570312,0.0006039805011823773,-0.2647613286972046,5.515458095841657,0.0,0.0,-1.6797164247985805,25.873987197875977,0.007527906913310289,0.05240207248263889,0.9322975277900696,0.9418132901191711,3.728766825892918,0.05240207248263889,True,1.953285429228674,0.8477069407695338,0.3959065824788853,0.8056405124742785,3.1710440876342814,0.12034212595518724,0.0032806084491312504,0.0002573119418229908,0.26004865765571594
NeuralLoom,Mekhela chador body/Mekhela chador body/Mekhela chador/20180831_113304.jpg,Mekhela chador,20180831_113304.jpg,mekhela_source,,20180831_113304.jpg,source,Mekhela,/projects/sandbox/data/NeuralLoom/Mekhela chador body/Mekhela chador body/Mekhela chador/20180831_113304.jpg,.jpg,2166443,False,JPEG,RGB,2751,2752,7570752,0.9996,3,2,5642c18b4cb3291ba339aca8183f92ff,d257ef3e2703b65afb07b41e820f5c59dacafb33ca87b40f51036ea7656cbd8a,f4fefcf6f8f89068,2492d024d89024db,d5fc2ade327441c1,190.22274780273438,169.2506561279297,166.896240234375,23.66727638244629,57.98459243774414,58.133968353271484,175.45654296875,50.43723678588867,0.19509032368659973,0.47371944785118103,0.3208097219467163,0.1866547018289566,0.7586988806724548,71.60840606689453,7.696907043457031,6.0125603675842285,7.061072795433543,0.0,0.0,-3.2912114224276516,54.038551330566406,0.06599811464548111,0.1515380221932115,0.8131387233734131,0.8039899468421936,3.9732535456719424,0.1515380221932115,True,12.912712260957232,0.6359627157417602,0.18453874572382517,0.8093641319638285,3.227254718237105,0.11265698528028947,0.010638241656124592,0.0007709477795287967,0.2921484112739563
NeuralLoom,Mekhela chador body/Mekhela chador body/Mekhela chador/20180831_113330.jpg,Mekhela chador,20180831_113330.jpg,mekhela_source,,20180831_113330.jpg,source,Mekhela,/projects/sandbox/data/NeuralLoom/Mekhela chador body/Mekhela chador body/Mekhela chador/20180831_113330.jpg,.jpg,240043,False,JPEG,RGB,1179,1178,1388862,1.0008,3,2,034e9f811c38f3616b95e52431898729,5865295d12c717331ac87a08e103118d62786811368e7d84b090ca0202513589,580b2d36da7e7cfc,b2b2d944b290c848,d51d5155d5574057,212.01980590820312,213.97386169433594,213.3062286376953,10.595696449279785,28.032962799072266,27.070873260498047,213.09994506835938,23.330387115478516,0.0931498110294342,0.4980587661266327,0.12489670515060425,0.055018894374370575,0.8560539484024048,85.54596710205078,-0.5927091240882874,0.4601370394229889,4.902972802849278,0.0,0.0,-8.18962301289708,24.198640823364258,0.004932356532663107,0.026714806353350738,0.9488935470581055,0.9431934356689453,3.9385933802082747,0.026714806353350738,True,1.7772741670612566,0.8768502116571584,0.49869766025141005,0.8830712310402344,3.1840420786796564,0.12020331903413761,0.0026136059314012527,0.0003392877406440675,0.16925789415836334
NeuralLoom,Mekhela chador body/Mekhela chador body/Mekhela chador/20180831_113406.jpg,Mekhela chador,20180831_113406.jpg,mekhela_source,,20180831_113406.jpg,source,Mekhela,/projects/sandbox/data/NeuralLoom/Mekhela chador body/Mekhela chador body/Mekhela chador/20180831_113406.jpg,.jpg,414552,False,JPEG,RGB,1416,1415,2003640,1.0007,3,2,4a9c749dc53aabf66446fccee6b90a20,7e3b97ceb61891cc07999979315be2e8948da0a8b78dcbec9c0328a4f9ab8419,333300cccc003133,e3e3890818c86be7,86398d71fa387178,186.65440368652344,57.19989013671875,131.28408813476562,10.215234756469727,45.366451263427734,20.818212509155273,125.04615783691406,60.64506530761719,0.13702453672885895,0.8515315651893616,0.19032327830791473,0.7055157423019409,0.7337855100631714,46.979610443115234,56.081703186035156,-10.851879119873047,5.253559819802053,0.0,6.799390774586597e-06,-13.133014208191184,81.25505065917969,0.020090874284505844,0.05110422106179286,0.8968306183815002,0.9248389005661011,3.660823474379148,0.05110422106179286,True,4.6605257157872355,0.8158092995242335,0.4424494153873509,0.8409091826410812,3.196551285088985,0.11863771612786732,0.004346189089119434,0.000687387480866164,0.2530769407749176
NeuralLoom,Mekhela chador body/Mekhela chador body/Mekhela chador/20180831_113426.jpg,Mekhela chador,20180831_113426.jpg,mekhela_source,,20180831_113426.jpg,source,Mekhela,/projects/sandbox/data/NeuralLoom/Mekhela chador body/Mekhela chador body/Mekhela chador/20180831_113426.jpg,.jpg,213065,False,JPEG,RGB,1134,1134,1285956,1.0,3,2,a71986991cc1ce558323664954b57388,0b5810313572f7dbdae2833fac0070561aee75c724bc98fae4476b5e0474137b,3e3e2c24bc3c9c98,6270e84870683032,9f03ac9de7304738,222.35653686523438,221.10997009277344,216.4176025390625,11.560179710388184,14.324284553527832,14.29571533203125,219.96139526367188,13.696769714355469,0.052223701030015945,0.1726413369178772,0.11954863369464874,0.03605447709560394,0.8755733966827393,88.12020111083984,-0.3009570240974426,2.4431257247924805,4.485660457192686,0.0,0.0,-9.524842933211309,14.651412963867188,0.0017256044084206223,0.013719346788194444,0.9717766642570496,0.9710170030593872,3.0808415749353935,0.013719346788194444,True,0.6062807446082075,0.9031221783991766,0.5530296589287116,0.886718254289171,3.1483551710528235,0.12643417467673618,0.0017994031077250838,0.00020933710038661957,0.22143252193927765
NeuralLoom,Mekhela chador body/Mekhela chador body/Mekhela chador/20180831_113449.jpg,Mekhela chador,20180831_113449.jpg,mekhela_source,,20180831_113449.jpg,source,Mekhela,/projects/sandbox/data/NeuralLoom/Mekhela chador body/Mekhela chador body/Mekhela chador/20180831_113449.jpg,.jpg,167594,False,JPEG,RGB,942,941,886422,1.0011,3,2,e4ebf4d77c1ce78ba497dd5665672c9c,280f7b0e55bf3b78a82296ce48a68ec6d75050402ab57d225d2cc48f014fccaa,9c9cfefefe9e0600,3030606060206ce0,dc98383c59a651e7,209.88613891601562,209.78956604003906,207.34669494628906,14.173020362854004,16.069725036621094,15.603248596191406,209.00747680664062,15.348333358764648,0.05960516631603241,0.30413031578063965,0.19924087822437286,0.03515680134296417,0.8329366445541382,84.0492172241211,-0.2886018455028534,1.2080632448196411,5.595478653202427,0.0,0.0,-3.456680415192956,14.678471565246582,0.0011038756929337978,0.055462630548302874,0.9528411626815796,0.9504733085632324,3.868945134144063,0.055462630548302874,True,0.526235051000333,0.8492220612193228,0.34180226404595765,0.9246527875724291,3.182889526501741,0.1180834710971864,0.0019200851675122976,0.00048310268903151155,0.2146374136209488
NeuralLoom,mekhela_cropped_imgs/mekhela_cropped_imgs/mekhela_cropped_imgs20180828_182615.jpg/cropped_1.jpg,mekhela_cropped_imgs20180828_182615.jpg,cropped_1.jpg,mekhela_crop,,mekhela_cropped_imgs20180828_182615.jpg,crop,Mekhela,/projects/sandbox/data/NeuralLoom/mekhela_cropped_imgs/mekhela_cropped_imgs/mekhela_cropped_imgs20180828_182615.jpg/cropped_1.jpg,.jpg,36957,False,JPEG,RGB,582,582,338724,1.0,3,0,5e5511a8e8498a932b0837d895f0f8f7,8fac9a4b6583a86df03936ad7339e091a1d10f9d5446a03a7c88e89369187996,0e0e0f0f06004064,5c1c9cdccc8c8c88,939f684ee197910b,49.60142135620117,87.5142822265625,175.83670043945312,41.945560455322266,27.801231384277344,28.40245246887207,104.31746673583984,62.530609130859375,0.10950854420661926,0.5906810164451599,0.12686073780059814,0.7492868900299072,0.7073721289634705,39.581947326660156,20.630231857299805,-50.40087127685547,5.997139601741142,0.0,0.0,-12.276926370283435,88.45853424072266,0.0029314446728676558,0.027330186631944444,0.9013981223106384,0.9123552441596985,2.540460767419116,0.027330186631944444,True,1.2260155440464189,0.8038378764084961,0.30975431068336445,0.9484801069293631,3.260482011777265,0.10807869206240148,0.0025777965784072876,0.00019980108481831849,0.1724923998117447
NeuralLoom,mekhela_cropped_imgs/mekhela_cropped_imgs/mekhela_cropped_imgs20180828_182615.jpg/cropped_2.jpg,mekhela_cropped_imgs20180828_182615.jpg,cropped_2.jpg,mekhela_crop,,mekhela_cropped_imgs20180828_182615.jpg,crop,Mekhela,/projects/sandbox/data/NeuralLoom/mekhela_cropped_imgs/mekhela_cropped_imgs/mekhela_cropped_imgs20180828_182615.jpg/cropped_2.jpg,.jpg,38753,False,JPEG,RGB,582,581,338142,1.0017,3,0,71dc65124abc8a483a27eb72fbf19b5b,a632b20312746ee8dadd7820de4ab26ffda0c2256df58eaea31d842812f4d8dd,e6e6444040000898,c888888c89895010,d1e2e1e2ce161e1d,47.058448791503906,76.4037857055664,158.75857543945312,39.13357162475586,25.02040672302246,36.77226638793945,94.07362365722656,58.35652160644531,0.09775003790855408,0.582684338092804,0.16463527083396912,0.7426340579986572,0.6468000411987305,35.38188552856445,21.80268669128418,-46.861328125,5.981322795615861,0.0,0.0,-10.325950144461666,90.60920715332031,0.0032279901206493378,0.039994016536118365,0.9127860069274902,0.91607266664505,2.4540589665420565,0.039994016536118365,True,1.2692201972400048,0.7899395021597237,0.30643537560097817,0.9332730712128839,3.2638651715705187,0.10775049187881712,0.0026420424692332745,0.00035224983002990484,0.18137294054031372
NeuralLoom,mekhela_cropped_imgs/mekhela_cropped_imgs/mekhela_cropped_imgs20180828_182615.jpg/cropped_3.jpg,mekhela_cropped_imgs20180828_182615.jpg,cropped_3.jpg,mekhela_crop,,mekhela_cropped_imgs20180828_182615.jpg,crop,Mekhela,/projects/sandbox/data/NeuralLoom/mekhela_cropped_imgs/mekhela_cropped_imgs/mekhela_cropped_imgs20180828_182615.jpg/cropped_3.jpg,.jpg,38907,False,JPEG,RGB,581,582,338142,0.9983,3,0,8b8a0821c9b3205d160515c45cdc93b4,0f622061f79df8fd355c7eb12b896c83e24c597e556c1932c16a11dffac304b6,0c0e1e3e1c1e1e3c,b87c78fcf83074e4,97926a6c419d959d,45.4764404296875,87.37531280517578,181.90728759765625,39.69774627685547,26.601911544799805,32.383522033691406,104.91969299316406,66.08242797851562,0.10380180180072784,0.590694785118103,0.12594175338745117,0.7791179418563843,0.7314972877502441,39.796390533447266,22.335832595825195,-53.56058120727539,6.010892501598102,0.0,0.0,-12.833997786730789,92.53248596191406,0.00333247403614223,0.024083442123585725,0.9108169674873352,0.9252676963806152,2.1254719415667456,0.024083442123585725,True,1.2941112109821815,0.7929326355169516,0.29948263180797463,0.9398055501489233,3.2716234332905976,0.1069682311055878,0.0026796292513608932,0.000152045045979321,0.1799800544977188
NeuralLoom,mekhela_cropped_imgs/mekhela_cropped_imgs/mekhela_cropped_imgs20180828_182615.jpg/cropped_4.jpg,mekhela_cropped_imgs20180828_182615.jpg,cropped_4.jpg,mekhela_crop,,mekhela_cropped_imgs20180828_182615.jpg,crop,Mekhela,/projects/sandbox/data/NeuralLoom/mekhela_cropped_imgs/mekhela_cropped_imgs/mekhela_cropped_imgs20180828_182615.jpg/cropped_4.jpg,.jpg,37793,False,JPEG,RGB,581,581,337561,1.0,3,0,10f4770ca916575322f4ded31437f9f0,5831e5834485730648c8cd409437847a7684476dac8246c3dc3a48a9463df9e1,7f3f160105060e0e,c2e6eeefedcc189c,934dc5926a95669b,47.59064483642578,79.93602752685547,168.52386474609375,38.953914642333984,24.241931915283203,36.59834671020508,98.68353271484375,61.33009719848633,0.09461519867181778,0.5851829051971436,0.15755261480808258,0.7545900344848633,0.6843135356903076,37.09964370727539,23.09998321533203,-49.9135627746582,6.064561959863984,0.0,0.0,-10.843042534180004,93.58020782470703,0.005429848562926054,0.040534125434027776,0.9089099764823914,0.9171227812767029,2.608757036408393,0.040534125434027776,True,1.9396269266597492,0.7961783035776189,0.2973398623564969,0.8914265301416299,3.2541772499412787,0.10880332044613214,0.0029667948838323355,0.0004541062517091632,0.18541580438613892
NeuralLoom,mekhela_cropped_imgs/mekhela_cropped_imgs/mekhela_cropped_imgs20180828_182615.jpg/cropped_5.jpg,mekhela_cropped_imgs20180828_182615.jpg,cropped_5.jpg,mekhela_crop,,mekhela_cropped_imgs20180828_182615.jpg,crop,Mekhela,/projects/sandbox/data/NeuralLoom/mekhela_cropped_imgs/mekhela_cropped_imgs/mekhela_cropped_imgs20180828_182615.jpg/cropped_5.jpg,.jpg,34144,False,JPEG,RGB,581,581,337561,1.0,3,0,ff5a03b0f743d10ec7a7c8237aed1ded,ced2447bc785d610a1dd3a55f159cc15e53e32720440ae91304d2d47e0a0e9b1,e3e161e3e7e34102,8f8b83868e8e879e,a1cb7ba695664a85,38.60032272338867,76.84945678710938,170.8251190185547,24.88031578063965,18.895488739013672,35.62825393676758,95.42498016357422,61.926612854003906,0.0713774561882019,0.5990208983421326,0.11643187701702118,0.7862716913223267,0.68047034740448,35.62104034423828,22.918739318847656,-53.465389251708984,5.970083265404419,0.0,0.0,-12.58108328072162,81.43622589111328,0.0013621387770399451,0.019212510850694444,0.9374797940254211,0.9449498653411865,2.2102029430078414,0.019212510850694444,True,0.5985463133312656,0.8226569057950157,0.27918178983799347,0.9410514227014147,3.2613618164397216,0.10802831785914341,0.0020235704723745584,0.00011362094664946198,0.18708425760269165
NeuralLoom,mekhela_cropped_imgs/mekhela_cropped_imgs/mekhela_cropped_imgs20180828_182936.jpg/cropped_1.jpg,mekhela_cropped_imgs20180828_182936.jpg,cropped_1.jpg,mekhela_crop,,mekhela_cropped_imgs20180828_182936.jpg,crop,Mekhela,/projects/sandbox/data/NeuralLoom/mekhela_cropped_imgs/mekhela_cropped_imgs/mekhela_cropped_imgs20180828_182936.jpg/cropped_1.jpg,.jpg,34073,False,JPEG,RGB,610,610,372100,1.0,3,0,2664d909ea84f5222a1e6b96e77e01fe,175682e0dbff08f8ad2ce6080e88cc0a6ac237252a4f654d3b331c10baec11ca,e0f0f0f1980c0606,09010123336c6c6c,fee9161939362915,146.90475463867188,44.08441162109375,39.02171325683594,30.865262985229492,21.177227020263672,10.41627311706543,76.67028045654297,54.5337028503418,0.07777237147092819,0.604357123374939,0.4743494987487793,0.7443941235542297,0.5760970711708069,34.541202545166016,41.7827262878418,27.90788459777832,5.931545032074733,0.0,0.0,-11.358943656962111,67.43582153320312,0.0007566115818917751,0.04582383897569445,0.9185808300971985,0.9192132949829102,3.466198798530657,0.04582383897569445,True,0.5102392345228116,0.8288901041199546,0.3374049775990494,0.9585459091366414,3.211390446086324,0.11437716712186366,0.0016477627214044333,7.535118493251503e-05,0.15875662863254547
NeuralLoom,mekhela_cropped_imgs/mekhela_cropped_imgs/mekhela_cropped_imgs20180828_182936.jpg/cropped_2.jpg,mekhela_cropped_imgs20180828_182936.jpg,cropped_2.jpg,mekhela_crop,,mekhela_cropped_imgs20180828_182936.jpg,crop,Mekhela,/projects/sandbox/data/NeuralLoom/mekhela_cropped_imgs/mekhela_cropped_imgs/mekhela_cropped_imgs20180828_182936.jpg/cropped_2.jpg,.jpg,39488,False,JPEG,RGB,610,610,372100,1.0,3,0,0876a5f2c918b33886a3ebd99fcad207,99ecae546a7ebebec57587c5684eb10c4bee17fd581e37d0b0f121deb0673a37,0e0e0f0f0f0f0680,3c7cf87c3c7c6c13,97926e966aa59a64,147.58189392089844,50.08839416503906,39.43183898925781,37.09955978393555,26.495689392089844,13.97225570678711,79.03404998779297,55.91248321533203,0.09792106598615646,0.46752336621284485,0.4779238998889923,0.7325384020805359,0.5787938833236694,35.70075225830078,39.32638168334961,28.806100845336914,6.187488228566605,0.0,0.0,-10.509505800178523,73.569580078125,0.0014622285962104797,0.0699734157986111,0.8856609463691711,0.9298463463783264,3.782241100179362,0.0699734157986111,True,0.8917990044697748,0.7938481100461832,0.3085478826036737,0.9533106000284431,3.206447003070728,0.11553220818808049,0.0021040516439825296,0.00022984693350736052,0.15199367702007294
NeuralLoom,mekhela_cropped_imgs/mekhela_cropped_imgs/mekhela_cropped_imgs20180828_182936.jpg/cropped_3.jpg,mekhela_cropped_imgs20180828_182936.jpg,cropped_3.jpg,mekhela_crop,,mekhela_cropped_imgs20180828_182936.jpg,crop,Mekhela,/projects/sandbox/data/NeuralLoom/mekhela_cropped_imgs/mekhela_cropped_imgs/mekhela_cropped_imgs20180828_182936.jpg/cropped_3.jpg,.jpg,39052,False,JPEG,RGB,610,610,372100,1.0,3,0,278f4775c38a4caba6d4ddf1b180a77b,aed81d6b5ab7bb29bc1246629530cb215e774d379acb116dda694e377ec43ef5,f8e0f0e061030303,898981cdc7a336b2,e0c29d3f83d5ca4c,156.06829833984375,51.15970993041992,43.46144485473633,29.80176544189453,27.34109878540039,13.280230522155762,83.56312561035156,56.9420051574707,0.09613589942455292,0.6047613024711609,0.47104838490486145,0.7337453365325928,0.6120325922966003,37.55031967163086,42.13043212890625,29.113264083862305,6.121432139983531,0.0,0.0,-10.911190468814707,69.10919189453125,0.001216316712088883,0.057379828559027776,0.8986093401908875,0.8999093770980835,3.4752779478709854,0.057379828559027776,True,0.7269556796536101,0.8000672601125264,0.3093407503336646,0.9584088928199591,3.2334044668419795,0.11168962707858027,0.001990820746868849,6.956344441277906e-05,0.15849733352661133
NeuralLoom,mekhela_cropped_imgs/mekhela_cropped_imgs/mekhela_cropped_imgs20180828_182936.jpg/cropped_4.jpg,mekhela_cropped_imgs20180828_182936.jpg,cropped_4.jpg,mekhela_crop,,mekhela_cropped_imgs20180828_182936.jpg,crop,Mekhela,/projects/sandbox/data/NeuralLoom/mekhela_cropped_imgs/mekhela_cropped_imgs/mekhela_cropped_imgs20180828_182936.jpg/cropped_4.jpg,.jpg,38730,False,JPEG,RGB,610,610,372100,1.0,3,0,75d2195498a75e44025c866ca45317e9,1271ebefe86263dce173ddcdd9ff27199efe87663c8a91f3157f4a6511b4de0e,070707070f070300,1e3f3f3f1e3e3b74,bdb040a5d43eb5d1,150.47802734375,49.65779495239258,41.02027893066406,36.71997833251953,29.399032592773438,13.252840995788574,80.3853530883789,57.14038848876953,0.10756351798772812,0.5268514156341553,0.4819211959838867,0.7352206707000732,0.5901098251342773,36.167877197265625,40.52529525756836,28.800668716430664,6.16432991667658,0.0,0.0,-10.655885686032308,70.84306335449219,0.001972807105630636,0.06510416666666667,0.881881594657898,0.9330999255180359,3.455987762624271,0.06510416666666667,True,1.0141188949992277,0.7960391921505929,0.3239740022704496,0.9554102854139885,3.2078789556832796,0.11498935833389376,0.00219429237768054,0.0004269969358574599,0.15864649415016174
NeuralLoom,mekhela_cropped_imgs/mekhela_cropped_imgs/mekhela_cropped_imgs20180828_182936.jpg/cropped_5.jpg,mekhela_cropped_imgs20180828_182936.jpg,cropped_5.jpg,mekhela_crop,,mekhela_cropped_imgs20180828_182936.jpg,crop,Mekhela,/projects/sandbox/data/NeuralLoom/mekhela_cropped_imgs/mekhela_cropped_imgs/mekhela_cropped_imgs20180828_182936.jpg/cropped_5.jpg,.jpg,37324,False,JPEG,RGB,610,610,372100,1.0,3,0,6be3a8f94a9569856c72a5f2865ee368,684d85007cadb97982e15a19b493f77056dfcc93f49a9de27d9f1c3ff85e85d6,8e416160e0e0f0f0,7c99d9c9898982c3,e13f9cfc1c4331c1,153.32125854492188,45.56540298461914,37.6922607421875,31.424026489257812,25.082979202270508,11.338211059570312,78.85964965820312,58.00278091430664,0.09084701538085938,0.5303752422332764,0.4837048053741455,0.7628810405731201,0.6012598872184753,35.993682861328125,43.27581787109375,30.62394142150879,5.922307351443114,0.0,0.0,-10.87152378124551,69.50978088378906,0.0011650949018076062,0.05544704861111111,0.9051898121833801,0.9243164658546448,3.6036792048552133,0.05544704861111111,True,0.7481579021276882,0.8075454601691967,0.3466106051122806,0.9537605990919046,3.220231240443621,0.11329899820280663,0.0019032089039683342,0.00016564386896789074,0.1464966982603073
NeuralLoom,mekhela_cropped_imgs/mekhela_cropped_imgs/mekhela_cropped_imgs20180828_183203.jpg/cropped_1.jpg,mekhela_cropped_imgs20180828_183203.jpg,cropped_1.jpg,mekhela_crop,,mekhela_cropped_imgs20180828_183203.jpg,crop,Mekhela,/projects/sandbox/data/NeuralLoom/mekhela_cropped_imgs/mekhela_cropped_imgs/mekhela_cropped_imgs20180828_183203.jpg/cropped_1.jpg,.jpg,24010,False,JPEG,RGB,494,493,243542,1.002,3,0,91caa4ecb5d6cf6dfb7cdbb5de82c6a1,65bf0809aa9d51e5e81c477cb0a49225c49a324326f60a914259098594bc93ed,0000607373730100,8684c1c7c6c74ba8,a1525aade46be354,166.333740234375,54.520263671875,73.8370132446289,22.185775756835938,45.49508285522461,40.496910095214844,98.23036193847656,61.49711990356445,0.15558750927448273,0.8661215901374817,0.2887553572654724,0.6977712512016296,0.6522906422615051,41.02824783325195,45.84714126586914,16.32470703125,5.184171389941978,0.0,0.0,-12.482455636655999,65.2274398803711,0.002498967107385397,0.03430292645778938,0.8817245364189148,0.9216256737709045,2.504856147810137,0.03430292645778938,True,1.504871557018668,0.8250681177067718,0.5132313392554879,0.9654652629879177,3.1999121748765678,0.11510247748925283,0.0023831005673855543,0.00035062574897892773,0.1177416741847992
NeuralLoom,mekhela_cropped_imgs/mekhela_cropped_imgs/mekhela_cropped_imgs20180828_183203.jpg/cropped_2.jpg,mekhela_cropped_imgs20180828_183203.jpg,cropped_2.jpg,mekhela_crop,,mekhela_cropped_imgs20180828_183203.jpg,crop,Mekhela,/projects/sandbox/data/NeuralLoom/mekhela_cropped_imgs/mekhela_cropped_imgs/mekhela_cropped_imgs20180828_183203.jpg/cropped_2.jpg,.jpg,25140,False,JPEG,RGB,494,493,243542,1.002,3,0,bdf7bb129dfd2d019b5264a2065c4ce5,9606cee6229898e68120c57c7dbd4a3fa140b336910fbfb77c6b61a4c8e71469,00008cde9e0c0000,898319383858871a,98d867029cf89b1f,164.32508850097656,49.21699523925781,67.03490447998047,21.593952178955078,41.04730224609375,31.87479019165039,93.5256576538086,60.12420654296875,0.13785894215106964,0.8610357642173767,0.2984945774078369,0.7228474020957947,0.6444122791290283,39.70001983642578,46.65402603149414,18.464765548706055,5.331415334565807,0.0,0.0,-13.083883788160577,66.88493347167969,0.0025358714628964663,0.03118880548302872,0.8962465524673462,0.9475786089897156,2.850600770046345,0.03118880548302872,True,1.3981711003030526,0.8250330029811486,0.4991085256725373,0.9584596872831322,3.215061144955324,0.11338605489364167,0.0024028904736042023,0.00036263171932660043,0.1321457028388977
NeuralLoom,mekhela_cropped_imgs/mekhela_cropped_imgs/mekhela_cropped_imgs20180828_183203.jpg/cropped_3.jpg,mekhela_cropped_imgs20180828_183203.jpg,cropped_3.jpg,mekhela_crop,,mekhela_cropped_imgs20180828_183203.jpg,crop,Mekhela,/projects/sandbox/data/NeuralLoom/mekhela_cropped_imgs/mekhela_cropped_imgs/mekhela_cropped_imgs20180828_183203.jpg/cropped_3.jpg,.jpg,23499,False,JPEG,RGB,493,493,243049,1.0,3,0,2d1bda9f6191ac90998ced9aa6beae35,56d383369f22e913077b01ba99dfd53a78801bb71743b1eb97852a1df34eef15,0000009c9c9c0800,a624023131305a26,df2021dede217724,162.77011108398438,46.80602264404297,65.49501037597656,19.99812126159668,40.20849609375,34.140708923339844,91.69038391113281,60.37484359741211,0.13762617111206055,0.8745563626289368,0.2835853099822998,0.7344580888748169,0.6383149027824402,38.89413070678711,47.27493667602539,18.361867904663086,4.78772305324407,0.0,0.0,-13.232768079628778,61.701988220214844,0.00203494424931705,0.024007161458333332,0.9181830883026123,0.9206061363220215,2.420502493028634,0.024007161458333332,True,1.220768646805488,0.8235093344174467,0.48040079119042145,0.964240580464256,3.2222598740759714,0.11237444195114536,0.002167525002732873,0.00025698301033116877,0.12987276911735535
NeuralLoom,mekhela_cropped_imgs/mekhela_cropped_imgs/mekhela_cropped_imgs20180828_183203.jpg/cropped_4.jpg,mekhela_cropped_imgs20180828_183203.jpg,cropped_4.jpg,mekhela_crop,,mekhela_cropped_imgs20180828_183203.jpg,crop,Mekhela,/projects/sandbox/data/NeuralLoom/mekhela_cropped_imgs/mekhela_cropped_imgs/mekhela_cropped_imgs20180828_183203.jpg/cropped_4.jpg,.jpg,25637,False,JPEG,RGB,493,493,243049,1.0,3,0,1711ee1c90b698cfc2710822afc60915,461bac06d74fa0d52756a50ac3d3603a97974b1230e99519299773bb167c7de1,000063f3f3630000,9034cfc6c6ce71a4,e4bd1bc1e42b239c,167.3392791748047,53.19829559326172,72.4743881225586,24.972492218017578,48.143558502197266,44.801849365234375,97.67068481445312,64.3298568725586,0.163844496011734,0.8715131878852844,0.27872633934020996,0.7069385647773743,0.6562398076057434,41.20057678222656,46.283935546875,17.60112953186035,5.4789053729240775,0.0,0.0,-12.012250067904077,72.63574981689453,0.002941607963293791,0.03847927517361111,0.8871187567710876,0.9386875033378601,3.0048050411201244,0.03847927517361111,True,1.7617689066025766,0.8256122413320842,0.5122696704915002,0.963489624192399,3.188058671749623,0.11702333620668931,0.0024962006136775017,0.0004945727996528149,0.12672576308250427
NeuralLoom,mekhela_cropped_imgs/mekhela_cropped_imgs/mekhela_cropped_imgs20180828_183203.jpg/cropped_5.jpg,mekhela_cropped_imgs20180828_183203.jpg,cropped_5.jpg,mekhela_crop,,mekhela_cropped_imgs20180828_183203.jpg,crop,Mekhela,/projects/sandbox/data/NeuralLoom/mekhela_cropped_imgs/mekhela_cropped_imgs/mekhela_cropped_imgs20180828_183203.jpg/cropped_5.jpg,.jpg,25974,False,JPEG,RGB,493,494,243542,0.998,3,0,410ac3032bf0213bd27015c0e246433e,8e083fca911a3dbd0ef785eb262dc01329422fcc255a54ac6981d42785895742,393910000000c6e7,6373310825211e0e,8d0b8b4bb3713374,171.02877807617188,56.503807067871094,77.44060516357422,22.8067569732666,52.13999938964844,48.256553649902344,101.65773010253906,65.84100341796875,0.17681992053985596,0.8924967646598816,0.243207186460495,0.6981999278068542,0.670706033706665,42.584320068359375,46.52881622314453,16.641448974609375,4.959369368700897,0.0,0.0,-12.06012126860032,72.90292358398438,0.003302784636616707,0.035880385117493474,0.9048311710357666,0.8508622646331787,2.742877646635684,0.035880385117493474,True,1.8980653178908709,0.8186378336347041,0.5785188007621647,0.9657442490307593,3.2099503275621046,0.1140283591360449,0.0026691267266869545,0.0004661454586312175,0.133067324757576
NeuralLoom,mekhela_cropped_imgs/mekhela_cropped_imgs/mekhela_cropped_imgs20180828_183326.jpg/cropped_1.jpg,mekhela_cropped_imgs20180828_183326.jpg,cropped_1.jpg,mekhela_crop,,mekhela_cropped_imgs20180828_183326.jpg,crop,Mekhela,/projects/sandbox/data/NeuralLoom/mekhela_cropped_imgs/mekhela_cropped_imgs/mekhela_cropped_imgs20180828_183326.jpg/cropped_1.jpg,.jpg,26706,False,JPEG,RGB,598,598,357604,1.0,3,0,c51a0532aeef3d7d29e06ab93e19a1c7,dac7874c4f4b896ba600789b50e6eada6434f71116b0dc909a6f22f89e9d93c5,ffff3f1f1f1f3f3f,a6a96d6068627174,8fe2f0f80e0ce783,148.09454345703125,128.65335083007812,106.0464859008789,20.793691635131836,24.769208908081055,15.972726821899414,127.59815216064453,26.998201370239258,0.0908227488398552,0.14708036184310913,0.1929488629102707,0.3004222810268402,0.5807657241821289,54.90589904785156,3.9675559997558594,14.908817291259766,5.614235524964445,0.0,0.0,-13.987174005987317,23.102096557617188,0.0005547719192691147,0.022142198350694444,0.9238767623901367,0.9476260542869568,2.4588321045433204,0.022142198350694444,True,0.37951892304183227,0.8672487336553374,0.3869268138742729,0.976106778965596,3.2167492268982443,0.11313780627132933,0.0015304834814742208,0.00021042996377218515,0.16248531639575958
NeuralLoom,mekhela_cropped_imgs/mekhela_cropped_imgs/mekhela_cropped_imgs20180828_183326.jpg/cropped_2.jpg,mekhela_cropped_imgs20180828_183326.jpg,cropped_2.jpg,mekhela_crop,,mekhela_cropped_imgs20180828_183326.jpg,crop,Mekhela,/projects/sandbox/data/NeuralLoom/mekhela_cropped_imgs/mekhela_cropped_imgs/mekhela_cropped_imgs20180828_183326.jpg/cropped_2.jpg,.jpg,28567,False,JPEG,RGB,598,598,357604,1.0,3,0,f92ba5626175648c4efd1c496402e745,377407e2f47de50b5dd04b31fc1c39e756f08807aefbd7079a8a92f600d83743,bc7c7c7f7f7f2000,69f1d0c3c9ecc478,c2da5e82bda5a623,144.21473693847656,122.04044342041016,97.56871795654297,19.973234176635742,23.541181564331055,16.463579177856445,121.27462768554688,27.766725540161133,0.08638963848352432,0.1425589621067047,0.19090493023395538,0.340337872505188,0.5656861662864685,52.58415222167969,4.911623954772949,16.53570556640625,5.9132764923674115,0.0,0.0,-13.971366284540153,25.36309242248535,0.000586533104069531,0.02294921875,0.9306856989860535,0.9287446737289429,2.5421576617401174,0.02294921875,True,0.3911757373380076,0.8560510827139849,0.32831607084951925,0.9727754754949577,3.2238263939557936,0.112365795046459,0.001561296870931983,0.0001586526195751503,0.17097797989845276
NeuralLoom,mekhela_cropped_imgs/mekhela_cropped_imgs/mekhela_cropped_imgs20180828_183326.jpg/cropped_3.jpg,mekhela_cropped_imgs20180828_183326.jpg,cropped_3.jpg,mekhela_crop,,mekhela_cropped_imgs20180828_183326.jpg,crop,Mekhela,/projects/sandbox/data/NeuralLoom/mekhela_cropped_imgs/mekhela_cropped_imgs/mekhela_cropped_imgs20180828_183326.jpg/cropped_3.jpg,.jpg,26666,False,JPEG,RGB,598,598,357604,1.0,3,0,e57a0f0b118c30f2f175d04322e3c00c,744756af6e056dc07e464b5a9cb2f5357628583ba34f63a8b92762fb61a8ba7c,ffffe7e3631cecff,0ce64e4ee71989c2,e6e6d99864269a9a,151.47686767578125,131.37771606445312,109.21797180175781,16.979740142822266,22.171268463134766,11.107147216796875,130.6908721923828,24.473527908325195,0.07895761728286743,0.14013603329658508,0.18128865957260132,0.2961726188659668,0.5940325260162354,56.0955924987793,4.244303226470947,14.711166381835938,5.130178055312705,0.0,0.0,-14.239789207212738,24.14141845703125,0.0005324005614966154,0.010274251302083334,0.9596050381660461,0.9467249512672424,1.8548565462070052,0.010274251302083334,True,0.3087468073043424,0.8753540363609595,0.43397967568541385,0.9736173952709745,3.2330696988894223,0.11173491731837944,0.001519531011581421,0.00011013018229277804,0.19228824973106384
NeuralLoom,mekhela_cropped_imgs/mekhela_cropped_imgs/mekhela_cropped_imgs20180828_183326.jpg/cropped_4.jpg,mekhela_cropped_imgs20180828_183326.jpg,cropped_4.jpg,mekhela_crop,,mekhela_cropped_imgs20180828_183326.jpg,crop,Mekhela,/projects/sandbox/data/NeuralLoom/mekhela_cropped_imgs/mekhela_cropped_imgs/mekhela_cropped_imgs20180828_183326.jpg/cropped_4.jpg,.jpg,25123,False,JPEG,RGB,598,598,357604,1.0,3,0,f2195d8fbbf932fd3badc61bb1922eab,98587a12e8056a9be79d3d94f2c527a462f7aedf41d8be37a9033ef88af19989,ff7efffffff34000,d180081a8ba787c7,e49040ec9b659f79,148.91685485839844,125.34996032714844,101.0024185180664,21.384618759155273,25.749025344848633,18.55580711364746,125.08970642089844,29.510616302490234,0.09451806545257568,0.13994687795639038,0.19332706928253174,0.3402364253997803,0.5839875936508179,53.99494171142578,5.474039077758789,16.609975814819336,5.844865193896758,0.0,0.0,-14.171696411306625,25.442161560058594,0.0004318408027756959,0.013231065538194444,0.9392337799072266,0.9045412540435791,2.171051994877355,0.013231065538194444,True,0.29400334032942715,0.883186016865844,0.35930756803232994,0.9829201857563005,3.214878946591912,0.11317915671769485,0.0014231348177418113,0.00010866654338315129,0.1666397899389267
NeuralLoom,mekhela_cropped_imgs/mekhela_cropped_imgs/mekhela_cropped_imgs20180828_183326.jpg/cropped_5.jpg,mekhela_cropped_imgs20180828_183326.jpg,cropped_5.jpg,mekhela_crop,,mekhela_cropped_imgs20180828_183326.jpg,crop,Mekhela,/projects/sandbox/data/NeuralLoom/mekhela_cropped_imgs/mekhela_cropped_imgs/mekhela_cropped_imgs20180828_183326.jpg/cropped_5.jpg,.jpg,25511,False,JPEG,RGB,598,598,357604,1.0,3,0,6af1d6482405b4bbbe2fb83b805623e9,aa0229c417fd5d23dc593c74841200ea06e459d1391ac3e8cc71c958ac3980d8,f7ffffffc787cfbf,2421285c9e9c183a,b1cece31ccc530d5,151.0861053466797,128.84103393554688,105.2686996459961,17.2890567779541,21.90558433532715,10.768167495727539,128.39862060546875,25.459972381591797,0.07847756892442703,0.14397269487380981,0.19561167061328888,0.3188323676586151,0.5924949049949646,55.28404235839844,4.940687656402588,15.852364540100098,4.94583154549874,0.0,0.0,-14.065601410106925,24.48092269897461,0.0004897038452327251,0.01348876953125,0.9435108304023743,0.9416300058364868,1.4714063143107605,0.01348876953125,True,0.3308588166688255,0.8755869273275652,0.45976208982034855,0.9714735616439709,3.221084608685379,0.11262135915918116,0.0014814655296504498,0.00010452778951730579,0.17200197279453278
NeuralLoom,mekhela_cropped_imgs/mekhela_cropped_imgs/mekhela_cropped_imgs20180828_183529.jpg/cropped_1.jpg,mekhela_cropped_imgs20180828_183529.jpg,cropped_1.jpg,mekhela_crop,,mekhela_cropped_imgs20180828_183529.jpg,crop,Mekhela,/projects/sandbox/data/NeuralLoom/mekhela_cropped_imgs/mekhela_cropped_imgs/mekhela_cropped_imgs20180828_183529.jpg/cropped_1.jpg,.jpg,39496,False,JPEG,RGB,662,662,438244,1.0,3,0,b5a9e4d86e1719692ffa45dad637da10,a9b6ad8400e9576b4cdf4e6c42aa27596813c7bd6193710ff767cf3171381ad5,7fe766fb7ffe0614,ce8e869696886874,94e11fe10b6b4a1f,182.0848846435547,81.0957260131836,90.19412994384766,23.548824310302734,15.053386688232422,12.436899185180664,117.79157257080078,48.91374206542969,0.06120065227150917,0.9373133182525635,0.19473786652088165,0.5654538869857788,0.7140583395957947,47.73529052734375,41.61701202392578,14.972987174987793,5.283742470047346,0.0,0.0,-14.732730023038018,51.91394805908203,0.001029894221574068,0.019700792100694444,0.9510566592216492,0.9482995271682739,2.370594647905433,0.019700792100694444,True,0.4565139725882651,0.823916986029194,0.4045197857105258,0.9440945644435833,3.256958476225269,0.10887115430316807,0.001865897560492158,0.000416116148699075,0.2231559008359909
NeuralLoom,mekhela_cropped_imgs/mekhela_cropped_imgs/mekhela_cropped_imgs20180828_183529.jpg/cropped_2.jpg,mekhela_cropped_imgs20180828_183529.jpg,cropped_2.jpg,mekhela_crop,,mekhela_cropped_imgs20180828_183529.jpg,crop,Mekhela,/projects/sandbox/data/NeuralLoom/mekhela_cropped_imgs/mekhela_cropped_imgs/mekhela_cropped_imgs20180828_183529.jpg/cropped_2.jpg,.jpg,38952,False,JPEG,RGB,662,662,438244,1.0,3,0,dd1e5b35e1f7bd6f4c12537304de8ec5,efadd3a14ba919ec3d3173fb7e4582b683accb9642a32775486d7bd6345f205d,3ffffffff0009fff,640c064363733abb,c996964f4b970d4a,173.07199096679688,69.54559326171875,79.78166198730469,25.651391983032227,12.04222583770752,13.302995681762695,107.46641540527344,49.961669921875,0.05710197612643242,0.9789507389068604,0.06482162326574326,0.5978242754936218,0.6787137985229492,43.87446212768555,43.0588493347168,15.898189544677734,5.221283157317246,0.0,0.0,-15.835997489579535,51.22633361816406,0.0009259069338440895,0.016194661458333332,0.9544592499732971,0.9460591673851013,2.192918499361898,0.016194661458333332,True,0.44140165197856224,0.8341066701877333,0.39474250023916707,0.9440671946260839,3.258803271293075,0.10860423145838727,0.0017112280474975705,0.0003093381819780916,0.2207300364971161
NeuralLoom,mekhela_cropped_imgs/mekhela_cropped_imgs/mekhela_cropped_imgs20180828_183529.jpg/cropped_3.jpg,mekhela_cropped_imgs20180828_183529.jpg,cropped_3.jpg,mekhela_crop,,mekhela_cropped_imgs20180828_183529.jpg,crop,Mekhela,/projects/sandbox/data/NeuralLoom/mekhela_cropped_imgs/mekhela_cropped_imgs/mekhela_cropped_imgs20180828_183529.jpg/cropped_3.jpg,.jpg,41604,False,JPEG,RGB,662,662,438244,1.0,3,0,04b450ba64e8e22b61995f490db638db,4cd0ccf50033cdbbe325c5fe295d8b990a639305e02dea2a99a81375cc1cff3f,fa0237ff6f0f7f11,96c4cdc98db5f1f5,845555d5f1cc3aaa,186.12374877929688,82.94559478759766,92.75054931640625,14.719710350036621,11.806428909301758,10.941167831420898,120.60663604736328,48.17530059814453,0.04472517594695091,0.9345414042472839,0.2015533149242401,0.563792884349823,0.729897141456604,48.81251525878906,42.45726013183594,15.003104209899902,5.225496862157784,0.0,0.0,-14.677827292976456,47.22895050048828,0.001018016249872744,0.013997395833333334,0.9606703519821167,0.9569912552833557,2.6451634065586163,0.013997395833333334,True,0.43266845144460997,0.818898475262203,0.37800854871262757,0.8970079062482136,3.264235512097392,0.10814643375299596,0.0018576695583760738,0.00031766368192620575,0.2465519905090332
NeuralLoom,mekhela_cropped_imgs/mekhela_cropped_imgs/mekhela_cropped_imgs20180828_183529.jpg/cropped_4.jpg,mekhela_cropped_imgs20180828_183529.jpg,cropped_4.jpg,mekhela_crop,,mekhela_cropped_imgs20180828_183529.jpg,crop,Mekhela,/projects/sandbox/data/NeuralLoom/mekhela_cropped_imgs/mekhela_cropped_imgs/mekhela_cropped_imgs20180828_183529.jpg/cropped_4.jpg,.jpg,38938,False,JPEG,RGB,662,662,438244,1.0,3,0,5817b5493f64a11e3185ac50a61ef806,19dd24fc7cfe25d1a1a03d4c8a59fec634400051885fed09c556c05a55209a16,2b1d8e7b0100f7f7,436934b37b258525,aa1bd52ba9c55436,182.15814208984375,77.21377563476562,86.2387466430664,7.788110256195068,10.87229061126709,9.201865196228027,115.20355987548828,48.403297424316406,0.03755044937133789,0.9626667499542236,0.13817322254180908,0.5824170112609863,0.7143456935882568,46.992431640625,43.267704010009766,16.3424129486084,5.115154641926314,0.0,0.0,-15.289935060741742,43.84194564819336,0.0009335463400930166,0.004014756944444444,0.9637734889984131,0.9641696214675903,1.8386639515112588,0.004014756944444444,True,0.38209871486898606,0.8316762162331036,0.38312801024150445,0.859183260019871,3.2593964772849655,0.10861432074028768,0.0017200926085934043,0.0003667017736006528,0.28972360491752625
NeuralLoom,mekhela_cropped_imgs/mekhela_cropped_imgs/mekhela_cropped_imgs20180828_183529.jpg/cropped_5.jpg,mekhela_cropped_imgs20180828_183529.jpg,cropped_5.jpg,mekhela_crop,,mekhela_cropped_imgs20180828_183529.jpg,crop,Mekhela,/projects/sandbox/data/NeuralLoom/mekhela_cropped_imgs/mekhela_cropped_imgs/mekhela_cropped_imgs20180828_183529.jpg/cropped_5.jpg,.jpg,39373,False,JPEG,RGB,662,662,438244,1.0,3,0,75b7d858d7803f20c3213eef51a72661,1eb37f9a9ebccb12052af1ae4c28872c3df6a175664e258830253cf88557fbf3,fef1e7e302010007,e4858f85d6d3532d,a2e6de55558aa2b1,183.22190856933594,78.26914978027344,87.30272674560547,8.241182327270508,10.686915397644043,8.60476016998291,116.26459503173828,48.38007354736328,0.03693113103508949,0.9404284954071045,0.1937442421913147,0.5822434425354004,0.7185173034667969,47.37400817871094,43.231327056884766,16.229928970336914,4.987174563590931,0.0,0.0,-14.785969258432011,44.210472106933594,0.0008885947172529995,0.009067111545138888,0.9665091633796692,0.9624811410903931,2.398711599948823,0.009067111545138888,True,0.38282731486057825,0.8305653909674308,0.40604237984727143,0.8551261838070701,3.2605479429462734,0.10853680177235309,0.0017347708344459534,0.0003850519424304366,0.2608208656311035
NeuralLoom,mekhela_cropped_imgs/mekhela_cropped_imgs/mekhela_cropped_imgs20180828_183750.jpg/cropped_1.jpg,mekhela_cropped_imgs20180828_183750.jpg,cropped_1.jpg,mekhela_crop,,mekhela_cropped_imgs20180828_183750.jpg,crop,Mekhela,/projects/sandbox/data/NeuralLoom/mekhela_cropped_imgs/mekhela_cropped_imgs/mekhela_cropped_imgs20180828_183750.jpg/cropped_1.jpg,.jpg,44584,False,JPEG,RGB,629,629,395641,1.0,3,0,06ce259761544290b5ca2e69b2026f4c,075ef6577578efa3fe2d758b7cd76296a30bec5712f2d4b056c9380dcf8a12d9,c1c0c1c0c1830707,9282838a83060636,a55ba49e4996ad4a,74.71987915039062,61.43165588378906,48.64170455932617,42.915653228759766,39.37651443481445,19.58323860168457,61.59775924682617,37.03981399536133,0.14686208963394165,0.746364176273346,0.3505324423313141,0.2903861701488495,0.2943089008331299,26.559711456298828,4.781362533569336,8.052512168884277,5.399970122323301,0.0,0.0,-8.183233723476713,50.59087371826172,0.005067675840109587,0.042826334635416664,0.8756604194641113,0.9029388427734375,2.852552887315788,0.042826334635416664,True,2.2687228903141436,0.7780944624701023,0.40817607935505107,0.944095240461774,3.2634065759677147,0.1081298980631946,0.003134721890091896,0.0007199372048489749,0.17315466701984406
NeuralLoom,mekhela_cropped_imgs/mekhela_cropped_imgs/mekhela_cropped_imgs20180828_183750.jpg/cropped_2.jpg,mekhela_cropped_imgs20180828_183750.jpg,cropped_2.jpg,mekhela_crop,,mekhela_cropped_imgs20180828_183750.jpg,crop,Mekhela,/projects/sandbox/data/NeuralLoom/mekhela_cropped_imgs/mekhela_cropped_imgs/mekhela_cropped_imgs20180828_183750.jpg/cropped_2.jpg,.jpg,45038,False,JPEG,RGB,629,629,395641,1.0,3,0,caa9a6c3174b9bb94f5a661af055296d,c1129775908cfdc820ae7b008b06ead858a486e79505253788b554ceceaff371,0300e0e0f0e06000,06218c8d8d88c027,e03d1de1ade1e09c,68.14435577392578,56.66202163696289,42.35690689086914,44.401798248291016,37.95103073120117,12.124408721923828,55.721099853515625,36.02140808105469,0.14326320588588715,0.6259637475013733,0.42235785722732544,0.26828357577323914,0.26791414618492126,24.16611099243164,3.695237874984741,8.64742660522461,5.770447214236608,0.0,0.0,-7.441024442394864,50.53958511352539,0.004271784331649542,0.039605034722222224,0.8706902861595154,0.9185280799865723,2.6424968334996928,0.039605034722222224,True,1.8284359345423562,0.7848921475233944,0.3598879926627312,0.953854745928074,3.2652240257004803,0.10821533405486447,0.0028720709960907698,0.00040187183185480535,0.17473801970481873
NeuralLoom,mekhela_cropped_imgs/mekhela_cropped_imgs/mekhela_cropped_imgs20180828_183750.jpg/cropped_3.jpg,mekhela_cropped_imgs20180828_183750.jpg,cropped_3.jpg,mekhela_crop,,mekhela_cropped_imgs20180828_183750.jpg,crop,Mekhela,/projects/sandbox/data/NeuralLoom/mekhela_cropped_imgs/mekhela_cropped_imgs/mekhela_cropped_imgs20180828_183750.jpg/cropped_3.jpg,.jpg,37615,False,JPEG,RGB,629,629,395641,1.0,3,0,f587382d05b0242860f905d207e7ca9b,0f89854271afe64a63e972e1a5a966ed64e87058afe7db7d42edea3fe88b485e,0b0b09090b838383,9bdbdbdb7b775747,bb8924fe00dbff00,61.96614074707031,50.31504821777344,50.7291259765625,16.1256160736084,14.616519927978516,8.869913101196289,54.33678436279297,14.603081703186035,0.054493196308612823,0.8654823303222656,0.2401144951581955,0.21619479358196259,0.2433750033378601,22.136510848999023,5.610506057739258,1.3932602405548096,4.737514024293212,0.0,0.0,-9.64105433026665,21.395645141601562,0.0014909593155607581,0.011888292100694444,0.9576144218444824,0.9672806859016418,2.169000935795698,0.011888292100694444,True,0.5947269419699164,0.8339463695282965,0.487649581872827,0.8967663458281012,3.25171770691213,0.1107763817280899,0.0019497129833325744,9.614925511414185e-05,0.22905698418617249
NeuralLoom,mekhela_cropped_imgs/mekhela_cropped_imgs/mekhela_cropped_imgs20180828_183750.jpg/cropped_4.jpg,mekhela_cropped_imgs20180828_183750.jpg,cropped_4.jpg,mekhela_crop,,mekhela_cropped_imgs20180828_183750.jpg,crop,Mekhela,/projects/sandbox/data/NeuralLoom/mekhela_cropped_imgs/mekhela_cropped_imgs/mekhela_cropped_imgs20180828_183750.jpg/cropped_4.jpg,.jpg,40047,False,JPEG,RGB,629,629,395641,1.0,3,0,f4b7ca65b9b5cd4d5fbdfa4d307e8ede,770f3dde02a747cc4b024c9a4d66c740f027700b29419df7e935b5eadc2846e2,00001c1e1e0e0400,c767393c7c78acc3,9a6c6592946e9b69,67.80367279052734,55.63441848754883,43.26536560058594,42.81456756591797,36.19973373413086,11.418719291687012,55.56781768798828,34.520362854003906,0.1362207680940628,0.7138606905937195,0.38507068157196045,0.26231950521469116,0.2662845253944397,23.899860382080078,4.349677562713623,7.576027870178223,5.659307068587799,0.0,0.0,-8.069816800754776,51.05656433105469,0.0021254245657473803,0.030863444010416668,0.8978790640830994,0.9409784078598022,2.051923026147203,0.030863444010416668,True,1.1609254288622528,0.804917770145763,0.3642190967473299,0.9674696452133604,3.2610582577464426,0.10837355348063103,0.002242803340777755,0.00021375177311711013,0.14655207097530365
NeuralLoom,mekhela_cropped_imgs/mekhela_cropped_imgs/mekhela_cropped_imgs20180828_183750.jpg/cropped_5.jpg,mekhela_cropped_imgs20180828_183750.jpg,cropped_5.jpg,mekhela_crop,,mekhela_cropped_imgs20180828_183750.jpg,crop,Mekhela,/projects/sandbox/data/NeuralLoom/mekhela_cropped_imgs/mekhela_cropped_imgs/mekhela_cropped_imgs20180828_183750.jpg/cropped_5.jpg,.jpg,42322,False,JPEG,RGB,630,630,396900,1.0,3,0,88f9e0530a3c2159b4e8db496a9dd3aa,22bb29029a6cb9671186373c2b1b56192ea01accd96b68a3ae6583e51900ad43,1078787030000101,67e1c3e66736d3a3,cec5383c2ee63133,69.75615692138672,55.59946823120117,42.04046630859375,43.41508102416992,37.54399490356445,10.511070251464844,55.79869842529297,35.53891372680664,0.14080063998699188,0.7116197347640991,0.40693899989128113,0.29828888177871704,0.2735535502433777,24.048200607299805,5.06794548034668,8.630788803100586,5.388795026392859,0.0,0.0,-10.723955968776963,51.61658477783203,0.003635937115177512,0.03581407335069445,0.8941076397895813,0.89905846118927,2.5044253403098313,0.03581407335069445,True,1.6446074590985602,0.7916414895786456,0.39162042264965613,0.9567429049395642,3.2599520948518155,0.10878244879437082,0.002622739877551794,0.00033530365908518434,0.16271857917308807
NeuralLoom,mekhela_cropped_imgs/mekhela_cropped_imgs/mekhela_cropped_imgs20180828_183834.jpg/cropped_1.jpg,mekhela_cropped_imgs20180828_183834.jpg,cropped_1.jpg,mekhela_crop,,mekhela_cropped_imgs20180828_183834.jpg,crop,Mekhela,/projects/sandbox/data/NeuralLoom/mekhela_cropped_imgs/mekhela_cropped_imgs/mekhela_cropped_imgs20180828_183834.jpg/cropped_1.jpg,.jpg,24304,False,JPEG,RGB,553,553,305809,1.0,3,0,1e1616cfaa5f0e9faf1b0486327fb518,35fda76fbe98703bb793047a3e142726e7fc19711bf0c25309cf13e59b74dfa8,337b7ffdf8f8f0f0,c7c3c381d1c2a586,c083255fffbe0d02,165.31605529785156,143.98898315429688,123.98123168945312,15.729499816894531,18.489097595214844,26.363719940185547,144.42872619628906,26.701322555541992,0.070559561252594,0.08336469531059265,0.0851249098777771,0.25634923577308655,0.6482981443405151,61.12082290649414,5.051473617553711,13.618964195251465,5.269358224318973,0.0,0.0,-13.199074003309443,29.681425094604492,0.0009935355046764016,0.015597873263888888,0.9325308203697205,0.9489699602127075,2.5278897310732913,0.015597873263888888,True,0.5526772902975571,0.8783973929813648,0.44427291355843535,0.9447723436938956,3.2121631822599683,0.11356977235387872,0.0017637558048591018,0.00012529769446700811,0.15463389456272125
NeuralLoom,mekhela_cropped_imgs/mekhela_cropped_imgs/mekhela_cropped_imgs20180828_183834.jpg/cropped_2.jpg,mekhela_cropped_imgs20180828_183834.jpg,cropped_2.jpg,mekhela_crop,,mekhela_cropped_imgs20180828_183834.jpg,crop,Mekhela,/projects/sandbox/data/NeuralLoom/mekhela_cropped_imgs/mekhela_cropped_imgs/mekhela_cropped_imgs20180828_183834.jpg/cropped_2.jpg,.jpg,27673,False,JPEG,RGB,553,553,305809,1.0,3,0,7aae2dce8bfbd7ba96237e0a798a86f6,22ac9ac86ab2e2c1a892e8d3d97d708a664c320de6ed6537cd5ebee5d91fb611,f9f97f3f3f3f3f3f,5353dacde467e3e6,83f8e94f4202b6b7,153.30154418945312,127.81987762451172,110.29895782470703,29.201126098632812,30.558181762695312,28.406734466552734,130.47349548339844,34.2958984375,0.11719898879528046,0.13390132784843445,0.23402954638004303,0.2980149984359741,0.6011826992034912,55.15453338623047,7.271915912628174,13.155132293701172,5.561412746194422,0.0,0.0,-12.068966715946502,25.90643882751465,0.001523345592431724,0.028903537326388888,0.8962885737419128,0.9148305654525757,2.450745479977335,0.028903537326388888,True,0.8500411629436541,0.8425099567587528,0.4033879798501573,0.9689474424038953,3.2357670266219465,0.11087012530109028,0.0020810060668736696,6.790310726501048e-05,0.14833809435367584
NeuralLoom,mekhela_cropped_imgs/mekhela_cropped_imgs/mekhela_cropped_imgs20180828_183834.jpg/cropped_3.jpg,mekhela_cropped_imgs20180828_183834.jpg,cropped_3.jpg,mekhela_crop,,mekhela_cropped_imgs20180828_183834.jpg,crop,Mekhela,/projects/sandbox/data/NeuralLoom/mekhela_cropped_imgs/mekhela_cropped_imgs/mekhela_cropped_imgs20180828_183834.jpg/cropped_3.jpg,.jpg,28836,False,JPEG,RGB,553,553,305809,1.0,3,0,ea809f9c5b3ea9d97b91370ebd3dec40,3e9c51725abc29898776f41e8bc87b264843481c5b9797b2d69f7d88facec8ee,f1f1f1ffffc7e7e3,c525131b0f0f8f07,ea6a669697915958,149.219482421875,129.86561584472656,116.22393035888672,31.738595962524414,32.527442932128906,29.57551383972168,131.7696990966797,34.1070671081543,0.12565878033638,0.13309453427791595,0.2271905094385147,0.237887442111969,0.5851744413375854,55.36231994628906,5.26200008392334,10.077985763549805,5.977186504503748,0.0,0.0,-12.185811122336357,18.8564510345459,0.0025603678077459335,0.025851779513888888,0.8982275724411011,0.9013280868530273,2.250921341312866,0.025851779513888888,True,1.2104149543918885,0.8358796547323355,0.32108715561100487,0.9618910901558162,3.243336415853675,0.1102723194125258,0.002359914593398571,0.00014152385119814426,0.15761058032512665
